Date,EEM,EFA,GLD,IEF,LQD,SPY,TLT,UUP
2015-01-02,30.198089599609375,43.09861373901367,114.08000183105469,81.4629898071289,79.10409545898438,169.2675323486328,91.56648254394531,20.216693878173828
2015-01-05,29.660642623901367,42.08126449584961,115.80000305175781,81.95995330810547,79.4275131225586,166.21060180664062,93.00479888916016,20.258464813232422
2015-01-06,29.536020278930664,41.60460662841797,117.12000274658203,82.51054382324219,79.75101470947266,164.64508056640625,94.6805191040039,20.300233840942383
2015-01-07,30.174728393554688,42.067039489746094,116.43000030517578,82.49528503417969,79.85661315917969,166.69668579101562,94.49353790283203,20.37541961669922
2015-01-08,30.688798904418945,42.63618850708008,115.94000244140625,82.15882873535156,79.59917449951172,169.65476989746094,93.24214172363281,20.458959579467773
2015-01-09,30.58753776550293,42.429874420166016,117.26000213623047,82.56410217285156,79.8104248046875,168.29527282714844,94.26341247558594,20.367067337036133
2015-01-12,30.338289260864258,42.33026123046875,118.55999755859375,82.85468292236328,79.96227264404297,166.97689819335938,94.80272674560547,20.367067337036133
2015-01-13,30.60311508178711,42.543701171875,118.16000366210938,82.9311294555664,80.03485107421875,166.50721740722656,94.80272674560547,20.42554473876953
2015-01-14,30.431753158569336,42.422760009765625,117.97000122070312,83.31354522705078,80.17349243164062,165.50196838378906,95.52194213867188,20.383773803710938
2015-01-15,30.50186538696289,42.69309997558594,120.94000244140625,84.02466583251953,80.58939361572266,163.98590087890625,97.0250473022461,20.450605392456055
2015-01-16,30.758901596069336,43.248016357421875,122.5199966430664,83.40525817871094,80.14048767089844,166.13644409179688,95.78803253173828,20.54250144958496
2015-01-20,30.71216583251953,43.39741516113281,124.19999694824219,83.59642791748047,80.3253173828125,166.49073791503906,97.06104278564453,20.626041412353516
2015-01-21,31.38981056213379,43.73890686035156,124.2300033569336,83.19878387451172,80.29231262207031,167.33119201660156,95.9390869140625,20.567562103271484
2015-01-22,31.98956298828125,43.90253829956055,125.2300033569336,82.99236297607422,80.25270080566406,169.81956481933594,95.59387969970703,20.87666130065918
2015-01-23,31.74810791015625,43.653541564941406,124.2300033569336,83.53524017333984,80.72139739990234,168.8884735107422,96.92436218261719,21.060449600219727
2015-01-26,31.76368522644043,44.25114059448242,122.98999786376953,83.3440933227539,80.70161437988281,169.2839813232422,96.6294937133789,21.02703094482422
2015-01-27,31.592321395874023,44.315162658691406,124.4000015258789,83.45880889892578,80.76100158691406,167.05105590820312,96.78054809570312,20.826536178588867
2015-01-28,31.249605178833008,43.653541564941406,123.41999816894531,84.10115814208984,81.30895233154297,164.90875244140625,98.36279296875,20.95184898376465
2015-01-29,31.249605178833008,44.25114059448242,120.76000213623047,83.80290222167969,81.11748504638672,166.43310546875,97.71546173095703,20.96855354309082
2015-01-30,30.39281463623047,43.55393600463867,123.44999694824219,84.5370101928711,81.78422546386719,164.34017944335938,99.44872283935547,20.993614196777344
2015-02-02,30.93804168701172,44.08039093017578,122.41999816894531,84.43135070800781,81.86034393310547,166.3754119873047,99.07327270507812,20.95184898376465
2015-02-03,31.522233963012695,44.78472137451172,121.05000305175781,83.71896362304688,81.19843292236328,168.78135681152344,96.9761962890625,20.70958137512207
2015-02-04,31.36644744873047,44.41476821899414,121.58000183105469,83.85684967041016,81.31095123291016,168.13870239257812,97.14193725585938,20.834890365600586
2015-02-05,31.553377151489258,45.0265998840332,121.79000091552734,83.5504379272461,81.05274200439453,169.83609008789062,96.07536315917969,20.68451690673828
2015-02-06,31.015947341918945,44.464569091796875,118.63999938964844,82.61600494384766,80.20548248291016,169.36643981933594,94.37468719482422,20.935136795043945
2015-02-09,30.96919822692871,44.25114059448242,119.16999816894531,82.57769012451172,80.25849914550781,168.60838317871094,94.2233657836914,20.91843032836914
2015-02-10,30.89130973815918,44.656654357910156,118.47000122070312,82.37088012695312,80.04002380371094,170.4045867919922,93.4738998413086,20.943490982055664
2015-02-11,30.665433883666992,44.41476821899414,117.06999969482422,82.34024047851562,80.09300994873047,170.50350952148438,93.64683532714844,21.018680572509766
2015-02-12,31.31970977783203,45.10485076904297,117.33999633789062,82.37088012695312,80.2981948852539,172.1431427001953,93.33699798583984,20.81818389892578
2015-02-13,31.67800521850586,45.40365982055664,117.9800033569336,82.09517669677734,79.9804916381836,172.85182189941406,92.3785171508789,20.809829711914062
2015-02-17,31.6079044342041,45.510372161865234,116.01000213623047,81.5130386352539,79.60979461669922,173.12364196777344,90.9876937866211,20.784767150878906
2015-02-18,31.600116729736328,45.780723571777344,116.33999633789062,81.90364074707031,79.8944320678711,173.14016723632812,91.52812957763672,20.79311752319336
2015-02-19,31.46770477294922,45.83763885498047,115.94000244140625,81.6968765258789,79.88117980957031,173.01657104492188,90.92282104492188,20.868305206298828
2015-02-20,31.67800521850586,46.264488220214844,115.27999877929688,81.65087890625,80.00032043457031,174.05482482910156,91.18946838378906,20.85159683227539
2015-02-23,31.3586483001709,46.100868225097656,115.43000030517578,82.02618408203125,80.27165222167969,174.0300750732422,92.23441314697266,20.910076141357422
2015-02-24,31.810420989990234,46.38543701171875,115.26000213623047,82.57003784179688,80.79462432861328,174.5244140625,93.44507598876953,20.868305206298828
2015-02-25,31.74810791015625,46.4210090637207,115.69999694824219,82.64668273925781,80.86746215820312,174.3761444091797,93.84867858886719,20.826536178588867
2015-02-26,31.755887985229492,46.29294967651367,116.06999969482422,82.15640258789062,80.43058013916016,174.1701202392578,92.56584930419922,21.04374122619629
2015-02-27,31.732534408569336,46.314292907714844,116.16000366210938,82.44747161865234,80.62248992919922,173.57684326171875,93.34419250488281,21.052093505859375
2015-03-02,31.685800552368164,46.38543701171875,115.68000030517578,81.8337631225586,79.92365264892578,174.6727752685547,91.6054916381836,21.0938663482666
2015-03-03,31.444332122802734,46.100868225097656,115.47000122070312,81.65733337402344,79.87720489501953,173.9559326171875,91.27336883544922,21.08551025390625
2015-03-04,31.10161590576172,45.9158935546875,115.11000061035156,81.71864318847656,79.8240966796875,173.22256469726562,91.30225372314453,21.19411277770996
2015-03-05,31.054880142211914,46.022605895996094,115.0,81.76469421386719,79.9302978515625,173.412109375,91.18672180175781,21.294363021850586
2015-03-06,30.579755783081055,45.39655303955078,111.86000061035156,80.92851257324219,79.08072662353516,170.9730987548828,89.1722640991211,21.553333282470703
2015-03-09,30.462921142578125,45.46768569946289,111.97000122070312,81.30440521240234,79.39929962158203,171.68174743652344,89.9953384399414,21.553333282470703
2015-03-10,29.785263061523438,44.47879409790039,111.41999816894531,81.6496353149414,79.52540588378906,168.89674377441406,91.17947387695312,21.778892517089844
2015-03-11,30.011152267456055,44.592628479003906,110.75,81.79540252685547,79.9302978515625,168.50123596191406,91.8437728881836,22.021160125732422
2015-03-12,30.198089599609375,45.14754867553711,110.72000122070312,81.8720932006836,79.8506851196289,170.64356994628906,91.77875518798828,21.90420150756836
2015-03-13,29.83200454711914,44.88431167602539,110.87999725341797,81.74937438964844,79.62496948242188,169.59707641601562,91.49720764160156,22.1297607421875
2015-03-16,30.190303802490234,45.389427185058594,110.80999755859375,82.0332260131836,79.70460510253906,171.86305236816406,92.37810516357422,21.962682723999023
2015-03-17,30.540807723999023,45.275596618652344,110.20999908447266,82.20198059082031,79.83734130859375,171.3521728515625,93.14344024658203,21.97103500366211
2015-03-18,31.288549423217773,46.24314880371094,112.37000274658203,83.14562225341797,80.81965637207031,173.412109375,94.94136810302734,21.53662872314453
2015-03-19,30.758901596069336,45.702457427978516,112.29000091552734,82.75437927246094,80.40815734863281,172.62109375,94.45756530761719,21.8624324798584
2015-03-20,31.218454360961914,46.71270751953125,113.56999969482422,83.09192657470703,80.6338119506836,174.14479064941406,94.95579528808594,21.570043563842773
2015-03-23,31.311922073364258,46.947471618652344,114.29000091552734,83.19931030273438,80.81965637207031,173.80538940429688,94.84024047851562,21.336132049560547
2015-03-24,31.436548233032227,46.847862243652344,114.56999969482422,83.4524917602539,80.93914794921875,172.8288116455078,95.75727081298828,21.402963638305664
2015-03-25,30.93804168701172,46.6273193359375,114.7300033569336,83.09192657470703,80.67363739013672,170.2961883544922,94.94857788085938,21.344484329223633
2015-03-26,30.64985466003418,46.22180938720703,115.4800033569336,82.62394714355469,80.17587280273438,169.89064025878906,93.46835327148438,21.4196720123291
2015-03-27,30.735532760620117,46.342750549316406,115.05999755859375,82.94615936279297,80.49443817138672,170.27967834472656,94.63087463378906,21.436378479003906
2015-03-30,31.327499389648438,46.37120819091797,113.75,82.9384536743164,80.6338119506836,172.3570556640625,94.1615219116211,21.603458404541016
2015-03-31,31.257396697998047,45.65266418457031,113.66000366210938,83.15328216552734,80.77983093261719,170.85073852539062,94.36372375488281,21.63687515258789
2015-04-01,31.6468505859375,45.97991943359375,115.5999984741211,83.54899597167969,81.01213073730469,170.24652099609375,95.60316467285156,21.64522933959961
2015-04-02,32.12199020385742,46.37833023071289,115.27999877929688,83.3108139038086,80.87898254394531,170.8590087890625,94.5902099609375,21.478151321411133
2015-04-06,32.5347900390625,46.847862243652344,116.69000244140625,83.41837310791016,80.98548889160156,172.00949096679688,94.0620346069336,21.311065673828125
2015-04-07,32.37122344970703,46.78384017944336,116.11000061035156,83.48753356933594,81.27832794189453,171.55422973632812,94.85062408447266,21.553333282470703
2015-04-08,33.04888153076172,46.9830436706543,115.47000122070312,83.41067504882812,81.25164794921875,172.13360595703125,94.87957763671875,21.58675193786621
2015-04-09,33.37601089477539,47.04706573486328,114.66999816894531,83.07257843017578,80.83906555175781,172.89501953125,93.64956665039062,21.81231117248535
2015-04-10,33.399383544921875,47.139556884765625,115.97000122070312,83.0495376586914,80.95218658447266,173.83853149414062,93.7870101928711,21.8624324798584
2015-04-13,33.20465850830078,46.840755462646484,115.13999938964844,83.2185287475586,80.92559051513672,173.05230712890625,93.91728210449219,21.89584732055664
2015-04-14,33.35264587402344,47.18936538696289,114.44000244140625,83.4644775390625,81.1119155883789,173.38330078125,94.58293151855469,21.728769302368164
2015-04-15,33.5863151550293,47.40278244018555,115.43000030517578,83.51058959960938,81.1651840209961,174.16128540039062,94.50331115722656,21.628520965576172
2015-04-16,33.85114669799805,47.53084945678711,115.02999877929688,83.57206726074219,81.11856842041016,174.11167907714844,94.03303527832031,21.461442947387695
2015-04-17,33.259185791015625,46.93324279785156,115.5999984741211,83.74110412597656,81.33818817138672,172.1087646484375,95.1111068725586,21.411317825317383
2015-04-20,33.22802734375,46.9830436706543,114.72000122070312,83.58745574951172,81.14520263671875,173.68130493164062,94.27182006835938,21.53662872314453
2015-04-21,33.422752380371094,47.40278244018555,115.37999725341797,83.41067504882812,81.125244140625,173.47438049316406,93.84490203857422,21.561687469482422
2015-04-22,33.78105163574219,47.495262145996094,113.83000183105469,82.92662048339844,80.59947967529297,174.32687377929688,92.41228485107422,21.561687469482422
2015-04-23,34.030303955078125,47.673133850097656,114.66000366210938,83.18017578125,80.80580139160156,174.76551818847656,92.81023406982422,21.402963638305664
2015-04-24,34.15492248535156,47.95059585571289,113.05000305175781,83.47216033935547,80.95882415771484,175.1710662841797,93.38910675048828,21.31942367553711
2015-04-27,34.28733444213867,48.18537139892578,115.33000183105469,83.34156036376953,80.89894104003906,174.4427032470703,93.38910675048828,21.252592086791992
2015-04-28,34.34185028076172,48.24227523803711,116.33000183105469,82.95728302001953,80.4197998046875,174.9972686767578,92.10115814208984,21.118927001953125
2015-04-29,33.913455963134766,47.8225212097168,115.51000213623047,82.64997100830078,79.75432586669922,174.2771453857422,90.97244262695312,20.935136795043945
2015-04-30,33.399383544921875,47.317413330078125,113.47000122070312,82.626953125,79.82085418701172,172.53082275390625,91.131591796875,20.809829711914062
2015-05-01,33.601898193359375,47.8438720703125,113.08000183105469,82.17520141601562,79.38037109375,174.40138244628906,89.90486145019531,20.910076141357422
2015-05-04,33.79661560058594,47.7940788269043,114.0999984741211,82.00585174560547,79.12682342529297,174.89794921875,89.05653381347656,20.96855354309082
2015-05-05,33.430538177490234,47.0826416015625,114.41999816894531,81.86737823486328,78.99332427978516,172.89501953125,88.93329620361328,20.910076141357422
2015-05-06,33.01771926879883,47.203582763671875,114.36000061035156,81.46717834472656,78.65298461914062,172.18321228027344,87.4106674194336,20.67616081237793
2015-05-07,32.97098922729492,47.04706573486328,113.41999816894531,81.81348419189453,78.9666519165039,172.87017822265625,88.58522033691406,20.784767150878906
2015-05-08,33.39159393310547,48.135562896728516,113.97000122070312,82.12897491455078,79.42042541503906,175.14617919921875,88.82453918457031,20.809829711914062
2015-05-11,33.07223892211914,47.715816497802734,113.52999877929688,81.32093048095703,78.61962890625,174.31027221679688,86.66388702392578,20.87666130065918
2015-05-12,32.963199615478516,47.6873664855957,114.5,81.38253021240234,78.50618743896484,173.7888946533203,86.88870239257812,20.75970458984375
2015-05-13,33.025508880615234,48.0430793762207,116.55000305175781,81.2747573852539,78.43276977539062,173.82199096679688,86.19258880615234,20.57591438293457
2015-05-14,33.35264587402344,48.61933898925781,117.18000030517578,81.55179595947266,78.69977569580078,175.634521484375,86.42460632324219,20.509082794189453
2015-05-15,33.609683990478516,48.676246643066406,117.52999877929688,82.13672637939453,79.24691772460938,175.82489013671875,88.157470703125,20.47566795349121
2015-05-18,33.266971588134766,48.51262664794922,117.5199966430664,81.5826187133789,78.63964080810547,176.37110900878906,86.67839813232422,20.67616081237793
2015-05-19,33.32149124145508,48.32764434814453,115.88999938964844,81.22088623046875,78.21922302246094,176.31321716308594,85.90985870361328,20.91843032836914
2015-05-20,33.298126220703125,48.420143127441406,116.08000183105469,81.39788055419922,78.31262969970703,176.1890869140625,86.0548324584961,20.960201263427734
2015-05-21,33.18128204345703,48.676246643066406,115.69000244140625,81.88278198242188,78.68632507324219,176.70225524902344,87.25843811035156,20.926786422729492
2015-05-22,33.29033279418945,48.363216400146484,115.5999984741211,81.69803619384766,78.63296508789062,176.2801055908203,87.294677734375,21.118927001953125
2015-05-26,32.76068878173828,47.495262145996094,113.91000366210938,82.20594787597656,78.97996520996094,174.38479614257812,88.78826141357422,21.35283851623535
2015-05-27,32.768470764160156,47.957706451416016,113.88999938964844,82.15975189208984,79.06005096435547,176.0400390625,88.99125671386719,21.361194610595703
2015-05-28,32.34007263183594,47.87233352661133,114.0199966430664,82.23674774169922,78.89319610595703,175.8413848876953,88.77378845214844,21.302715301513672
2015-05-29,32.02851486206055,47.40990447998047,114.0999984741211,82.28292083740234,78.92659759521484,174.74891662597656,88.96955108642578,21.269296646118164
2015-06-01,31.903881072998047,47.28184509277344,114.0,81.91985321044922,78.48426818847656,175.10482788085938,88.0133285522461,21.394611358642578
2015-06-02,32.02851486206055,47.502384185791016,114.45999908447266,81.34947967529297,78.08273315429688,174.9310302734375,86.78535461425781,21.068803787231445
2015-06-03,31.864948272705078,47.765621185302734,113.63999938964844,80.6557846069336,77.58082580566406,175.39453125,85.39025115966797,20.926786422729492
2015-06-04,31.382030487060547,47.25338363647461,112.83999633789062,81.0488510131836,77.98234558105469,173.91302490234375,86.50199127197266,20.95184898376465
2015-06-05,31.241819381713867,46.69135284423828,112.23999786376953,80.46310424804688,77.58750915527344,173.6150665283203,85.44839477539062,21.135639190673828
2015-06-08,31.234020233154297,46.6273193359375,112.56999969482422,80.5787353515625,77.53395080566406,172.5474090576172,85.35396575927734,20.893369674682617
2015-06-09,31.047094345092773,46.37120819091797,112.81999969482422,80.31663513183594,77.18600463867188,172.5225830078125,84.67822265625,20.868305206298828
2015-06-10,31.49886131286621,47.34587097167969,113.77999877929688,80.00828552246094,76.97853088378906,174.59169006347656,83.93704986572266,20.7513484954834
2015-06-11,31.34307289123535,47.47392272949219,113.26000213623047,80.64038848876953,77.66118621826172,175.15452575683594,85.70272827148438,20.809829711914062
2015-06-12,31.34307289123535,47.09687423706055,113.2300033569336,80.59414672851562,77.52726745605469,173.8136749267578,85.70272827148438,20.79311752319336
2015-06-15,30.99256706237793,46.81230163574219,113.7300033569336,80.78688049316406,77.5138931274414,173.06881713867188,85.84078979492188,20.77641487121582
2015-06-16,31.00035858154297,46.798072814941406,113.31999969482422,81.09512329101562,77.70799255371094,174.0123291015625,86.51652526855469,20.81818389892578
2015-06-17,31.18729591369629,46.69135284423828,113.8499984741211,81.141357421875,77.70128631591797,174.29371643066406,85.84803009033203,20.634395599365234
2015-06-18,31.475492477416992,47.11110305786133,115.31999969482422,81.07968139648438,77.5607681274414,176.10629272460938,85.42659759521484,20.567562103271484
2015-06-19,31.202882766723633,46.99726486206055,115.12000274658203,81.5113754272461,77.97565460205078,175.3245086669922,86.52375793457031,20.617687225341797
2015-06-22,31.654638290405273,47.886566162109375,113.63999938964844,80.82533264160156,77.35997772216797,176.2227020263672,84.75810241699219,20.65945816040039
2015-06-23,31.966203689575195,48.01461410522461,112.88999938964844,80.5787353515625,77.18600463867188,176.3474578857422,84.24949645996094,20.90172576904297
2015-06-24,31.74032211303711,47.60198974609375,112.58999633789062,80.81764221191406,77.40016174316406,175.06668090820312,84.97611236572266,20.859952926635742
2015-06-25,31.631248474121094,47.58100509643555,112.44000244140625,80.6171875,77.27299499511719,174.53443908691406,84.67822265625,20.826536178588867
2015-06-26,31.333059310913086,47.55930709838867,112.55999755859375,80.23185729980469,76.9183349609375,174.5011749267578,83.72643280029297,20.8850154876709
2015-06-29,30.63468360900879,46.09794235229492,113.06999969482422,81.16447448730469,77.58750915527344,170.84176635742188,85.94248962402344,20.7680606842041
2015-06-30,31.089799880981445,45.931549072265625,112.37000274658203,80.94095611572266,77.44029998779297,171.199462890625,85.34671783447266,20.910076141357422
2015-07-01,31.066268920898438,46.228172302246094,111.9800033569336,80.51791381835938,77.19196319580078,172.5717010498047,84.19467163085938,21.07715606689453
2015-07-02,31.21535301208496,46.28603744506836,111.76000213623047,80.80355072021484,77.4872817993164,172.41366577148438,84.47140502929688,21.02703094482422
2015-07-06,30.34432601928711,45.352787017822266,112.05999755859375,81.37483215332031,77.79600524902344,171.92294311523438,86.0369873046875,21.068803787231445
2015-07-07,29.889217376708984,45.36727523803711,110.76000213623047,81.59098815917969,78.11815643310547,173.0041046142578,86.84530639648438,21.135639190673828
2015-07-08,28.861249923706055,44.31102752685547,111.08999633789062,81.91519165039062,78.22550964355469,170.10159301757812,87.59539031982422,21.052093505859375
2015-07-09,29.418392181396484,45.041709899902344,111.36000061035156,81.34392547607422,77.70875549316406,170.40933227539062,85.86953735351562,21.118927001953125
2015-07-10,30.163860321044922,46.517539978027344,111.48999786376953,80.7803955078125,77.21212005615234,172.5550079345703,84.5078353881836,20.96855354309082
2015-07-13,30.367883682250977,46.69116973876953,110.98999786376953,80.56422424316406,77.04435729980469,174.45960998535156,84.2456283569336,21.177406311035156
2015-07-14,30.422801971435547,47.08182907104492,110.73999786376953,80.81902313232422,77.11146545410156,175.2163848876953,84.5223388671875,21.143985748291016
2015-07-15,30.077545166015625,46.908206939697266,110.16000366210938,81.12779998779297,77.31278991699219,175.158203125,85.41804504394531,21.23587989807129
2015-07-16,30.45419692993164,47.313331604003906,109.76000213623047,81.09693145751953,77.43357849121094,176.56370544433594,86.00785827636719,21.35283851623535
2015-07-17,30.414953231811523,47.23375701904297,108.6500015258789,81.1046142578125,77.4872817993164,176.71334838867188,86.45207977294922,21.402963638305664
2015-07-20,30.218788146972656,47.35673522949219,105.69999694824219,80.9425048828125,77.30608367919922,176.8048858642578,86.08800506591797,21.411317825317383
2015-07-21,30.226633071899414,47.21928024291992,105.37000274658203,81.16637420654297,77.46713256835938,176.1062774658203,86.55402374267578,21.260944366455078
2015-07-22,29.795045852661133,46.8575553894043,104.80000305175781,81.26673889160156,77.56778717041016,175.79022216796875,87.09291076660156,21.311065673828125
2015-07-23,29.50471305847168,46.734580993652344,104.33000183105469,81.59871673583984,77.79600524902344,174.80056762695312,88.17791748046875,21.227527618408203
2015-07-24,29.080970764160156,46.22092819213867,105.3499984741211,81.67587280273438,77.76241302490234,172.98751831054688,88.39640045166016,21.260944366455078
2015-07-27,28.53168296813965,45.88090515136719,104.86000061035156,81.94609832763672,77.76911926269531,171.98118591308594,88.86970520019531,21.0938663482666
2015-07-28,28.822021484375,46.45966720581055,105.0199966430664,81.71452331542969,77.70875549316406,174.0936279296875,88.22163391113281,21.110572814941406
2015-07-29,29.104509353637695,46.62605667114258,105.16999816894531,81.59871673583984,77.64163970947266,175.29124450683594,87.8939208984375,21.227527618408203
2015-07-30,28.814172744750977,46.58988952636719,104.2699966430664,81.69135284423828,77.68191528320312,175.3328399658203,88.57112884521484,21.311065673828125
2015-07-31,29.1280517578125,46.86479949951172,104.93000030517578,82.16998291015625,78.08460235595703,175.06668090820312,89.2265396118164,21.244239807128906
2015-08-03,28.64153480529785,46.74180603027344,104.0999984741211,82.42048645019531,78.26632690429688,174.47622680664062,90.1657485961914,21.294363021850586
2015-08-04,28.74355125427246,46.777992248535156,104.30999755859375,81.99522399902344,77.86922454833984,174.1352081298828,89.45057678222656,21.402963638305664
2015-08-05,28.75139617919922,47.02395248413086,103.93000030517578,81.67821502685547,77.56636047363281,174.70909118652344,88.77918243408203,21.394611358642578
2015-08-06,28.50029182434082,46.82862091064453,104.38999938964844,81.96431732177734,77.71440124511719,173.27865600585938,89.56736755371094,21.35283851623535
2015-08-07,28.48459815979004,46.74180603027344,104.6500015258789,82.28902435302734,77.98362731933594,172.94590759277344,90.7422866821289,21.31942367553711
2015-08-10,28.963268280029297,47.313331604003906,105.72000122070312,81.94888305664062,77.67400360107422,175.12489318847656,89.6184310913086,21.219175338745117
2015-08-11,28.327655792236328,46.58988952636719,106.26000213623047,82.49007415771484,77.99706268310547,173.5447235107422,91.04157257080078,21.219175338745117
2015-08-12,27.888221740722656,46.25710678100586,107.75,82.45912170410156,77.87593078613281,173.75265502929688,90.54525756835938,20.993614196777344
2015-08-13,27.84114646911621,46.228172302246094,106.86000061035156,82.2426528930664,77.60671997070312,173.53639221191406,90.25334167480469,21.02703094482422
2015-08-14,27.8803768157959,46.300506591796875,106.8499984741211,82.15760040283203,77.68074798583984,174.16848754882812,90.46497344970703,21.08551025390625
2015-08-17,27.5743465423584,46.21369934082031,107.12999725341797,82.30445861816406,77.92974853515625,175.1415557861328,90.87371063232422,21.118927001953125
2015-08-18,27.27615737915039,45.86643981933594,107.11000061035156,82.173095703125,77.63363647460938,174.6342010498047,90.1584701538086,21.169052124023438
2015-08-19,26.938737869262695,45.4613151550293,108.55000305175781,82.67560577392578,78.01056671142578,173.25367736816406,91.04883575439453,21.03538703918457
2015-08-20,26.514997482299805,44.36166763305664,110.44000244140625,82.89982604980469,78.05767822265625,169.63589477539062,91.96836853027344,20.91843032836914
2015-08-21,25.698915481567383,43.348854064941406,111.12999725341797,83.23226165771484,78.07782745361328,164.52943420410156,92.2457275390625,20.717933654785156
2015-08-24,24.576793670654297,41.851318359375,110.52999877929688,83.3714828491211,77.86247253417969,157.60159301757812,92.21651458740234,20.37541961669922
2015-08-25,24.890674591064453,42.24921798706055,109.16000366210938,82.91531372070312,77.46539306640625,155.74696350097656,90.73502349853516,20.517436981201172
2015-08-26,25.7146053314209,43.247562408447266,107.66999816894531,82.40502166748047,77.41826629638672,161.72674560546875,88.98350524902344,20.7680606842041
2015-08-27,26.8524227142334,43.77568054199219,107.7300033569336,82.35861206054688,77.49236297607422,165.7270050048828,89.03462982177734,20.90172576904297
2015-08-28,26.507156372070312,43.710567474365234,108.69999694824219,82.37410736083984,77.63363647460938,165.7353515625,89.2973403930664,20.96855354309082
2015-08-31,26.55423355102539,43.38502883911133,108.81999969482422,82.23489379882812,77.43843841552734,164.39634704589844,88.6113510131836,20.935136795043945
2015-09-01,25.526281356811523,41.93090057373047,109.19999694824219,82.60431671142578,77.90758514404297,159.48953247070312,89.24980926513672,20.809829711914062
2015-09-02,25.89508628845215,42.553062438964844,108.62000274658203,82.37973022460938,77.79281616210938,162.5167999267578,88.48186492919922,20.91843032836914
2015-09-03,25.99710464477539,42.65434646606445,107.83999633789062,82.58109283447266,78.16411590576172,162.63319396972656,88.91339874267578,21.018680572509766
2015-09-04,25.220243453979492,41.67768859863281,107.48999786376953,82.83660888671875,78.3395767211914,160.17149353027344,89.72520446777344,20.993614196777344
2015-09-08,26.02064323425293,42.90031051635742,107.5199966430664,82.47267150878906,77.9750747680664,164.19679260253906,88.40144348144531,20.91843032836914
2015-09-09,25.887250900268555,42.726680755615234,106.12999725341797,82.5036392211914,78.14383697509766,162.0011749267578,88.82559204101562,20.91843032836914
2015-09-10,26.154041290283203,43.008827209472656,106.37999725341797,82.3177490234375,77.98861694335938,162.88270568847656,88.22588348388672,20.834890365600586
2015-09-11,26.256052017211914,43.001590728759766,106.16000366210938,82.53457641601562,78.0425796508789,163.62290954589844,88.78170013427734,20.742998123168945
2015-09-14,26.216815948486328,42.67604446411133,106.22000122070312,82.61201477050781,78.03583526611328,163.0157470703125,88.92071533203125,20.7513484954834
2015-09-15,26.467924118041992,42.96541976928711,105.9000015258789,81.96153259277344,77.44857788085938,165.0534210205078,87.21659851074219,20.834890365600586
2015-09-16,27.111366271972656,43.623756408691406,107.30999755859375,81.93833923339844,77.59033966064453,166.4838409423828,86.88745880126953,20.77641487121582
2015-09-17,27.048593521118164,43.64547348022461,108.41000366210938,82.61980438232422,78.2315902709961,166.10958862304688,87.94795227050781,20.559207916259766
2015-09-18,26.5463924407959,42.553062438964844,109.20999908447266,83.00700378417969,78.46784210205078,163.3951416015625,89.30101776123047,20.7680606842041
2015-09-21,26.49930763244629,42.531349182128906,108.52999877929688,82.53457641601562,78.06957244873047,164.23944091796875,87.84559631347656,20.893369674682617
2015-09-22,26.00493812561035,41.51853942871094,107.79000091552734,82.94505310058594,78.40708923339844,162.10769653320312,89.0669937133789,20.98526382446289
2015-09-23,25.589059829711914,41.32320785522461,108.22000122070312,82.85208892822266,78.35980987548828,161.8485565185547,89.05970764160156,20.98526382446289
2015-09-24,25.479198455810547,41.20745086669922,110.48999786376953,82.97602844238281,78.37334442138672,161.2633514404297,89.6667251586914,20.91843032836914
2015-09-25,25.42426872253418,41.56916427612305,109.80999755859375,82.75916290283203,78.1371078491211,161.22152709960938,88.89144897460938,20.95184898376465
2015-09-28,24.88282585144043,40.751678466796875,108.41999816894531,83.23155212402344,78.27208709716797,157.17532348632812,90.4127197265625,20.926786422729492
2015-09-29,25.000532150268555,40.69380569458008,107.9800033569336,83.51810455322266,78.37334442138672,157.26727294921875,90.66868591308594,20.893369674682617
2015-09-30,25.72245216369629,41.467891693115234,106.86000061035156,83.53356170654297,78.35980987548828,160.20167541503906,90.35420227050781,20.96855354309082
2015-10-01,25.86370277404785,41.59811019897461,106.7300033569336,83.59870147705078,78.34223175048828,160.61956787109375,90.73971557617188,20.960201263427734
2015-10-02,26.55423355102539,42.307090759277344,108.98999786376953,84.00201416015625,78.68746185302734,163.01893615722656,91.28938293457031,20.910076141357422
2015-10-05,27.127071380615234,43.14628982543945,108.7699966430664,83.53667449951172,78.47761535644531,165.91978454589844,90.05076599121094,20.91843032836914
2015-10-06,27.079988479614258,43.19692611694336,109.86000061035156,83.7072525024414,78.6333236694336,165.35140991210938,90.43924713134766,20.77641487121582
2015-10-07,27.801910400390625,43.73950958251953,109.69999694824219,83.49789428710938,78.91089630126953,166.70567321777344,90.13874053955078,20.80147361755371
2015-10-08,28.100099563598633,44.08676528930664,109.13999938964844,83.28074645996094,78.5994644165039,168.21044921875,89.38383483886719,20.7513484954834
2015-10-09,28.202104568481445,44.16634750366211,110.87000274658203,83.32730865478516,78.6333236694336,168.3107452392578,89.618408203125,20.65110206604004
2015-10-12,27.990238189697266,44.079532623291016,111.30999755859375,83.60646057128906,78.95144653320312,168.46957397460938,90.29996490478516,20.634395599365234
2015-10-13,27.535112380981445,43.52248001098633,111.86000061035156,83.68402862548828,78.89057922363281,167.40786743164062,90.45388793945312,20.60097885131836
2015-10-14,27.746980667114258,43.60929489135742,113.80999755859375,84.14157104492188,79.20193481445312,166.60533142089844,91.24542236328125,20.42554473876953
2015-10-15,28.42181968688965,44.35443115234375,113.29000091552734,83.85465240478516,79.16807556152344,169.16348266601562,90.79834747314453,20.559207916259766
2015-10-16,28.445362091064453,44.31827163696289,112.48999786376953,83.78486633300781,79.19514465332031,169.9325714111328,90.82762145996094,20.592622756958008
2015-10-19,28.155029296875,44.16634750366211,112.0199966430664,83.7460708618164,79.18843078613281,170.01612854003906,90.5784912109375,20.65110206604004
2015-10-20,28.14717674255371,43.985477447509766,112.7300033569336,83.4591293334961,79.03949737548828,169.7988739013672,90.021484375,20.634395599365234
2015-10-21,27.739133834838867,43.963775634765625,111.7300033569336,83.7460708618164,79.43209838867188,168.74549865722656,90.91560363769531,20.65945816040039
2015-10-22,28.311967849731445,44.455711364746094,111.69000244140625,83.83137512207031,79.60133361816406,171.59622192382812,91.06954193115234,20.960201263427734
2015-10-23,28.476755142211914,44.89702224731445,111.5,83.35831451416016,79.31023406982422,173.4771728515625,90.29259490966797,21.135639190673828
2015-10-26,28.217798233032227,44.73063278198242,111.43000030517578,83.5754623413086,79.4524154663086,173.0508270263672,90.89361572265625,21.068803787231445
2015-10-27,27.896068572998047,44.3399772644043,111.68000030517578,83.78486633300781,79.47271728515625,172.71641540527344,91.12081909179688,21.08551025390625
2015-10-28,27.5743465423584,44.62934875488281,110.77999877929688,83.35050964355469,79.16130065917969,174.68101501464844,90.75436401367188,21.260944366455078
2015-10-29,27.315393447875977,44.30380630493164,109.72000122070312,82.8386459350586,78.60626220703125,174.58078002929688,89.3105697631836,21.169052124023438
2015-10-30,27.36248016357422,44.20975875854492,109.30000305175781,83.00157928466797,78.80929565429688,173.82833862304688,89.98477935791016,21.0938663482666
2015-11-02,27.90392303466797,44.62934875488281,108.58999633789062,82.76310729980469,78.47055053710938,175.88487243652344,89.57133483886719,21.07715606689453
2015-11-03,28.27272605895996,44.6148796081543,106.9800033569336,82.54557800292969,78.47733306884766,176.39480590820312,88.83679962158203,21.135639190673828
2015-11-04,28.0451717376709,44.36891555786133,105.97000122070312,82.4601821899414,78.38908386230469,175.85984802246094,88.93964385986328,21.311065673828125
2015-11-05,28.092248916625977,44.289329528808594,105.63999938964844,82.40574645996094,78.40946197509766,175.6842498779297,88.70462036132812,21.327777862548828
2015-11-06,27.699901580810547,44.08676528930664,104.0999984741211,81.84649658203125,77.90028381347656,175.59225463867188,87.40454864501953,21.578397750854492
2015-11-09,27.009363174438477,43.6309928894043,104.4000015258789,81.7066879272461,77.77135467529297,173.95370483398438,86.91242218017578,21.53662872314453
2015-11-10,26.89165687561035,43.602054595947266,104.18000030517578,81.8620376586914,77.96818542480469,174.35499572753906,87.16948699951172,21.59510612487793
2015-11-11,26.94658851623535,43.826324462890625,103.83000183105469,81.82315063476562,77.9614028930664,173.6695098876953,86.98587799072266,21.53662872314453
2015-11-12,26.687631607055664,43.254798889160156,103.8499984741211,81.86982727050781,77.93423461914062,171.24505615234375,87.40454864501953,21.444732666015625
2015-11-13,26.31882667541504,42.893089294433594,103.55999755859375,82.18046569824219,78.16505432128906,169.3223419189453,87.90404510498047,21.51991844177246
2015-11-16,26.82887840270996,43.4356575012207,103.70999908447266,82.28919982910156,78.17864227294922,171.897216796875,87.82318878173828,21.63687515258789
2015-11-17,26.75041389465332,43.55141067504883,102.33999633789062,82.26593017578125,78.26011657714844,171.7717742919922,87.9700698852539,21.670291900634766
2015-11-18,27.04075050354004,43.94930648803711,102.43000030517578,82.22712707519531,78.28047943115234,174.4971160888672,88.15371704101562,21.670291900634766
2015-11-19,27.28400993347168,44.173580169677734,103.55999755859375,82.40574645996094,78.51129150390625,174.3466033935547,88.74132537841797,21.51991844177246
2015-11-20,27.55865478515625,44.072296142578125,103.08999633789062,82.29706573486328,78.49771881103516,174.9820098876953,88.46958923339844,21.670291900634766
2015-11-23,27.299701690673828,43.797386169433594,102.26000213623047,82.40574645996094,78.52485656738281,174.78131103515625,88.74132537841797,21.703706741333008
2015-11-24,27.440948486328125,43.80461502075195,102.94000244140625,82.48342895507812,78.55204010009766,175.0154571533203,88.73396301269531,21.66193389892578
2015-11-25,27.229084014892578,43.90590286254883,102.45999908447266,82.5300521850586,78.62667846679688,174.99037170410156,88.93964385986328,21.703706741333008
2015-11-27,26.632709503173828,43.91313552856445,101.25,82.61549377441406,78.65386199951172,175.1910400390625,88.85150909423828,21.737125396728516
2015-11-30,26.671939849853516,43.8769645690918,101.91999816894531,82.64655303955078,78.68778991699219,174.4636993408203,89.20407104492188,21.78724479675293
2015-12-01,26.875961303710938,44.3399772644043,102.27999877929688,83.08607482910156,79.27940368652344,176.1273651123047,90.40898132324219,21.687000274658203
2015-12-02,26.55423355102539,43.8697395324707,100.69000244140625,82.85269927978516,79.08875274658203,174.3299560546875,90.43840026855469,21.737125396728516
2015-12-03,26.40514373779297,43.659934997558594,101.76000213623047,81.98138427734375,78.04036712646484,171.88882446289062,87.98001098632812,21.219175338745117
2015-12-04,26.585628509521484,44.01441955566406,104.0199966430664,82.28480529785156,78.46244812011719,175.24114990234375,88.75287628173828,21.369544982910156
2015-12-07,26.146194458007812,43.732276916503906,102.66999816894531,82.5492935180664,78.5986099243164,174.1794891357422,89.6140365600586,21.436378479003906
2015-12-08,25.85585594177246,43.08841323852539,102.83999633789062,82.59600067138672,78.49652862548828,173.00909423828125,89.6581802368164,21.369544982910156
2015-12-09,25.643985748291016,42.893089294433594,102.63999938964844,82.72047424316406,78.47605895996094,171.66310119628906,89.56250762939453,21.143985748291016
2015-12-10,25.47134780883789,42.90031051635742,102.55000305175781,82.5415267944336,78.29229736328125,172.10617065429688,89.68028259277344,21.260944366455078
2015-12-11,24.757274627685547,42.08282470703125,103.11000061035156,83.20281219482422,78.42838287353516,168.7705535888672,91.0935287475586,21.177406311035156
2015-12-14,25.157472610473633,42.14793014526367,101.79000091552734,82.58820343017578,77.84972381591797,169.62327575683594,89.91582489013672,21.219175338745117
2015-12-15,25.541976928710938,42.357730865478516,101.5199966430664,82.37816619873047,77.85653686523438,171.40396118164062,89.3858871459961,21.336132049560547
2015-12-16,26.04418182373047,43.21139907836914,102.75,82.16032409667969,77.84291076660156,173.91197204589844,89.19449615478516,21.336132049560547
2015-12-17,25.706756591796875,42.66157531738281,100.5,82.50260925292969,77.93143463134766,171.26185607910156,90.2028579711914,21.53662872314453
2015-12-18,25.62044334411621,42.213043212890625,102.04000091552734,82.79824829101562,77.93143463134766,168.21080017089844,90.70335388183594,21.411317825317383
2015-12-21,25.820472717285156,42.408626556396484,103.1500015258789,82.8371810913086,77.98590087890625,169.59840393066406,90.68135833740234,21.336132049560547
2015-12-22,26.027677536010742,42.72974395751953,102.61000061035156,82.60375213623047,77.88379669189453,171.13734436035156,90.02625274658203,21.302715301513672
2015-12-23,26.39426040649414,43.44493865966797,102.30999755859375,82.41703033447266,77.95183563232422,173.25660705566406,89.34906768798828,21.336132049560547
2015-12-24,26.298627853393555,43.3719596862793,103.05000305175781,82.5682373046875,78.20584106445312,172.97071838378906,89.86093139648438,21.2860050201416
2015-12-28,26.11533546447754,43.26979446411133,102.2699966430664,82.58377075195312,78.11026000976562,172.57542419433594,90.1264877319336,21.260944366455078
2015-12-29,26.139244079589844,43.70036315917969,102.19999694824219,82.14744567871094,77.70742797851562,174.41714477539062,88.62918090820312,21.31942367553711
2015-12-30,25.732807159423828,43.43764877319336,101.41999816894531,82.1786117553711,77.70742797851562,173.180908203125,88.54065704345703,21.31942367553711
2015-12-31,25.653121948242188,42.85380554199219,101.45999908447266,82.27210235595703,77.83719635009766,171.44851684570312,88.93897247314453,21.428024291992188
2016-01-04,24.95182228088379,42.196990966796875,102.88999938964844,82.6227798461914,77.79621887207031,169.0518035888672,89.58070373535156,21.461442947387695
2016-01-05,25.007610321044922,42.13129425048828,103.18000030517578,82.59937286376953,77.83719635009766,169.33767700195312,89.21922302246094,21.58675193786621
2016-01-06,24.529449462890625,41.437992095947266,104.66999816894531,83.09801483154297,78.14437103271484,167.20159912109375,90.42147064208984,21.52827262878418
2016-01-07,23.772367477416992,40.57682800292969,106.1500015258789,83.27723693847656,78.20584106445312,163.190185546875,90.58380889892578,21.311065673828125
2016-01-08,23.517349243164062,40.08786392211914,105.68000030517578,83.48763275146484,78.26727294921875,161.3989715576172,90.98947143554688,21.35283851623535
2016-01-11,23.509382247924805,40.2557258605957,104.73999786376953,83.22274780273438,78.01468658447266,161.55877685546875,89.99374389648438,21.453088760375977
2016-01-12,23.55719757080078,40.44546890258789,104.20999908447266,83.59673309326172,78.19215393066406,162.8622283935547,91.29187774658203,21.486501693725586
2016-01-13,23.31014633178711,39.817840576171875,104.72000122070312,83.92396545410156,78.43108367919922,158.8003387451172,92.1917495727539,21.453088760375977
2016-01-14,23.612977981567383,40.32870101928711,103.0199966430664,83.75252532958984,78.04195404052734,161.40731811523438,91.32876586914062,21.511566162109375
2016-01-15,22.68057632446289,38.86910629272461,104.08000183105469,84.14215850830078,77.9258804321289,157.94259643554688,92.75227355957031,21.461442947387695
2016-01-19,23.015281677246094,39.226707458496094,103.9800033569336,84.03301239013672,77.57774353027344,158.15281677246094,92.46466827392578,21.503210067749023
2016-01-20,22.513221740722656,38.336341857910156,105.37000274658203,84.44600677490234,77.69377899169922,156.12606811523438,93.43824005126953,21.511566162109375
2016-01-21,22.600887298583984,38.62096405029297,105.48999786376953,84.23561096191406,77.46847534179688,157.0006866455078,92.80396270751953,21.486501693725586
2016-01-22,23.373905181884766,39.759464263916016,105.0,84.04859924316406,77.51628875732422,160.2216033935547,92.44987487792969,21.603458404541016
2016-01-25,22.975439071655273,39.226707458496094,106.08000183105469,84.32910919189453,77.4343490600586,157.79954528808594,92.95145416259766,21.53662872314453
2016-01-26,23.31014633178711,39.927310943603516,107.29000091552734,84.3914566040039,77.65281677246094,159.9524383544922,92.99571990966797,21.494855880737305
2016-01-27,23.230459213256836,39.67188262939453,107.69000244140625,84.45375061035156,77.441162109375,158.2115936279297,92.97356414794922,21.478151321411133
2016-01-28,23.5970458984375,39.78864669799805,106.54000091552734,84.56285858154297,77.52991485595703,159.03585815429688,93.10633850097656,21.377901077270508
2016-01-29,24.362098693847656,40.4892578125,106.94999694824219,85.01480865478516,77.93270111083984,162.91268920898438,93.89558410644531,21.603458404541016
2016-02-01,24.130985260009766,40.44546890258789,108.05000305175781,84.81892395019531,77.68415832519531,162.85382080078125,93.6081314086914,21.461442947387695
2016-02-02,23.349994659423828,39.5040283203125,108.08999633789062,85.41976928710938,77.82795715332031,159.91888427734375,95.34475708007812,21.444732666015625
2016-02-03,24.011449813842773,39.83244705200195,109.25,85.32611083984375,77.63621520996094,160.87759399414062,94.55402374267578,21.07715606689453
2016-02-04,24.19474220275879,39.88352966308594,110.56999969482422,85.52899932861328,77.67047119140625,161.12982177734375,95.01220703125,20.935136795043945
2016-02-05,23.915815353393555,39.27048873901367,112.31999969482422,85.63823699951172,77.65680694580078,158.06027221679688,95.12297821044922,21.02703094482422
2016-02-08,23.589075088500977,38.54069519042969,113.83000183105469,86.27811431884766,78.060791015625,155.9326171875,97.1700439453125,20.976909637451172
2016-02-09,23.262340545654297,38.095516204833984,113.58000183105469,86.29373168945312,77.79369354248047,155.94102478027344,97.27351379394531,20.826536178588867
2016-02-10,23.35796356201172,38.051719665527344,114.45999908447266,86.55121612548828,77.88960266113281,155.80654907226562,98.13074493408203,20.784767150878906
2016-02-11,22.96746826171875,37.4970817565918,119.05999755859375,86.94914245605469,78.1498031616211,153.77978515625,98.81803131103516,20.726289749145508
2016-02-12,23.365934371948242,38.153900146484375,118.36000061035156,86.28588104248047,77.7115478515625,156.95018005371094,97.17741394042969,20.81818389892578
2016-02-16,23.88393783569336,38.927486419677734,114.7699966430664,86.0284423828125,77.34181213378906,159.59925842285156,96.15019989013672,21.001970291137695
2016-02-17,24.3541259765625,39.598899841308594,115.4800033569336,85.81776428222656,77.32125854492188,162.20626831054688,95.55905151367188,20.993614196777344
2016-02-18,24.210678100585938,39.39455795288086,118.29000091552734,86.21566772460938,77.95124053955078,161.5419158935547,96.7340316772461,21.001970291137695
2016-02-19,24.099109649658203,39.350765228271484,117.58000183105469,86.21566772460938,77.89649200439453,161.4661865234375,96.81535339355469,20.943490982055664
2016-02-22,24.696807861328125,39.79594039916992,115.48999786376953,86.1298599243164,78.05391693115234,163.80406188964844,96.76360321044922,21.10222053527832
2016-02-23,24.170833587646484,39.14642333984375,117.22000122070312,86.3014907836914,78.2114028930664,161.73536682128906,97.15526580810547,21.110572814941406
2016-02-24,24.115047454833984,39.00777053833008,117.61000061035156,86.3014907836914,78.28675079345703,162.47535705566406,96.9631576538086,21.127281188964844
2016-02-25,24.19474220275879,39.47483444213867,117.91999816894531,86.55901336669922,78.72501373291016,164.4432373046875,97.31044006347656,21.110572814941406
2016-02-26,23.955659866333008,39.37266159057617,117.11000061035156,86.1376724243164,78.69757080078125,164.06480407714844,96.3719711303711,21.252592086791992
2016-02-29,24.16286277770996,39.13913345336914,118.63999938964844,86.27811431884766,78.75238037109375,162.7781219482422,96.79315948486328,21.294363021850586
2016-03-01,25.023544311523438,40.160858154296875,117.7699966430664,85.60374450683594,78.32319641113281,166.6045379638672,95.08878326416016,21.302715301513672
2016-03-02,25.358253479003906,40.43817138671875,118.68000030517578,85.45523834228516,78.48108673095703,167.35304260253906,95.48117065429688,21.2860050201416
2016-03-03,25.645151138305664,40.8322639465332,120.7300033569336,85.55686950683594,78.8519515991211,168.00894165039062,95.82917022705078,21.152341842651367
2016-03-04,26.155183792114258,41.13147735595703,120.54000091552734,85.26773071289062,78.83824157714844,168.55552673339844,95.21466064453125,21.0938663482666
2016-03-07,26.11533546447754,41.08039093017578,121.13999938964844,85.09577941894531,78.92745971679688,168.69017028808594,95.18502044677734,21.052093505859375
2016-03-08,25.669057846069336,40.67900085449219,120.58000183105469,85.58811950683594,79.34644317626953,166.84840393066406,96.23636627197266,21.060449600219727
2016-03-09,25.828441619873047,40.8322639465332,119.58000183105469,85.25210571289062,79.2571029663086,167.67257690429688,95.65147399902344,21.068803787231445
2016-03-10,25.868289947509766,40.76658248901367,121.5,84.94735717773438,79.5867691040039,167.8070831298828,95.25909423828125,20.859952926635742
2016-03-11,26.410194396972656,41.83208084106445,119.41000366210938,84.70511627197266,79.81343841552734,170.5150146484375,94.29658508300781,20.84324836730957
2016-03-14,26.250816345214844,41.74451446533203,117.87000274658203,84.76763916015625,80.04689025878906,170.29637145996094,94.59274291992188,20.926786422729492
2016-03-15,25.87626075744629,41.350425720214844,117.95999908447266,84.75200653076172,80.0194091796875,170.01882934570312,94.68154907226562,20.943490982055664
2016-03-16,26.39426040649414,41.71531677246094,120.58999633789062,85.1974105834961,80.40401458740234,171.00277709960938,94.96290588378906,20.717933654785156
2016-03-17,26.976015090942383,42.036434173583984,120.12999725341797,85.29119110107422,80.6512451171875,172.08763122558594,95.35531616210938,20.534147262573242
2016-03-18,27.119464874267578,41.96345520019531,119.80000305175781,85.43966674804688,80.83663940429688,172.76390075683594,95.55520629882812,20.584272384643555
2016-03-21,27.175251007080078,41.89777374267578,118.95999908447266,85.1974105834961,80.74052429199219,173.00900268554688,94.8221664428711,20.65110206604004
2016-03-22,27.111494064331055,41.82478713989258,119.30999755859375,85.01765441894531,80.5894546508789,172.9160919189453,94.8000259399414,20.70958137512207
2016-03-23,26.649280548095703,41.4015007019043,116.61000061035156,85.408447265625,80.9946060180664,171.77491760253906,95.87358093261719,20.81818389892578
2016-03-24,26.585529327392578,41.12417984008789,116.33000183105469,85.32242584228516,80.96022033691406,171.6988525390625,95.91059875488281,20.826536178588867
2016-03-28,26.67318344116211,41.372310638427734,116.5999984741211,85.44744110107422,81.00830841064453,171.80027770996094,96.03648376464844,20.784767150878906
2016-03-29,27.039772033691406,41.81748962402344,118.76000213623047,86.02569580078125,81.37228393554688,173.3894500732422,97.04344177246094,20.60097885131836
2016-03-30,27.31870460510254,42.13129425048828,117.0999984741211,85.90850830078125,81.27615356445312,174.15020751953125,96.02167510986328,20.534147262573242
2016-03-31,27.294788360595703,41.71531677246094,117.63999938964844,86.22103118896484,81.59893798828125,173.7275848388672,96.70282745361328,20.500730514526367
2016-04-01,27.215097427368164,41.2701416015625,116.93000030517578,86.19602966308594,81.86202239990234,174.91098022460938,96.95509338378906,20.49237632751465
2016-04-04,26.88836097717285,41.18256759643555,116.1500015258789,86.2977294921875,81.86888122558594,174.3446502685547,97.01445007324219,20.47566795349121
2016-04-05,26.362384796142578,40.37248611450195,117.66000366210938,86.64213562011719,82.13058471679688,172.60330200195312,98.07538604736328,20.49237632751465
2016-04-06,26.681156158447266,41.029319763183594,116.94000244140625,86.45426940917969,82.06168365478516,174.4883575439453,97.36318969726562,20.450605392456055
2016-04-07,26.147212982177734,40.43087387084961,118.61000061035156,86.90035247802734,82.2821044921875,172.40040588378906,98.56504821777344,20.47566795349121
2016-04-08,26.601463317871094,41.2044563293457,118.43000030517578,86.7673110961914,82.09613037109375,172.8653564453125,97.94183349609375,20.400482177734375
2016-04-11,26.94414520263672,41.22635269165039,120.02999877929688,86.75163269042969,82.08926391601562,172.45960998535156,97.81573486328125,20.350357055664062
2016-04-12,27.358545303344727,41.839385986328125,120.05000305175781,86.40733337402344,81.76557159423828,174.06568908691406,97.14057159423828,20.350357055664062
2016-04-13,27.844669342041016,42.50350570678711,118.7699966430664,86.46991729736328,82.04795837402344,175.82395935058594,97.48189544677734,20.509082794189453
2016-04-14,27.709196090698242,42.64216232299805,117.11000061035156,86.2664566040039,81.99282836914062,175.83241271972656,97.01445007324219,20.559207916259766
2016-04-15,27.549808502197266,42.54729080200195,117.91999816894531,86.52471923828125,82.33714294433594,175.63792419433594,97.84540557861328,20.500730514526367
2016-04-18,27.677310943603516,42.91218185424805,117.73999786376953,86.4386215209961,82.42671203613281,176.87210083007812,97.42244720458984,20.458959579467773
2016-04-19,28.099689483642578,43.656578063964844,119.58000183105469,86.2977294921875,82.57823181152344,177.4299774169922,97.11831665039062,20.358713150024414
2016-04-20,27.972177505493164,43.69306945800781,118.97000122070312,85.85950469970703,82.3509750366211,177.59906005859375,96.0499267578125,20.47566795349121
2016-04-21,27.693256378173828,43.430355072021484,119.41999816894531,85.71863555908203,82.3165283203125,176.64385986328125,95.4786605834961,20.47566795349121
2016-04-22,27.525901794433594,43.452239990234375,117.88999938964844,85.62472534179688,82.40606689453125,176.64385986328125,95.2337875366211,20.592622756958008
2016-04-25,27.350576400756836,43.23330307006836,118.2300033569336,85.53082275390625,82.21322631835938,176.339599609375,94.840576171875,20.525793075561523
2016-04-26,27.645435333251953,43.386558532714844,118.69999694824219,85.35081481933594,82.17877960205078,176.6016082763672,94.4102783203125,20.467313766479492
2016-04-27,27.81279945373535,43.41575622558594,119.04000091552734,85.82036590576172,82.70218658447266,176.96511840820312,95.35252380371094,20.442251205444336
2016-04-28,27.525901794433594,42.824607849121094,121.29000091552734,86.11773681640625,82.77793884277344,175.3590087890625,95.74573516845703,20.275171279907227
2016-04-29,27.40635871887207,42.64216232299805,123.6500015258789,86.08645629882812,82.86748504638672,174.4122772216797,95.9906005859375,20.133153915405273
2016-05-02,27.33463478088379,43.043556213378906,123.23999786376953,85.83641815185547,82.76044464111328,175.79859924316406,95.02412414550781,20.057968139648438
2016-05-03,26.56161880493164,42.33564758300781,122.95999908447266,86.3458480834961,82.90547180175781,174.2685546875,96.22103881835938,20.116445541381836
2016-05-04,26.13127899169922,41.84668731689453,122.20999908447266,86.50259399414062,82.76730346679688,173.29644775390625,96.74884796142578,20.191631317138672
2016-05-05,26.123302459716797,41.75910949707031,122.06999969482422,86.73773956298828,82.93307495117188,173.26263427734375,97.3956527709961,20.29188346862793
2016-05-06,26.163164138793945,41.87587356567383,123.18000030517578,86.53397369384766,82.75357055664062,173.8966522216797,96.97933197021484,20.31694221496582
2016-05-09,25.828441619873047,41.78829574584961,120.6500015258789,86.69855499267578,82.6706314086914,174.04031372070312,97.28413391113281,20.37541961669922
2016-05-10,26.32253646850586,42.3867301940918,120.9800033569336,86.68289947509766,82.80878448486328,176.20437622070312,97.29157257080078,20.392127990722656
2016-05-11,26.258785247802734,42.02183532714844,122.12000274658203,86.81610107421875,82.89857482910156,174.55596923828125,97.84171295166016,20.29188346862793
2016-05-12,26.18705940246582,42.007240295410156,121.16000366210938,86.58101654052734,82.72589874267578,174.60667419433594,97.3956527709961,20.367067337036133
2016-05-13,25.716880798339844,41.576663970947266,121.70999908447266,86.9101791381836,82.87779235839844,173.0850830078125,98.33981323242188,20.458959579467773
2016-05-16,26.027677536010742,42.07292556762695,121.80000305175781,86.59666442871094,82.60157012939453,174.79266357421875,97.4923095703125,20.450605392456055
2016-05-17,25.90813636779785,41.766395568847656,122.22000122070312,86.47908782958984,82.57398223876953,173.16123962402344,97.65583038330078,20.450605392456055
2016-05-18,25.653121948242188,41.78099822998047,120.0999984741211,85.78154754638672,81.86962890625,173.2119140625,96.26568603515625,20.592622756958008
2016-05-19,25.414037704467773,41.48178482055664,119.87000274658203,85.8677978515625,82.06299591064453,172.61178588867188,96.68197631835938,20.626041412353516
2016-05-20,25.669057846069336,41.82478713989258,119.70999908447266,85.9226303100586,82.11820983886719,173.70223999023438,96.75626373291016,20.626041412353516
2016-05-23,25.62124252319336,41.686126708984375,119.37000274658203,85.97747802734375,82.11820983886719,173.4654998779297,96.97187805175781,20.617687225341797
2016-05-24,25.884225845336914,42.291866302490234,117.30000305175781,85.83641815185547,81.98011016845703,175.71405029296875,96.54070281982422,20.68451690673828
2016-05-25,26.19502830505371,42.737037658691406,116.9800033569336,85.79725646972656,82.12510681152344,176.90589904785156,96.17643737792969,20.626041412353516
2016-05-26,26.370349884033203,42.85380554199219,116.58000183105469,86.063720703125,82.35990905761719,176.95664978027344,96.67453002929688,20.592622756958008
2016-05-27,26.362384796142578,42.81001281738281,115.62000274658203,85.8991470336914,82.29776000976562,177.71739196777344,96.53327178955078,20.70958137512207
2016-05-31,26.39426040649414,42.60567092895508,116.05999755859375,86.00102996826172,82.4427719116211,177.3793487548828,96.7637710571289,20.7513484954834
2016-06-01,26.37832260131836,42.569183349609375,115.94000244140625,85.97200012207031,82.50093841552734,177.74278259277344,97.15636444091797,20.634395599365234
2016-06-02,26.593494415283203,42.569183349609375,115.66999816894531,86.23885345458984,82.66709899902344,178.28375244140625,97.85662078857422,20.65945816040039
2016-06-03,26.99993133544922,42.84650802612305,118.87999725341797,87.03946685791016,83.33190155029297,177.751220703125,99.24962615966797,20.333648681640625
2016-06-06,27.286819458007812,43.08733367919922,118.91999816894531,86.81185913085938,83.13113403320312,178.65565490722656,98.51215362548828,20.333648681640625
2016-06-07,27.533863067626953,43.401145935058594,118.81999969482422,86.93741607666016,83.25575256347656,178.93463134765625,98.75050354003906,20.300233840942383
2016-06-08,27.73309898376465,43.48873519897461,120.58000183105469,87.03946685791016,83.53270721435547,179.51791381835938,99.27944946289062,20.24175453186035
2016-06-09,27.414335250854492,42.95597457885742,121.25,87.17285919189453,83.65045166015625,179.2727813720703,99.92013549804688,20.333648681640625
2016-06-10,26.72100257873535,41.70802307128906,121.73999786376953,87.4789810180664,83.74742889404297,177.57371520996094,100.40425109863281,20.467313766479492
2016-06-13,26.346446990966797,41.1022834777832,122.63999938964844,87.65170288085938,83.62274169921875,176.20437622070312,100.85128784179688,20.417190551757812
2016-06-14,26.258785247802734,40.44546890258789,122.7699966430664,87.62818145751953,83.435791015625,175.85775756835938,100.77681732177734,20.54250144958496
2016-06-15,26.53771209716797,40.71549987792969,123.68000030517578,87.89501190185547,83.74742889404297,175.61257934570312,101.16414642333984,20.49237632751465
2016-06-16,26.442079544067383,40.803070068359375,122.37999725341797,87.98918151855469,83.87205505371094,176.13673400878906,101.65584564208984,20.467313766479492
2016-06-17,26.513803482055664,41.2044563293457,123.94999694824219,87.69096374511719,83.62274169921875,175.48074340820312,101.02261352539062,20.37541961669922
2016-06-20,26.983989715576172,42.22617721557617,123.20999908447266,87.31419372558594,83.51887512207031,176.61082458496094,99.94242858886719,20.258464813232422
2016-06-21,27.191186904907227,42.569183349609375,120.83999633789062,87.11795043945312,83.4427261352539,177.1121368408203,99.48049926757812,20.358713150024414
2016-06-22,27.260265350341797,42.543113708496094,120.9000015258789,87.2906723022461,83.59503936767578,176.82325744628906,99.64441680908203,20.266820907592773
2016-06-23,27.91887664794922,43.71990966796875,120.11000061035156,86.8746109008789,83.51193237304688,179.12591552734375,98.50469207763672,20.174924850463867
2016-06-24,26.22414779663086,39.966102600097656,126.0,88.0755615234375,83.90666198730469,172.69369506835938,101.1492919921875,20.70122718811035
2016-06-27,25.886812210083008,39.198951721191406,126.68000030517578,88.83690643310547,84.25984191894531,169.60076904296875,103.67465209960938,20.87666130065918
2016-06-28,26.649837493896484,40.226783752441406,125.31999969482422,88.82125091552734,84.72374725341797,172.6597137451172,103.89065551757812,20.77641487121582
2016-06-29,27.32451629638672,40.964134216308594,125.83999633789062,88.46017456054688,84.69608306884766,175.5996551513672,103.09357452392578,20.70958137512207
2016-06-30,27.597604751586914,41.57487869262695,126.47000122070312,88.65638732910156,84.99386596679688,177.99586486816406,103.47351837158203,20.7513484954834
2016-07-01,27.862653732299805,41.57487869262695,128.41000366210938,88.89061737060547,85.43893432617188,178.3696746826172,104.91012573242188,20.68451690673828
2016-07-05,27.268299102783203,40.770477294921875,129.47000122070312,89.37793731689453,85.73054504394531,177.08665466308594,106.2237319946289,20.826536178588867
2016-07-06,27.196008682250977,40.696006774902344,130.22999572753906,89.39369201660156,85.88330841064453,178.14878845214844,106.3953857421875,20.7680606842041
2016-07-07,27.123720169067383,40.53215026855469,129.74000549316406,89.27577209472656,85.897216796875,178.03831481933594,106.38790130615234,20.81818389892578
2016-07-08,27.710050582885742,41.15032958984375,130.52000427246094,89.44869995117188,86.37627410888672,180.68946838378906,107.17149353027344,20.826536178588867
2016-07-11,27.97510528564453,41.75362014770508,129.2899932861328,88.97706604003906,86.15409088134766,181.3267059326172,106.231201171875,20.8850154876709
2016-07-12,28.368663787841797,42.319671630859375,127.1500015258789,88.45043182373047,85.66805267333984,182.64369201660156,104.48468017578125,20.868305206298828
2016-07-13,28.320470809936523,42.27498245239258,128.32000732421875,88.67842102050781,86.00135040283203,182.61819458007812,105.71613311767578,20.81818389892578
2016-07-14,28.730104446411133,42.63993453979492,127.33000183105469,88.30899047851562,85.79306030273438,183.6378936767578,104.1788330078125,20.7680606842041
2016-07-15,28.665847778320312,42.42394256591797,126.83999633789062,87.97097778320312,85.4666748046875,183.3914337158203,103.28316497802734,20.85159683227539
2016-07-18,28.922868728637695,42.52822494506836,127.04000091552734,87.9474105834961,85.4666748046875,183.88424682617188,103.1861343383789,20.868305206298828
2016-07-19,28.625686645507812,42.19305419921875,127.20999908447266,88.18319702148438,85.61947631835938,183.6973876953125,103.76832580566406,20.96855354309082
2016-07-20,28.770259857177734,42.572906494140625,125.38999938964844,88.00243377685547,85.59169006347656,184.46206665039062,103.20111083984375,20.98526382446289
2016-07-21,28.681907653808594,42.40160369873047,127.30000305175781,88.19892883300781,85.68888854980469,183.76531982421875,103.41008758544922,20.95184898376465
2016-07-22,28.89073944091797,42.4835319519043,126.3499984741211,88.12821197509766,85.64027404785156,184.58953857421875,103.58918762207031,21.060449600219727
2016-07-25,28.60158920288086,42.431396484375,125.47000122070312,88.05744171142578,85.59169006347656,184.0881805419922,103.51455688476562,21.02703094482422
2016-07-26,28.826486587524414,42.61014938354492,126.0,88.11247253417969,85.50834655761719,184.17315673828125,103.67877960205078,21.001970291137695
2016-07-27,28.922868728637695,42.76655197143555,128.02999877929688,88.48976135253906,85.86243438720703,183.9777374267578,104.96986389160156,20.90172576904297
2016-07-28,28.930898666381836,42.72187423706055,127.66000366210938,88.53693389892578,85.7791519165039,184.19021606445312,104.77581024169922,20.893369674682617
2016-07-29,29.08350372314453,43.22833251953125,128.97999572753906,88.87489318847656,86.091552734375,184.487548828125,105.64901733398438,20.609333038330078
2016-08-01,29.027286529541016,42.945308685302734,129.22000122070312,88.56632995605469,85.60636901855469,184.3345947265625,104.50360107421875,20.667810440063477
2016-08-02,28.818452835083008,42.72931671142578,130.27000427246094,88.35382843017578,85.12602996826172,183.15354919433594,103.42693328857422,20.525793075561523
2016-08-03,28.914831161499023,42.580352783203125,129.64999389648438,88.40106201171875,85.23741912841797,183.68882751464844,103.48674011230469,20.64274787902832
2016-08-04,29.075471878051758,42.826141357421875,129.8699951171875,88.61360168457031,85.59943389892578,183.88424682617188,104.26427459716797,20.67616081237793
2016-08-05,29.412811279296875,43.0197868347168,127.55000305175781,88.06260681152344,85.25128936767578,185.38819885253906,103.18016052246094,20.784767150878906
2016-08-08,29.621646881103516,43.10917282104492,127.44000244140625,88.0154037475586,85.30703735351562,185.27781677246094,103.37454986572266,20.80147361755371
2016-08-09,29.82244300842285,43.45177459716797,127.95999908447266,88.3302230834961,85.80828094482422,185.38819885253906,104.39143371582031,20.75970458984375
2016-08-10,29.830476760864258,43.60073471069336,128.55999755859375,88.56632995605469,86.05189514160156,184.9293670654297,104.7951889038086,20.65110206604004
2016-08-11,30.216007232666016,43.91355895996094,127.66999816894531,88.14128112792969,85.76649475097656,185.78761291503906,103.86051940917969,20.70958137512207
2016-08-12,30.10354995727539,43.80183410644531,127.4000015258789,88.45619201660156,86.15632629394531,185.62620544433594,104.73533630371094,20.67616081237793
2016-08-15,30.416797637939453,43.97312545776367,127.83999633789062,88.19641876220703,85.89183044433594,186.16146850585938,103.7484130859375,20.64274787902832
2016-08-16,30.280254364013672,43.90610122680664,128.47000122070312,88.04686737060547,85.7386703491211,185.2013397216797,103.47174835205078,20.458959579467773
2016-08-17,30.087495803833008,43.89120864868164,128.5,88.18859100341797,85.97532653808594,185.54966735839844,104.09236907958984,20.47566795349121
2016-08-18,30.368606567382812,44.114646911621094,129.11000061035156,88.3459701538086,86.18416595458984,185.96604919433594,104.25686645507812,20.325298309326172
2016-08-19,30.19993782043457,43.78694534301758,127.97000122070312,88.04686737060547,85.92662048339844,185.69418334960938,103.71111297607422,20.400482177734375
2016-08-22,29.7983455657959,43.83161163330078,127.77999877929688,88.24366760253906,86.21897888183594,185.68565368652344,104.58580780029297,20.42554473876953
2016-08-23,29.67786407470703,44.017818450927734,127.76000213623047,88.23580932617188,86.31645202636719,186.0595245361328,104.69799041748047,20.408836364746094
2016-08-24,29.7581844329834,43.91355895996094,126.33999633789062,88.20429992675781,86.26075744628906,185.1078643798828,104.45123291015625,20.467313766479492
2016-08-25,29.782285690307617,43.73479461669922,126.2300033569336,88.06260681152344,86.17720031738281,184.98037719726562,104.05493927001953,20.467313766479492
2016-08-26,29.525259017944336,43.47411346435547,126.05000305175781,87.7241439819336,85.90569305419922,184.63198852539062,103.44934844970703,20.617687225341797
2016-08-29,29.750154495239258,43.60818862915039,126.30000305175781,88.08622741699219,86.39302062988281,185.5411834716797,104.83257293701172,20.634395599365234
2016-08-30,29.669824600219727,43.54861068725586,125.02999877929688,88.07835388183594,86.28167724609375,185.2353515625,104.42884063720703,20.742998123168945
2016-08-31,29.34052276611328,43.45922088623047,124.77999877929688,87.97600555419922,86.24685668945312,184.7085418701172,104.57832336425781,20.73464012145996
2016-09-01,29.5654239654541,43.75714111328125,125.29000091552734,88.114013671875,86.24685668945312,184.71693420410156,104.69371032714844,20.65945816040039
2016-09-02,30.047334671020508,44.26361083984375,126.56999969482422,87.88536834716797,86.09325408935547,185.54966735839844,103.83975219726562,20.70958137512207
2016-09-06,30.68987464904785,44.56153106689453,128.7100067138672,88.29524230957031,86.39339447021484,186.11048889160156,104.59634399414062,20.467313766479492
2016-09-07,30.593505859375,44.58387756347656,128.27000427246094,88.3425521850586,86.27473449707031,186.09352111816406,104.52140808105469,20.500730514526367
2016-09-08,30.513179779052734,44.45725631713867,127.58999633789062,87.90901184082031,85.66753387451172,185.6685791015625,103.21058654785156,20.525793075561523
2016-09-09,29.485103607177734,43.59328079223633,126.75,87.49122619628906,85.02542114257812,181.2246856689453,101.51028442382812,20.584272384643555
2016-09-12,29.685897827148438,43.95079040527344,126.58999633789062,87.57011413574219,85.0323486328125,183.8247833251953,101.56267547607422,20.550857543945312
2016-09-13,28.93893051147461,43.064476013183594,125.75,87.24694061279297,84.75322723388672,181.18226623535156,100.40913391113281,20.634395599365234
2016-09-14,29.027286529541016,43.00489807128906,126.18000030517578,87.44395446777344,84.8090591430664,181.11424255371094,100.55900573730469,20.584272384643555
2016-09-15,29.525259017944336,43.377296447753906,125.37000274658203,87.46760559082031,84.86488342285156,182.92413330078125,100.12451934814453,20.57591438293457
2016-09-16,29.324460983276367,42.81869125366211,125.05999755859375,87.56224822998047,84.96260833740234,182.21697998046875,100.93352508544922,20.742998123168945
2016-09-19,29.55738067626953,43.042137145996094,125.31999969482422,87.41246032714844,84.9346694946289,182.2511444091797,100.60393524169922,20.692874908447266
2016-09-20,29.57345199584961,43.30281448364258,125.44000244140625,87.5464096069336,85.04634857177734,182.2596893310547,100.95594024658203,20.726289749145508
2016-09-21,30.400733947753906,44.0625114440918,127.2699966430664,87.68833923339844,85.47908020019531,184.30926513671875,101.77239990234375,20.634395599365234
2016-09-22,30.617599487304688,44.509395599365234,127.56999969482422,87.94844055175781,85.82804107666016,185.47068786621094,102.58141326904297,20.609333038330078
2016-09-23,30.224031448364258,44.136993408203125,127.6500015258789,87.98780059814453,85.76522827148438,184.45448303222656,102.4840316772461,20.617687225341797
2016-09-26,29.782285690307617,43.72735595703125,127.55000305175781,88.24004364013672,85.89786529541016,182.95989990234375,103.13565826416016,20.57591438293457
2016-09-27,30.207969665527344,43.9359016418457,126.62000274658203,88.38985443115234,86.10728454589844,184.09580993652344,103.89221954345703,20.592622756958008
2016-09-28,30.481061935424805,44.24871063232422,126.22000122070312,88.3503646850586,86.16307830810547,185.0095672607422,103.66748809814453,20.609333038330078
2016-09-29,29.95095443725586,43.69756317138672,126.06999969482422,88.40558624267578,86.128173828125,183.3357391357422,103.92964935302734,20.626041412353516
2016-09-30,30.079458236694336,44.040164947509766,125.63999938964844,88.18486022949219,85.974609375,184.7191925048828,103.0008773803711,20.617687225341797
2016-10-03,30.28829574584961,43.92100143432617,125.31999969482422,87.97968292236328,85.73108673095703,184.27516174316406,102.66094970703125,20.65945816040039
2016-10-04,29.95095443725586,43.91355895996094,120.97000122070312,87.5771484375,85.33223724365234,183.3357391357422,101.4603042602539,20.7513484954834
2016-10-05,30.384675979614258,44.09230422973633,120.77999877929688,87.37982940673828,85.24127960205078,184.14703369140625,100.98761749267578,20.77641487121582
2016-10-06,30.408771514892578,43.853965759277344,119.66000366210938,87.19832611083984,85.24826049804688,184.27516174316406,100.42472076416016,20.8850154876709
2016-10-07,30.272228240966797,43.630523681640625,119.73999786376953,87.32462310791016,85.45121765136719,183.64317321777344,100.49229431152344,20.85159683227539
2016-10-10,30.601530075073242,43.75714111328125,120.16000366210938,87.0957260131836,85.45121765136719,184.5996551513672,99.89948272705078,20.935136795043945
2016-10-11,29.894731521606445,43.138954162597656,119.55000305175781,87.07202911376953,85.1852798461914,182.26821899414062,99.67437744140625,21.0938663482666
2016-10-12,29.8385009765625,43.042137145996094,119.73999786376953,87.07202911376953,85.2972412109375,182.50735473632812,99.77196502685547,21.152341842651367
2016-10-13,29.57345199584961,42.87827682495117,120.02999877929688,87.2535629272461,85.50714874267578,181.90953063964844,100.14718627929688,21.07715606689453
2016-10-14,29.621646881103516,42.952754974365234,119.36000061035156,86.98521423339844,85.10823822021484,182.0034942626953,98.74391174316406,21.185760498046875
2016-10-17,29.58951759338379,42.826141357421875,119.68000030517578,87.17465209960938,85.38819122314453,181.37155151367188,99.374267578125,21.135639190673828
2016-10-18,30.111595153808594,43.250675201416016,120.41999816894531,87.34829711914062,85.59815216064453,182.50735473632812,99.6968765258789,21.152341842651367
2016-10-19,30.29631996154785,43.369850158691406,121.11000061035156,87.38775634765625,85.71013641357422,182.99411010742188,99.7794418334961,21.16069793701172
2016-10-20,30.207969665527344,43.43687438964844,120.73999786376953,87.3088150024414,85.68214416503906,182.65249633789062,99.88451385498047,21.227527618408203
2016-10-21,30.19993782043457,43.340049743652344,120.83000183105469,87.40351104736328,85.73108673095703,182.73789978027344,100.03450775146484,21.302715301513672
2016-10-24,30.328449249267578,43.33260726928711,120.55999755859375,87.28514099121094,85.48617553710938,183.51507568359375,99.5993423461914,21.327777862548828
2016-10-25,30.36058235168457,43.30281448364258,121.47000122070312,87.26935577392578,85.4231948852539,182.90025329589844,99.86197662353516,21.31942367553711
2016-10-26,30.039310455322266,43.10917282104492,120.79000091552734,87.07988739013672,85.06632995605469,182.53302001953125,99.18655395507812,21.311065673828125
2016-10-27,29.782285690307617,43.05702209472656,121.01000213623047,86.78002166748047,84.68140411376953,182.04617309570312,98.10603332519531,21.35283851623535
2016-10-28,29.661802291870117,43.042137145996094,121.58000183105469,86.79579162597656,84.58340454101562,181.5081787109375,97.8884506225586,21.227527618408203
2016-10-31,29.830476760864258,43.064476013183594,121.94000244140625,86.86685943603516,84.66041564941406,181.51675415039062,98.48873138427734,21.23587989807129
2016-11-01,29.58951759338379,42.87827682495117,122.7300033569336,86.87000274658203,84.55380249023438,180.2015838623047,98.49629211425781,21.127281188964844
2016-11-02,29.236114501953125,42.58780288696289,123.63999938964844,87.13079833984375,84.6800537109375,179.11700439453125,98.92484283447266,21.052093505859375
2016-11-03,29.155794143676758,42.543113708496094,124.30000305175781,87.07548522949219,84.51166534423828,178.29713439941406,98.16552734375,20.993614196777344
2016-11-04,28.85860824584961,42.13348388671875,124.38999938964844,87.34420776367188,84.76423645019531,178.1007537841797,99.0451431274414,20.935136795043945
2016-11-07,29.902759552001953,42.714412689208984,122.1500015258789,86.9806137084961,84.70817565917969,182.0290985107422,98.20307922363281,21.110572814941406
2016-11-08,30.095529556274414,42.833587646484375,121.63999938964844,86.67237091064453,84.51868438720703,182.8489532470703,97.80461883544922,21.169052124023438
2016-11-09,29.11563491821289,42.87083053588867,121.55999755859375,85.35250091552734,83.27680206298828,184.78753662109375,93.6545639038086,21.302715301513672
2016-11-10,28.28835105895996,42.75165939331055,119.75,84.83876037597656,83.2066421508789,185.24867248535156,92.27119445800781,21.344484329223633
2016-11-11,27.750207901000977,42.4909782409668,117.0999984741211,84.66487121582031,82.84884643554688,184.8217010498047,91.75242614746094,21.377901077270508
2016-11-14,27.549407958984375,42.26008987426758,116.11000061035156,84.17478942871094,82.42085266113281,184.96688842773438,91.20361328125,21.58675193786621
2016-11-15,28.10361099243164,42.446292877197266,117.12000274658203,84.17478942871094,82.67341613769531,186.41009521484375,91.65473937988281,21.620168685913086
2016-11-16,27.870685577392578,41.99940490722656,116.7699966430664,84.25386810302734,82.79267883300781,186.05995178222656,92.4817123413086,21.67864418029785
2016-11-17,27.910850524902344,42.319671630859375,116.16999816894531,83.88238525390625,82.26642608642578,187.01646423339844,91.12094116210938,21.803955078125
2016-11-18,27.782337188720703,41.85790252685547,115.1500015258789,83.51090240478516,81.80340576171875,186.59800720214844,90.85778045654297,21.8791446685791
2016-11-21,28.055423736572266,42.21540069580078,115.58000183105469,83.58202362060547,81.88756561279297,188.00711059570312,91.08334350585938,21.795602798461914
2016-11-22,28.481109619140625,42.319671630859375,115.54000091552734,83.66107177734375,82.0980453491211,188.3743133544922,91.05323791503906,21.829017639160156
2016-11-23,28.1758975982666,42.170711517333984,113.25,83.36073303222656,81.79632568359375,188.476806640625,90.69987487792969,21.962682723999023
2016-11-25,28.312440872192383,42.29732894897461,112.61000061035156,83.28958892822266,81.80340576171875,189.17706298828125,90.8351821899414,21.920909881591797
2016-11-28,28.42489242553711,42.07389831542969,113.80000305175781,83.66897583007812,82.17520904541016,188.28892517089844,91.50433349609375,21.8624324798584
2016-11-29,28.46504783630371,42.34200668334961,113.2699966430664,83.75591278076172,82.28752899169922,188.65609741210938,91.88775634765625,21.81231117248535
2016-11-30,28.51323127746582,42.29732894897461,111.75,83.1947021484375,81.97879028320312,188.20352172851562,90.39913940429688,21.92926788330078
2016-12-01,28.1758975982666,42.13348388671875,111.54000091552734,82.8773422241211,81.5194091796875,187.51177978515625,89.4446792602539,21.81231117248535
2016-12-02,28.208026885986328,42.23773956298828,112.13999938964844,83.2493896484375,81.8922348022461,187.60572814941406,90.10006713867188,21.76218605041504
2016-12-05,28.440950393676758,42.65483856201172,111.54000091552734,83.21772766113281,82.06812286376953,188.73300170898438,90.00210571289062,21.620168685913086
2016-12-06,28.59356117248535,42.945308685302734,111.43000030517578,83.2493896484375,82.06109619140625,189.33082580566406,89.934326171875,21.703706741333008
2016-12-07,29.075471878051758,43.58584976196289,111.83000183105469,83.52637481689453,82.4058609008789,191.8074188232422,90.70275115966797,21.63687515258789
2016-12-08,29.203981399536133,43.54861068725586,111.56999969482422,83.20977783203125,82.06812286376953,192.27703857421875,89.63301086425781,21.829017639160156
2016-12-09,29.051382064819336,43.73479461669922,110.4000015258789,82.7823486328125,81.75153350830078,193.43849182128906,88.5180435180664,21.920909881591797
2016-12-12,28.85860824584961,43.54115676879883,110.81999969482422,82.79823303222656,81.67414855957031,193.21644592285156,88.68377685546875,21.795602798461914
2016-12-13,29.17988395690918,44.0103759765625,110.44999694824219,82.8457260131836,81.8570785522461,194.50599670410156,89.00019073486328,21.820661544799805
2016-12-14,28.312440872192383,43.362396240234375,108.83000183105469,82.15708923339844,81.33647155761719,192.9004669189453,88.00577545166016,22.02951431274414
2016-12-15,28.360637664794922,43.26557540893555,107.33999633789062,81.92757415771484,81.39271545410156,193.6947021484375,88.45026397705078,22.271778106689453
2016-12-16,28.232120513916016,43.29536437988281,108.05000305175781,82.03047180175781,81.32939910888672,193.31582641601562,88.24684143066406,22.196592330932617
2016-12-19,28.03936195373535,43.22833251953125,108.58999633789062,82.41033935546875,81.72339630126953,193.73681640625,89.19607543945312,22.263423919677734
2016-12-20,28.13573455810547,43.377296447753906,107.79000091552734,82.23622131347656,81.67414855957031,194.4841766357422,88.7515869140625,22.305194854736328
2016-12-21,28.018754959106445,43.38933181762695,107.8499984741211,82.3708267211914,81.93447875976562,193.94300842285156,89.143310546875,22.23836326599121
2016-12-22,27.685686111450195,43.291500091552734,107.58999633789062,82.3351058959961,81.94010925292969,193.60792541503906,88.98393249511719,22.263423919677734
2016-12-23,27.848163604736328,43.404388427734375,107.93000030517578,82.41436767578125,82.06709289550781,193.8914031982422,89.16522216796875,22.24671745300293
2016-12-27,27.97001838684082,43.351715087890625,108.55999755859375,82.29547119140625,81.91890716552734,194.3724822998047,88.87821197509766,22.23836326599121
2016-12-28,28.181230545043945,43.186161041259766,108.86000061035156,82.59673309326172,82.22225189208984,192.76609802246094,89.52774047851562,22.29684066772461
2016-12-29,28.644285202026367,43.291500091552734,110.29000091552734,82.85040283203125,82.53975677490234,192.72312927246094,89.84502410888672,22.17153549194336
2016-12-30,28.44118881225586,43.4420051574707,109.61000061035156,83.09613800048828,82.66671752929688,192.0187530517578,89.98095703125,22.104698181152344
2017-01-03,28.78238868713379,43.712913513183594,110.47000122070312,83.0565414428711,82.73733520507812,193.4877471923828,90.36614990234375,22.305194854736328
2017-01-04,29.001733779907227,44.20956802368164,110.86000061035156,83.15165710449219,83.0194320678711,194.6387939453125,90.71358489990234,22.13811492919922
2017-01-05,29.318557739257812,44.5858154296875,112.58000183105469,83.69074249267578,83.46392059326172,194.4841766357422,92.13362884521484,21.90420150756836
2017-01-06,29.196701049804688,44.4353141784668,111.75,83.31021881103516,83.0265121459961,195.17999267578125,91.28768157958984,22.062929153442383
2017-01-09,29.17232894897461,44.367584228515625,112.66999816894531,83.62734985351562,83.18880462646484,194.5357208251953,92.02034759521484,22.00444984436035
2017-01-10,29.34292984008789,44.375118255615234,113.1500015258789,83.587646484375,83.139404296875,194.5357208251953,91.95992279052734,22.012805938720703
2017-01-11,29.692249298095703,44.60838317871094,113.5,83.68278503417969,83.26637268066406,195.08546447753906,92.26959991455078,21.962682723999023
2017-01-12,29.822235107421875,44.67611312866211,113.91000366210938,83.73040771484375,83.25935363769531,194.59584045410156,92.06565856933594,21.8791446685791
2017-01-13,29.797861099243164,44.84166717529297,114.20999908447266,83.5480728149414,83.09001922607422,195.04251098632812,91.62754821777344,21.854080200195312
2017-01-17,29.7816104888916,44.67611312866211,115.8499984741211,83.96817016601562,83.44981384277344,194.35528564453125,92.58683776855469,21.65358543395996
2017-01-18,29.619136810302734,44.548187255859375,114.87000274658203,83.3736572265625,82.8995361328125,194.7847900390625,91.40097045898438,21.854080200195312
2017-01-19,29.52977180480957,44.4353141784668,114.7699966430664,83.0565414428711,82.61736297607422,194.0632781982422,90.7740707397461,21.820661544799805
2017-01-20,29.586639404296875,44.691158294677734,115.05000305175781,83.09613800048828,82.7654800415039,194.77622985839844,90.59276580810547,21.7454776763916
2017-01-23,30.02532196044922,44.804046630859375,115.79000091552734,83.53219604492188,83.14640045166016,194.26939392089844,91.49917602539062,21.628520965576172
2017-01-24,30.21217155456543,44.91691207885742,115.2699966430664,83.21509552001953,82.8995361328125,195.51498413085938,90.87223052978516,21.63687515258789
2017-01-25,30.545238494873047,45.38347244262695,114.31999969482422,82.8028793334961,82.58207702636719,197.20729064941406,89.73169708251953,21.561687469482422
2017-01-26,30.415260314941406,45.20286560058594,113.26000213623047,82.9138412475586,82.68083190917969,197.00106811523438,90.03388214111328,21.703706741333008
2017-01-27,30.43963623046875,45.12761306762695,113.48999786376953,83.01690673828125,82.77960205078125,196.69187927246094,90.35865020751953,21.712060928344727
2017-01-30,30.27716064453125,44.804046630859375,113.97000122070312,82.99308776855469,82.63851165771484,195.47206115722656,90.08673095703125,21.670291900634766
2017-01-31,30.334022521972656,44.871768951416016,115.55000305175781,83.27850341796875,82.78668212890625,195.45484924316406,90.71358489990234,21.494855880737305
2017-02-01,30.35028076171875,45.05236053466797,115.19999694824219,83.11888885498047,82.68477630615234,195.53219604492188,90.1527328491211,21.511566162109375
2017-02-02,30.480253219604492,45.07494354248047,115.83999633789062,83.15067291259766,82.70602416992188,195.6610107421875,90.11488342285156,21.544979095458984
2017-02-03,30.667095184326172,45.25554275512695,116.12999725341797,83.21417999267578,82.79798889160156,197.0096893310547,90.07701873779297,21.53662872314453
2017-02-06,30.5939884185791,44.93196105957031,117.69999694824219,83.61116790771484,83.05973815917969,196.657470703125,90.62203979492188,21.553333282470703
2017-02-07,30.43963623046875,44.88681411743164,117.45999908447266,83.76202392578125,83.20115661621094,196.6660614013672,91.28819274902344,21.66193389892578
2017-02-08,30.626476287841797,44.96206283569336,118.19000244140625,84.10347747802734,83.49121856689453,196.923828125,92.5295639038086,21.63687515258789
2017-02-09,30.76457977294922,45.15019226074219,117.29000091552734,83.60324096679688,83.15873718261719,198.0920867919922,91.4622573852539,21.720417022705078
2017-02-10,31.048919677734375,45.25554275512695,117.5999984741211,83.54767608642578,83.13753509521484,198.873779296875,91.40924835205078,21.7454776763916
2017-02-13,31.14638900756836,45.4361457824707,116.80000305175781,83.4206314086914,83.10214233398438,199.95616149902344,91.12156677246094,21.795602798461914
2017-02-14,31.17888832092285,45.36841583251953,116.93000030517578,83.11888885498047,82.90406799316406,200.75506591796875,90.46308135986328,21.84572410583496
2017-02-15,31.43073272705078,45.54148483276367,117.44999694824219,82.96013641357422,82.84042358398438,201.80313110351562,90.04676055908203,21.803955078125
2017-02-16,31.31699562072754,45.64683532714844,118.08000183105469,83.2936019897461,83.07388305664062,201.63128662109375,90.53878021240234,21.67864418029785
2017-02-17,31.1870174407959,45.52643966674805,117.68000030517578,83.51589965820312,83.28607177734375,201.9491424560547,91.07621765136719,21.78724479675293
2017-02-21,31.52821159362793,45.676944732666016,117.75,83.4761962890625,83.32144165039062,203.1517791748047,90.9172592163086,21.887495040893555
2017-02-22,31.625696182250977,45.676944732666016,117.91000366210938,83.61116790771484,83.38507843017578,202.97132873535156,91.06866455078125,21.837369918823242
2017-02-23,31.633817672729492,45.77477264404297,118.94000244140625,83.83345031738281,83.59730529785156,203.10879516601562,91.34114837646484,21.78724479675293
2017-02-24,31.260128021240234,45.44366455078125,119.69999694824219,84.22250366210938,84.021728515625,203.3665313720703,92.35545349121094,21.829017639160156
2017-02-27,31.16264533996582,45.473777770996094,119.12000274658203,83.92083740234375,83.8236312866211,203.68434143066406,91.81047821044922,21.829017639160156
2017-02-28,30.8620662689209,45.406044006347656,119.2300033569336,83.88113403320312,83.88028717041016,203.13453674316406,92.15107727050781,21.81231117248535
2017-03-01,31.341371536254883,45.8801155090332,119.05999755859375,83.2967529296875,83.38448333740234,205.9779815673828,90.6069564819336,21.962682723999023
2017-03-02,30.78895378112793,45.5791130065918,117.58000183105469,83.0582046508789,83.25679016113281,204.6808624267578,90.28084564208984,22.054576873779297
2017-03-03,31.0245361328125,45.85001754760742,117.51000213623047,83.13774108886719,83.34194946289062,204.8096466064453,90.51598358154297,21.8624324798584
2017-03-06,31.040781021118164,45.707054138183594,116.72000122070312,83.12181091308594,83.1929702758789,204.19973754882812,90.0836410522461,21.937620162963867
2017-03-07,31.073287963867188,45.549015045166016,115.77999877929688,83.00259399414062,82.78157043457031,203.5898895263672,89.81059265136719,21.962682723999023
2017-03-08,30.780826568603516,45.38347244262695,115.05999755859375,82.72429656982422,82.5262451171875,203.21189880371094,89.32522583007812,22.037866592407227
2017-03-09,30.537118911743164,45.556541442871094,114.47000122070312,82.49376678466797,82.07940673828125,203.46958923339844,88.61235046386719,21.9960994720459
2017-03-10,30.878313064575195,45.940311431884766,114.72000122070312,82.66866302490234,82.28510284423828,204.18260192871094,88.92327117919922,21.84572410583496
2017-03-13,31.308870315551758,46.181114196777344,114.73999786376953,82.46196746826172,82.00845336914062,204.28570556640625,88.3620834350586,21.8791446685791
2017-03-14,31.130146026611328,45.82743835449219,114.12000274658203,82.54940032958984,82.07940673828125,203.50393676757812,88.78675079345703,21.954328536987305
2017-03-15,31.942520141601562,46.482112884521484,116.25,83.27289581298828,82.78866577148438,205.26495361328125,89.87129974365234,21.695354461669922
2017-03-16,32.13749313354492,46.70786666870117,116.7300033569336,83.04237365722656,82.66805267333984,204.86122131347656,89.4162826538086,21.620168685913086
2017-03-17,32.080623626708984,46.82827377319336,116.98999786376953,83.26495361328125,82.85962677001953,204.50143432617188,89.97750854492188,21.628520965576172
2017-03-20,32.45432662963867,46.73044967651367,117.51000213623047,83.46372985839844,83.05110168457031,204.27711486816406,90.3642578125,21.63687515258789
2017-03-21,32.096866607666016,46.51974868774414,118.54000091552734,83.74197387695312,83.25679016113281,201.65428161621094,91.11512756347656,21.503210067749023
2017-03-22,32.25122833251953,46.52727127075195,118.83000183105469,83.90095520019531,83.46957397460938,202.1288299560547,91.47911071777344,21.486501693725586
2017-03-23,32.25934982299805,46.632625579833984,118.66999816894531,83.81350708007812,83.412841796875,201.9131317138672,91.35017395019531,21.511566162109375
2017-03-24,32.3405876159668,46.76054382324219,118.86000061035156,83.86124420166016,83.4979248046875,201.76644897460938,91.67630767822266,21.503210067749023
2017-03-27,32.25122833251953,46.880958557128906,119.52999877929688,84.06794738769531,83.67527770996094,201.5594024658203,92.09343719482422,21.386253356933594
2017-03-28,32.3405876159668,47.10669708251953,119.04000091552734,83.78173065185547,83.4979248046875,203.02610778808594,91.47911071777344,21.503210067749023
2017-03-29,32.397457122802734,47.10669708251953,119.33000183105469,84.02023315429688,83.76751708984375,203.21592712402344,92.02517700195312,21.544979095458984
2017-03-30,32.22686767578125,46.94115447998047,118.47000122070312,83.78173065185547,83.547607421875,203.8629608154297,91.28197479248047,21.687000274658203
2017-03-31,31.999385833740234,46.87342834472656,118.72000122070312,83.94864654541016,83.63273620605469,203.3884735107422,91.54737854003906,21.67864418029785
2017-04-03,32.17811965942383,46.805694580078125,119.3499984741211,84.36195373535156,84.00827026367188,203.0347442626953,92.47083282470703,21.67864418029785
2017-04-04,32.19436264038086,46.7906379699707,119.62000274658203,84.24251556396484,83.78775787353516,203.16412353515625,91.96919250488281,21.703706741333008
2017-04-05,32.096866607666016,46.542320251464844,119.62000274658203,84.4017333984375,83.89443969726562,202.56024169921875,92.25043487548828,21.695354461669922
2017-04-06,32.040000915527344,46.549842834472656,119.18000030517578,84.34602355957031,83.97268676757812,203.129638671875,92.11359405517578,21.7454776763916
2017-04-07,31.983144760131836,46.51974868774414,119.45999908447266,84.09121704101562,83.76643371582031,202.92259216308594,91.7411880493164,21.84572410583496
2017-04-10,31.853166580200195,46.46706771850586,119.45999908447266,84.24251556396484,83.92290496826172,203.04335021972656,92.16682434082031,21.803955078125
2017-04-11,31.780046463012695,46.68529510498047,121.19000244140625,84.6326675415039,84.31404876708984,202.80178833007812,93.0407943725586,21.737125396728516
2017-04-12,31.934398651123047,46.64767074584961,122.0199966430664,84.89541625976562,84.59143829345703,201.9131317138672,93.550048828125,21.628520965576172
2017-04-13,31.79629135131836,46.34666442871094,122.5999984741211,85.15023803710938,84.73369598388672,200.60174560546875,93.83879852294922,21.703706741333008
2017-04-17,32.12937545776367,46.632625579833984,122.23999786376953,85.01483917236328,84.57009887695312,202.3790283203125,93.550048828125,21.64522933959961
2017-04-18,31.72318458557129,46.42191696166992,122.81999969482422,85.5005874633789,85.0679702758789,201.77505493164062,94.77362060546875,21.461442947387695
2017-04-19,31.52821159362793,46.233795166015625,121.7300033569336,85.27763366699219,84.81189727783203,201.40411376953125,94.25679779052734,21.53662872314453
2017-04-20,31.91814613342285,46.60252380371094,121.95999908447266,85.08654022216797,84.69098663330078,203.04335021972656,93.8920669555664,21.544979095458984
2017-04-21,31.91814613342285,46.632625579833984,122.30999755859375,85.1263198852539,84.69098663330078,202.3963165283203,93.8920669555664,21.561687469482422
2017-04-24,32.37308120727539,47.81405258178711,121.4800033569336,84.95115661621094,84.57721710205078,204.6222381591797,93.42842102050781,21.361194610595703
2017-04-25,32.65741729736328,48.15267562866211,120.25,84.5132064819336,84.24291229248047,205.8128662109375,92.30358123779297,21.302715301513672
2017-04-26,32.53555679321289,48.01722717285156,120.83999633789062,84.73615264892578,84.44920349121094,205.6834259033203,92.81281280517578,21.35283851623535
2017-04-27,32.49494171142578,48.0623779296875,120.38999938964844,84.79188537597656,84.52745056152344,205.8560028076172,92.78238677978516,21.386253356933594
2017-04-28,32.54368209838867,48.00969696044922,120.7699966430664,84.8794937133789,84.62699890136719,205.40736389160156,92.98764038085938,21.361194610595703
2017-05-01,32.73052215576172,48.205352783203125,119.66999816894531,84.69612884521484,84.36455535888672,205.92503356933594,92.2146224975586,21.377901077270508
2017-05-02,32.96610641479492,48.45367431640625,119.6500015258789,84.87152099609375,84.61412811279297,206.00267028808594,92.68675994873047,21.344484329223633
2017-05-03,32.746768951416016,48.355857849121094,117.9800033569336,84.69612884521484,84.57135772705078,205.75244140625,92.7476806640625,21.428024291992188
2017-05-04,32.381202697753906,48.814876556396484,116.79000091552734,84.50470733642578,84.4073715209961,205.99403381347656,92.29073333740234,21.294363021850586
2017-05-05,32.649288177490234,49.3566780090332,117.01000213623047,84.5206527709961,84.4358901977539,206.8050079345703,92.37454223632812,21.260944366455078
2017-05-08,32.64115905761719,48.98796081542969,116.75,84.31334686279297,84.28607177734375,206.77052307128906,91.87185668945312,21.377901077270508
2017-05-09,33.05546951293945,48.8675537109375,116.05000305175781,84.21762084960938,84.30034637451172,206.5807342529297,91.8642807006836,21.486501693725586
2017-05-10,33.27481460571289,48.942806243896484,116.04000091552734,84.18570709228516,84.41447448730469,206.9517364501953,91.75767517089844,21.494855880737305
2017-05-11,33.347930908203125,48.82241439819336,116.5,84.2495346069336,84.45726013183594,206.5289306640625,91.75767517089844,21.503210067749023
2017-05-12,33.48603820800781,49.09330368041992,116.83000183105469,84.68017578125,84.88516235351562,206.18380737304688,92.45066833496094,21.394611358642578
2017-05-15,33.82722854614258,49.34163284301758,117.13999938964844,84.62433624267578,84.87803649902344,207.32272338867188,92.19940185546875,21.336132049560547
2017-05-16,33.8597297668457,49.65768814086914,117.6500015258789,84.73591613769531,84.9992446899414,207.13284301757812,92.5420913696289,21.177406311035156
2017-05-17,33.28293991088867,49.09330368041992,119.79000091552734,85.41378021240234,85.51982879638672,203.45748901367188,93.89012145996094,21.03538703918457
2017-05-18,32.73052215576172,49.17607879638672,118.80999755859375,85.38985443115234,85.50559997558594,204.27711486816406,93.9967041015625,21.110572814941406
2017-05-19,33.429168701171875,49.74797821044922,119.4000015258789,85.36592102050781,85.55548858642578,205.60574340820312,94.21755981445312,20.960201263427734
2017-05-22,33.4616584777832,49.80819320678711,119.9000015258789,85.27027893066406,85.48419952392578,206.6497344970703,93.95861053466797,20.926786422729492
2017-05-23,33.49415588378906,49.81570816040039,119.13999938964844,85.04700469970703,85.22030639648438,207.1069793701172,93.32652282714844,21.018680572509766
2017-05-24,33.62413024902344,49.84580993652344,119.61000061035156,85.222412109375,85.35585021972656,207.5901336669922,93.85205078125,20.95184898376465
2017-05-25,33.786617279052734,49.84580993652344,119.4800033569336,85.27027893066406,85.3914566040039,208.5823516845703,93.8824691772461,20.976909637451172
2017-05-26,33.90846633911133,49.70283889770508,120.54000091552734,85.32606506347656,85.4556655883789,208.53919982910156,94.04242706298828,21.02703094482422
2017-05-30,33.7297477722168,49.6501579284668,120.13999938964844,85.54138946533203,85.65535736083984,208.3579864501953,94.50701141357422,21.001970291137695
2017-05-31,33.469783782958984,49.71035385131836,120.62000274658203,85.58126831054688,85.75521087646484,208.3062744140625,94.74308776855469,20.95184898376465
2017-06-01,33.754119873046875,50.033935546875,120.72000122070312,85.53651428222656,85.7737808227539,209.96275329589844,94.75305938720703,20.976909637451172
2017-06-02,33.924713134765625,50.583255767822266,121.61000061035156,85.9118881225586,86.17417907714844,210.6615753173828,95.87496185302734,20.87666130065918
2017-06-05,33.88409423828125,50.30483627319336,121.7300033569336,85.76814270019531,85.93107604980469,210.50631713867188,95.27967834472656,20.893369674682617
2017-06-06,33.90034484863281,50.161865234375,123.0999984741211,86.03971862792969,86.18135070800781,209.8333740234375,95.79862213134766,20.84324836730957
2017-06-07,33.8597297668457,50.17691421508789,122.44999694824219,85.87995147705078,86.0741195678711,210.22157287597656,95.34070587158203,20.868305206298828
2017-06-08,34.06281661987305,50.08660888671875,121.6500015258789,85.74417877197266,85.92390441894531,210.32510375976562,95.08883666992188,20.943490982055664
2017-06-09,33.802860260009766,49.89848327636719,120.54000091552734,85.6642837524414,85.83809661865234,210.00595092773438,94.94384002685547,21.010324478149414
2017-06-12,33.62413024902344,49.71035385131836,120.36000061035156,85.6483154296875,85.85958099365234,209.96275329589844,94.91329193115234,20.976909637451172
2017-06-13,33.786617279052734,50.09414291381836,120.4800033569336,85.6803207397461,85.9525375366211,210.98947143554688,94.92860412597656,20.95184898376465
2017-06-14,33.77849197387695,50.05651092529297,119.81999969482422,86.12750244140625,86.53884887695312,210.72198486328125,96.3939437866211,20.935136795043945
2017-06-15,33.429168701171875,49.53728103637695,119.31999969482422,85.97578430175781,86.33145141601562,210.31649780273438,96.24127960205078,21.060449600219727
2017-06-16,33.48603820800781,49.95869827270508,119.33999633789062,86.0237045288086,86.40299987792969,210.3624725341797,96.43212127685547,20.98526382446289
2017-06-19,33.81910705566406,50.161865234375,118.43000030517578,85.78411865234375,86.29576873779297,212.11375427246094,96.2947006225586,21.07715606689453
2017-06-20,33.4453125,49.75811004638672,118.18000030517578,85.99969482421875,86.4887466430664,210.68324279785156,97.15714263916016,21.110572814941406
2017-06-21,33.51877212524414,49.696922302246094,118.5199966430664,85.99175262451172,86.53167724609375,210.6312255859375,97.35557556152344,21.068803787231445
2017-06-22,33.69015884399414,49.68929672241211,118.91999816894531,86.07162475585938,86.60321044921875,210.53579711914062,97.56926727294922,21.07715606689453
2017-06-23,33.86970520019531,49.81163787841797,119.43000030517578,86.09557342529297,86.64604949951172,210.78732299804688,97.52350616455078,21.010324478149414
2017-06-26,34.1961669921875,49.89574432373047,118.36000061035156,86.16746520996094,86.80339050292969,210.9259490966797,97.8898696899414,21.04374122619629
2017-06-27,33.79625701904297,49.88810348510742,118.80999755859375,85.74417877197266,86.41015625,209.22674560546875,96.84422302246094,20.809829711914062
2017-06-28,34.05741882324219,50.323970794677734,118.9000015258789,85.6642837524414,86.50310516357422,211.09938049316406,96.52371215820312,20.742998123168945
2017-06-29,33.6248664855957,49.826934814453125,118.31999969482422,85.3448486328125,86.23857116699219,209.24404907226562,95.71465301513672,20.64274787902832
2017-06-30,33.77992630004883,49.857513427734375,118.0199966430664,85.14514923095703,86.16703033447266,209.63414001464844,95.49332427978516,20.67616081237793
2017-07-03,33.975807189941406,49.79634475708008,116.08999633789062,84.83243560791016,85.98062133789062,209.98965454101562,95.18589782714844,20.80147361755371
2017-07-05,33.91051483154297,49.79634475708008,116.5199966430664,84.89641571044922,86.1240005493164,210.47511291503906,95.2088394165039,20.809829711914062
2017-07-06,33.50244903564453,49.57459259033203,116.47000122070312,84.7364273071289,85.90179443359375,208.5504608154297,94.42108917236328,20.717933654785156
2017-07-07,33.56774139404297,49.58222961425781,115.27999877929688,84.60047149658203,85.830078125,209.9029541015625,93.85517883300781,20.7513484954834
2017-07-10,33.88603210449219,49.70457458496094,115.47000122070312,84.71245574951172,85.97344970703125,210.1283416748047,93.99285888671875,20.75970458984375
2017-07-11,34.163516998291016,49.819297790527344,115.62000274658203,84.82442474365234,86.00931549072266,209.97225952148438,94.15345764160156,20.68451690673828
2017-07-12,34.8245849609375,50.2169189453125,116.02999877929688,85.07237243652344,86.38927459716797,211.55020141601562,94.8034896850586,20.68451690673828
2017-07-13,34.99597930908203,50.36220932006836,115.81999969482422,84.9843978881836,86.2387466430664,211.9056396484375,94.20698547363281,20.692874908447266
2017-07-14,35.43669128417969,50.713958740234375,116.7699966430664,85.10432434082031,86.4394760131836,212.89398193359375,94.32167053222656,20.567562103271484
2017-07-17,35.273460388183594,50.61456298828125,117.29000091552734,85.2083740234375,86.51831817626953,212.86801147460938,94.58171081542969,20.567562103271484
2017-07-18,35.37956237792969,50.660438537597656,118.11000061035156,85.52033233642578,86.8910903930664,212.98068237304688,95.40771484375,20.458959579467773
2017-07-19,35.673362731933594,50.8822021484375,118.08000183105469,85.52033233642578,86.86247253417969,214.13377380371094,95.44591522216797,20.509082794189453
2017-07-20,35.632564544677734,51.08866500854492,118.23999786376953,85.54431915283203,86.94132232666016,214.2291259765625,95.72126770019531,20.383773803710938
2017-07-21,35.60807800292969,50.88985061645508,119.26000213623047,85.69627380371094,87.14199829101562,214.0384063720703,96.1266098022461,20.31694221496582
2017-07-24,35.714168548583984,50.752201080322266,119.30999755859375,85.64029693603516,87.04171752929688,213.9864044189453,95.75181579589844,20.325298309326172
2017-07-25,35.62439727783203,50.821014404296875,118.91999816894531,85.16035461425781,86.52552032470703,214.50657653808594,94.50524139404297,20.358713150024414
2017-07-26,35.918212890625,51.13454818725586,119.87999725341797,85.43228912353516,86.81226348876953,214.51524353027344,94.65819549560547,20.24175453186035
2017-07-27,35.72233200073242,51.01984786987305,119.79000091552734,85.29637145996094,86.59722137451172,214.31585693359375,94.19169616699219,20.31694221496582
2017-07-28,35.70601272583008,51.073368072509766,120.69000244140625,85.44038391113281,86.82661437988281,214.0644073486328,94.7499771118164,20.191631317138672
2017-07-31,35.746826171875,51.180423736572266,120.75,85.46428680419922,86.82661437988281,213.94309997558594,94.86466217041016,20.10809326171875
2017-08-01,35.8529167175293,51.4633674621582,120.6500015258789,85.67662811279297,87.1414566040039,214.4198455810547,95.53073120117188,20.141510009765625
2017-08-02,35.88557052612305,51.48630905151367,120.4000015258789,85.59646606445312,87.0048599243164,214.52394104003906,95.58436584472656,20.116445541381836
2017-08-03,35.73866653442383,51.51689529418945,120.58999633789062,85.8929214477539,87.1270751953125,214.1077117919922,96.57308197021484,20.06632423400879
2017-08-04,35.86924362182617,51.5857048034668,119.6500015258789,85.66056823730469,86.78922271728516,214.49789428710938,95.75304412841797,20.24175453186035
2017-08-07,36.11408615112305,51.608646392822266,119.51000213623047,85.70861053466797,86.8107681274414,214.89671325683594,95.86033630371094,20.233402252197266
2017-08-08,36.12224197387695,51.33335494995117,119.86000061035156,85.6365966796875,86.39385986328125,214.36785888671875,95.515380859375,20.266820907592773
2017-08-09,35.79579544067383,51.24924850463867,121.30999755859375,85.74067687988281,86.48013305664062,214.3592071533203,96.03658294677734,20.250110626220703
2017-08-10,34.94701385498047,50.52280044555664,122.20999908447266,86.06114196777344,86.45137786865234,211.33343505859375,96.85673522949219,20.216693878173828
2017-08-11,35.02862548828125,50.4310302734375,122.79000091552734,86.15726470947266,86.60956573486328,211.6455535888672,96.90270233154297,20.141510009765625
2017-08-14,35.387718200683594,50.7980842590332,121.91999816894531,85.94895935058594,86.55203247070312,213.74362182617188,96.40450286865234,20.225048065185547
2017-08-15,35.428531646728516,50.75984191894531,120.9800033569336,85.69261169433594,86.45137786865234,213.71759033203125,95.99828338623047,20.31694221496582
2017-08-16,35.79579544067383,51.0504264831543,121.87000274658203,85.85284423828125,86.69580078125,214.0904083251953,96.35086059570312,20.250110626220703
2017-08-17,35.338748931884766,50.47691345214844,122.48999786376953,86.15726470947266,86.78203582763672,210.75257873535156,97.07135772705078,20.29188346862793
2017-08-18,35.64072036743164,50.61456298828125,122.30000305175781,86.17332458496094,86.72456359863281,210.42318725585938,97.0483169555664,20.225048065185547
2017-08-21,35.77130889892578,50.599273681640625,122.76000213623047,86.22933959960938,86.84674835205078,210.5878448486328,97.28589630126953,20.166566848754883
2017-08-22,36.171207427978516,50.84395980834961,122.20999908447266,86.06114196777344,86.76045227050781,212.7899627685547,96.91034698486328,20.250110626220703
2017-08-23,36.34260177612305,50.85161590576172,122.66999816894531,86.35752868652344,87.09113311767578,212.02700805664062,97.5694808959961,20.166566848754883
2017-08-24,36.45685577392578,50.736907958984375,122.29000091552734,86.22136688232422,86.92581176757812,211.53285217285156,97.20926666259766,20.208343505859375
2017-08-25,36.669063568115234,51.042781829833984,122.73999786376953,86.36554718017578,87.1270751953125,212.02700805664062,97.5848159790039,20.041257858276367
2017-08-28,36.53847885131836,51.042781829833984,124.69000244140625,86.4456787109375,87.1270751953125,212.03573608398438,97.52351379394531,19.98278045654297
2017-08-29,36.473182678222656,50.83631896972656,124.41999816894531,86.64595794677734,87.1917724609375,212.27842712402344,97.83776092529297,20.007843017578125
2017-08-30,36.53031539916992,50.76750564575195,124.36000061035156,86.57380676269531,87.2636489868164,213.28416442871094,97.80709075927734,20.133153915405273
2017-08-31,36.58744812011719,51.15748596191406,125.81999969482422,86.71002197265625,87.41456604003906,214.56727600097656,98.0983657836914,20.074676513671875
2017-09-01,36.85676956176758,51.22631072998047,126.05999755859375,86.45488739013672,87.06861114501953,214.87075805664062,97.3479995727539,20.116445541381836
2017-09-05,36.375244140625,50.8822021484375,127.45999908447266,87.05662536621094,87.60918426513672,213.3275146484375,98.8917465209961,20.007843017578125
2017-09-06,36.61193084716797,51.195709228515625,126.80999755859375,86.84803771972656,87.29928588867188,214.0557098388672,98.28497314453125,19.991134643554688
2017-09-07,36.881256103515625,51.616294860839844,128.1300048828125,87.22509002685547,87.63803100585938,214.02972412109375,99.2911376953125,19.849119186401367
2017-09-08,36.63640594482422,51.62394332885742,127.97000122070312,87.16088104248047,87.37850952148438,213.77830505371094,99.0760498046875,19.798994064331055
2017-09-11,37.12609100341797,52.02922058105469,126.19000244140625,86.66349792480469,87.11187744140625,216.0584259033203,97.893310546875,19.93265724182129
2017-09-12,37.085289001464844,52.1898078918457,126.55999755859375,86.45488739013672,87.0181655883789,216.78675842285156,97.37870788574219,19.92430305480957
2017-09-13,36.8894157409668,51.9068717956543,125.61000061035156,86.27833557128906,86.93170928955078,216.8907470703125,96.99465942382812,20.041257858276367
2017-09-14,36.98735809326172,51.99864196777344,126.16000366210938,86.29442596435547,87.14791870117188,216.8214111328125,97.39405059814453,19.98278045654297
2017-09-15,37.207698822021484,52.044525146484375,125.52999877929688,86.39874267578125,87.22000122070312,217.11326599121094,97.43245697021484,19.915952682495117
2017-09-18,37.33829116821289,52.113338470458984,124.36000061035156,86.06175994873047,87.13350677490234,217.5750274658203,96.87178802490234,19.966073989868164
2017-09-19,37.41990661621094,52.3580436706543,124.62000274658203,85.96551513671875,87.1839599609375,217.79286193847656,96.63375091552734,19.907596588134766
2017-09-20,37.24851989746094,52.24333953857422,123.62000274658203,85.79702758789062,87.07585144042969,217.8712921142578,96.70284271240234,20.06632423400879
2017-09-21,37.24851989746094,52.13627624511719,122.68000030517578,85.68467712402344,87.07585144042969,217.2875213623047,96.6490707397461,20.007843017578125
2017-09-22,37.03632354736328,52.296871185302734,123.23999786376953,85.83706665039062,87.19120025634766,217.33108520507812,96.92557525634766,19.991134643554688
2017-09-25,36.407894134521484,51.99864196777344,124.52999877929688,86.09388732910156,87.5155029296875,216.88670349121094,97.53234100341797,20.10809326171875
2017-09-26,36.30996322631836,51.883934020996094,123.13999938964844,86.02165985107422,87.50106811523438,217.01744079589844,97.35565948486328,20.174924850463867
2017-09-27,36.17938232421875,51.92216873168945,121.9800033569336,85.58040618896484,87.1623306274414,217.8626251220703,95.88875579833984,20.275171279907227
2017-09-28,36.1548957824707,52.05980682373047,122.20999908447266,85.5643539428711,87.29206085205078,218.12393188476562,95.60454559326172,20.216693878173828
2017-09-29,36.57111740112305,52.36569595336914,121.58000183105469,85.46004486083984,87.37134552001953,218.8906707763672,95.819580078125,20.19998550415039
2017-10-02,36.57929229736328,52.31980895996094,120.7699966430664,85.36283874511719,87.45299530029297,219.8403778076172,95.64412689208984,20.31694221496582
2017-10-03,37.15874481201172,52.49568557739258,120.83000183105469,85.48336029052734,87.64812469482422,220.3108673095703,95.7364730834961,20.30858612060547
2017-10-04,37.150577545166016,52.396278381347656,121.16999816894531,85.45923614501953,87.59750366210938,220.57225036621094,95.74421691894531,20.283525466918945
2017-10-05,37.428070068359375,52.36569595336914,120.5199966430664,85.37084197998047,87.47465515136719,221.87916564941406,95.38250732421875,20.392127990722656
2017-10-06,37.24034881591797,52.32746124267578,121.08999633789062,85.26640319824219,87.40242767333984,221.62649536132812,95.1131591796875,20.358713150024414
2017-10-09,37.21586990356445,52.34274673461914,122.08000183105469,85.36283874511719,87.47465515136719,221.2605438232422,95.41329956054688,20.325298309326172
2017-10-10,37.58313751220703,52.83979415893555,122.4000015258789,85.39496612548828,87.53248596191406,221.84425354003906,95.56721496582031,20.216693878173828
2017-10-11,37.75452423095703,52.969791412353516,122.79000091552734,85.49134063720703,87.4891357421875,222.19276428222656,95.75187683105469,20.158214569091797
2017-10-12,37.73820114135742,52.92390823364258,122.88999938964844,85.57171630859375,87.51080322265625,221.8617401123047,96.1597671508789,20.19998550415039
2017-10-13,38.08097839355469,53.19920349121094,123.81999969482422,85.86095428466797,87.85770416259766,222.1318359375,96.85242462158203,20.19998550415039
2017-10-16,38.05649948120117,53.16096878051758,122.97000122070312,85.71636962890625,87.73482513427734,222.4280548095703,96.78314971923828,20.250110626220703
2017-10-17,37.860618591308594,53.023319244384766,122.12999725341797,85.68423461914062,87.72041320800781,222.58486938476562,96.90625,20.300233840942383
2017-10-18,37.950401306152344,53.17625045776367,121.66999816894531,85.46728515625,87.59025573730469,222.80270385742188,96.26751708984375,20.275171279907227
2017-10-19,37.61577224731445,53.092140197753906,122.38999938964844,85.5556411743164,87.72041320800781,222.86373901367188,96.43682098388672,20.225048065185547
2017-10-20,37.75452423095703,53.023319244384766,121.61000061035156,85.20214080810547,87.48188781738281,224.01377868652344,95.41329956054688,20.34200668334961
2017-10-23,37.45254898071289,52.90861511230469,121.80000305175781,85.282470703125,87.568603515625,223.1424560546875,95.58255767822266,20.367067337036133
2017-10-24,37.45254898071289,52.99273681640625,121.33000183105469,85.02539825439453,87.35181427001953,223.53457641601562,94.9900131225586,20.400482177734375
2017-10-25,37.370933532714844,52.78627395629883,121.3499984741211,84.88877868652344,87.12060546875,222.4280548095703,94.53592681884766,20.350357055664062
2017-10-26,37.11793899536133,52.77861404418945,120.33000183105469,84.77629089355469,87.11337280273438,222.715576171875,94.22042083740234,20.567562103271484
2017-10-27,37.65658187866211,52.900970458984375,120.9000015258789,85.04948425292969,87.37354278564453,224.53652954101562,94.84375,20.617687225341797
2017-10-30,37.41990661621094,53.023319244384766,121.12999725341797,85.35475158691406,87.66259765625,223.7001190185547,95.75187683105469,20.517436981201172
2017-10-31,37.77084732055664,53.24507522583008,120.66999816894531,85.29854583740234,87.53970336914062,224.04861450195312,95.78265380859375,20.534147262573242
2017-11-01,37.966712951660156,53.29860305786133,121.11000061035156,85.35005187988281,87.67814636230469,224.3448486328125,96.2091293334961,20.57591438293457
2017-11-02,38.015682220458984,53.45918273925781,121.19000244140625,85.46272277832031,87.66358947753906,224.43199157714844,96.63333892822266,20.57591438293457
2017-11-03,37.81981658935547,53.37507247924805,120.62000274658203,85.59955596923828,87.7650375366211,225.18128967285156,96.89551544189453,20.626041412353516
2017-11-06,38.24420928955078,53.451541900634766,121.6500015258789,85.70413970947266,87.78679656982422,225.52976989746094,97.25801086425781,20.57591438293457
2017-11-07,37.99937057495117,53.25271224975586,121.20999908447266,85.7363052368164,87.71430206298828,225.37303161621094,97.66675567626953,20.609333038330078
2017-11-08,38.17890930175781,53.42860794067383,121.62999725341797,85.63172912597656,87.59844970703125,225.7563018798828,97.45081329345703,20.60097885131836
2017-11-09,37.94223403930664,53.12273406982422,122.12999725341797,85.59955596923828,87.36654663085938,224.93736267089844,97.17317199707031,20.517436981201172
2017-11-10,37.77900695800781,52.97743606567383,121.12999725341797,85.16496276855469,86.8666000366211,224.8676300048828,95.7078628540039,20.500730514526367
2017-11-13,37.697391510009766,52.755672454833984,121.30999755859375,85.12471008300781,86.88109588623047,225.07667541503906,95.90836334228516,20.517436981201172
2017-11-14,37.444393157958984,52.71744155883789,121.55999755859375,85.24541473388672,86.90284729003906,224.55398559570312,96.55619812011719,20.37541961669922
2017-11-15,37.24851989746094,52.4650993347168,121.41000366210938,85.55119323730469,87.27234649658203,223.43008422851562,97.60502624511719,20.367067337036133
2017-11-16,38.02385330200195,52.88568115234375,121.4000015258789,85.33393096923828,87.17095947265625,225.3294219970703,96.75670623779297,20.392127990722656
2017-11-17,38.21156311035156,52.69450378417969,122.86000061035156,85.44660186767578,87.27957153320312,224.66722106933594,97.47396850585938,20.333648681640625
2017-11-20,38.40743637084961,52.809207916259766,121.30999755859375,85.30982208251953,87.27957153320312,225.0506134033203,97.43538665771484,20.43389892578125
2017-11-21,38.921600341796875,53.20684051513672,121.51000213623047,85.32592010498047,87.56941986083984,226.52304077148438,97.74388885498047,20.408836364746094
2017-11-22,39.0195426940918,53.35212707519531,122.62999725341797,85.59955596923828,87.90998077392578,226.32264709472656,98.06008911132812,20.250110626220703
2017-11-24,38.937923431396484,53.78799819946289,122.31999969482422,85.52708435058594,87.80851745605469,226.8454132080078,97.79015350341797,20.158214569091797
2017-11-27,38.36662292480469,53.46683120727539,122.83000183105469,85.58343505859375,87.75780487060547,226.7322235107422,97.65132904052734,20.183279037475586
2017-11-28,38.65227127075195,53.7727165222168,122.80999755859375,85.59955596923828,87.88098907470703,229.0323028564453,97.78243255615234,20.266820907592773
2017-11-29,38.04016876220703,53.55859375,122.04000091552734,85.32592010498047,87.53315734863281,228.8929443359375,96.81840515136719,20.258464813232422
2017-11-30,37.62394332885742,53.612125396728516,121.0999984741211,85.0603256225586,87.43172454833984,230.8968505859375,96.4945068359375,20.208343505859375
2017-12-01,37.411746978759766,53.39801788330078,121.58999633789062,85.3746566772461,87.70201110839844,230.41766357421875,97.79663848876953,20.191631317138672
2017-12-04,37.485198974609375,53.20684051513672,121.18000030517578,85.33436584472656,87.84008026123047,230.1388702392578,97.84303283691406,20.258464813232422
2017-12-05,37.46071243286133,53.092140197753906,120.31999969482422,85.39884948730469,88.00712585449219,229.31117248535156,98.32984924316406,20.29188346862793
2017-12-06,36.95470428466797,52.98508071899414,120.06999969482422,85.57620239257812,88.17425537109375,229.35464477539062,98.66989135742188,20.34200668334961
2017-12-07,37.06080627441406,53.12273406982422,118.48999786376953,85.42302703857422,87.9998550415039,230.07785034179688,97.89712524414062,20.383773803710938
2017-12-08,37.49335479736328,53.40565872192383,118.4800033569336,85.35855102539062,87.89094543457031,231.33242797851562,97.90483856201172,20.417190551757812
2017-12-11,37.68107223510742,53.54328918457031,118.01000213623047,85.30213165283203,87.956298828125,232.02951049804688,97.70394134521484,20.417190551757812
2017-12-12,37.428070068359375,53.612125396728516,118.1500015258789,85.2295913696289,87.89094543457031,232.43902587890625,97.66529083251953,20.450605392456055
2017-12-13,37.87693786621094,53.81859588623047,119.16999816894531,85.57620239257812,88.1960220336914,232.41293334960938,98.3994369506836,20.30858612060547
2017-12-14,37.599456787109375,53.520362854003906,118.93000030517578,85.54393005371094,88.35584259033203,231.46316528320312,98.81669616699219,20.325298309326172
2017-12-15,37.68107223510742,53.50507354736328,119.18000030517578,85.52778625488281,88.47936248779297,233.39068603515625,99.18766784667969,20.408836364746094
2017-12-18,38.1054573059082,54.13975524902344,119.7300033569336,85.33436584472656,88.21782684326172,234.87066650390625,98.28351593017578,20.377899169921875
2017-12-19,37.90413284301758,53.94114685058594,119.81999969482422,84.94746398925781,87.76739501953125,233.9687042236328,97.00839233398438,20.31936264038086
2017-12-20,37.95384216308594,53.84841537475586,120.13999938964844,84.6976547241211,87.53492736816406,233.84608459472656,95.93421173095703,20.294279098510742
2017-12-21,38.202396392822266,54.0416145324707,120.30999755859375,84.75741577148438,87.77082061767578,234.32774353027344,96.49335479736328,20.285917282104492
2017-12-22,38.5255126953125,54.180721282958984,120.94000244140625,84.7896957397461,87.83631134033203,234.2664031982422,96.62503814697266,20.294279098510742
2017-12-26,38.49236297607422,54.165252685546875,121.7699966430664,84.82196807861328,87.95282745361328,233.98614501953125,96.91152954101562,20.277555465698242
2017-12-27,38.59178924560547,54.26572036743164,122.2300033569336,85.18524932861328,88.44060516357422,234.10000610351562,98.17387390136719,20.23574447631836
2017-12-28,38.856910705566406,54.2966423034668,122.8499984741211,85.08027648925781,88.38236999511719,234.5817108154297,98.08868408203125,20.177209854125977
2017-12-29,39.0391845703125,54.33526611328125,123.6500015258789,85.21751403808594,88.49881744384766,233.69717407226562,98.24354553222656,20.09359359741211
2018-01-02,39.776554107666016,54.73714065551758,125.1500015258789,84.93496704101562,87.90914916992188,235.3697967529297,97.18257904052734,20.00997543334961
2018-01-03,40.15766906738281,54.9998893737793,124.81999969482422,85.02375793457031,88.0693130493164,236.8585662841797,97.64726257324219,20.085233688354492
2018-01-04,40.356502532958984,55.60265350341797,125.45999908447266,84.98343658447266,88.04022216796875,237.85687255859375,97.63175964355469,20.018339157104492
2018-01-05,40.7044792175293,55.91177749633789,125.33000183105469,84.87848663330078,88.01103973388672,239.44198608398438,97.3530044555664,20.035058975219727
2018-01-08,40.7044792175293,55.896324157714844,125.30999755859375,84.83812713623047,88.00376892089844,239.87982177734375,97.291015625,20.12704086303711
2018-01-09,40.63819885253906,55.958160400390625,124.7300033569336,84.43450927734375,87.68344116210938,240.42282104492188,95.98999786376953,20.168851852416992
2018-01-10,40.38136291503906,55.84996032714844,125.02999877929688,84.41033172607422,87.74166107177734,240.05494689941406,95.87382507324219,20.118677139282227
2018-01-11,40.629920959472656,56.23634719848633,125.44000244140625,84.46680450439453,87.95282745361328,241.80641174316406,96.26878356933594,20.035058975219727
2018-01-12,41.019309997558594,56.80048370361328,126.95999908447266,84.41033172607422,87.96736145019531,243.38275146484375,96.4314193725586,19.826011657714844
2018-01-16,40.86189270019531,56.746402740478516,127.16999816894531,84.45069122314453,88.04741668701172,242.55075073242188,96.8341293334961,19.717308044433594
2018-01-17,41.40042495727539,57.04005813598633,126.13999938964844,84.26498413085938,87.80720520019531,244.86273193359375,96.70243072509766,19.767478942871094
2018-01-18,41.45014190673828,56.97051239013672,125.86000061035156,83.99861907958984,87.46500396728516,244.4510955810547,95.80411529541016,19.742393493652344
2018-01-19,41.789825439453125,57.28736114501953,126.41999816894531,83.7806625366211,87.1956558227539,245.5634002685547,95.3007583618164,19.775840759277344
2018-01-22,42.030094146728516,57.58102035522461,126.6500015258789,83.74839782714844,87.1155776977539,247.56004333496094,95.39371490478516,19.708946228027344
2018-01-23,42.228939056396484,57.766483306884766,127.27999877929688,83.99056243896484,87.494140625,248.0855255126953,95.80411529541016,19.658775329589844
2018-01-24,42.58519744873047,57.86695098876953,128.8300018310547,83.8291015625,87.43589782714844,247.98902893066406,95.28524780273438,19.466455459594727
2018-01-25,42.560333251953125,57.6428337097168,127.97000122070312,84.01473999023438,87.8800048828125,248.09408569335938,96.06743621826172,19.49153709411621
2018-01-26,43.14857864379883,58.152889251708984,128.07000732421875,83.76451873779297,87.76355743408203,250.96653747558594,95.71119689941406,19.44972801208496
2018-01-29,42.494056701660156,57.61965560913086,127.3499984741211,83.5546875,87.53056335449219,249.30262756347656,95.04517364501953,19.499900817871094
2018-01-30,41.91410446166992,57.14052200317383,126.80000305175781,83.36091613769531,87.2320556640625,246.74551391601562,94.48761749267578,19.466455459594727
2018-01-31,42.27864456176758,57.063236236572266,127.6500015258789,83.38512420654297,87.41404724121094,246.86814880371094,95.04517364501953,19.44136619567871
2018-02-01,41.706974029541016,57.22552490234375,128.07000732421875,82.9549789428711,87.02790069580078,246.58798217773438,93.6677474975586,19.34102439880371
2018-02-02,40.63819885253906,56.066341400146484,126.38999938964844,82.64774322509766,86.5826187133789,241.21971130371094,92.79856872558594,19.458091735839844
2018-02-05,39.21317672729492,53.71703338623047,126.70999908447266,83.32691955566406,86.63375854492188,231.13131713867188,93.67549133300781,19.541709899902344
2018-02-06,40.489070892333984,54.775753021240234,125.37999725341797,82.96305084228516,86.45854187011719,235.68511962890625,93.09344482421875,19.583518981933594
2018-02-07,39.21317672729492,54.19617462158203,124.79000091552734,82.72055053710938,86.2176513671875,234.4065704345703,92.20877075195312,19.734033584594727
2018-02-08,37.854427337646484,52.781959533691406,124.9800033569336,82.79329681396484,85.84535217285156,225.61424255371094,92.10790252685547,19.734033584594727
2018-02-09,38.459228515625,53.00605773925781,124.7699966430664,82.64774322509766,85.56796264648438,229.00328063964844,91.52587890625,19.750757217407227
2018-02-12,39.06404495239258,53.81748962402344,125.37000274658203,82.62350463867188,85.56796264648438,232.36607360839844,91.9294204711914,19.683862686157227
2018-02-13,39.362300872802734,53.655216217041016,126.08000183105469,82.76097106933594,85.5387954711914,232.9440460205078,92.3406982421875,19.575159072875977
2018-02-14,40.34823226928711,54.605751037597656,128.22999572753906,82.25965118408203,85.2248764038086,236.08786010742188,91.31634521484375,19.424640655517578
2018-02-15,41.17673110961914,54.94578552246094,128.3800048828125,82.28392791748047,85.62640380859375,239.1004180908203,91.62676239013672,19.34102439880371
2018-02-16,41.044166564941406,55.19307327270508,127.95999908447266,82.47795867919922,85.88185119628906,239.1704864501953,92.1234359741211,19.474815368652344
2018-02-20,40.48078155517578,54.67530822753906,126.23999786376953,82.38902282714844,85.516845703125,237.67300415039062,91.71986389160156,19.600242614746094
2018-02-21,40.44763946533203,54.412567138671875,125.66000366210938,82.14643096923828,85.04966735839844,236.49075317382812,90.5946044921875,19.675500869750977
2018-02-22,40.472496032714844,54.69849395751953,126.30000305175781,82.25965118408203,85.16646575927734,236.7972869873047,90.8662338256836,19.608606338500977
2018-02-23,41.19329833984375,55.131263732910156,126.13999938964844,82.57498931884766,85.56063842773438,240.5717010498047,91.67330932617188,19.650413513183594
2018-02-26,41.57441711425781,55.649024963378906,126.44999694824219,82.67203521728516,85.670166015625,243.36532592773438,91.70433807373047,19.62532615661621
2018-02-27,40.36479568481445,54.822139739990234,125.12999725341797,82.41327667236328,85.29786682128906,240.32644653320312,91.57242584228516,19.750757217407227
2018-02-28,39.784847259521484,54.30436706542969,125.0,82.6073226928711,85.45848846435547,237.89187622070312,92.15443420410156,19.80929183959961
2018-03-01,39.71027374267578,53.39246368408203,124.72000122070312,82.96285247802734,85.3706283569336,234.43283081054688,92.78352355957031,19.742393493652344
2018-03-02,39.875980377197266,53.64748001098633,125.38999938964844,82.65512084960938,85.0997543334961,235.6412811279297,92.02922058105469,19.658775329589844
2018-03-05,39.93396759033203,53.93342590332031,125.18000030517578,82.5498275756836,85.07048797607422,238.36485290527344,91.7804183959961,19.658775329589844
2018-03-06,40.306800842285156,54.250274658203125,126.52999877929688,82.5417251586914,85.14363098144531,238.9690704345703,91.86592864990234,19.608606338500977
2018-03-07,40.34823226928711,54.234806060791016,125.72000122070312,82.5417251586914,85.11441040039062,238.88148498535156,91.764892578125,19.591880798339844
2018-03-08,40.356502532958984,54.35072326660156,125.41999816894531,82.71182250976562,85.28278350830078,240.03753662109375,92.29366302490234,19.717308044433594
2018-03-09,41.2181510925293,54.69849395751953,125.54000091552734,82.53362274169922,84.98265838623047,244.2146759033203,91.6871109008789,19.692224502563477
2018-03-12,41.31757736206055,54.76032257080078,125.54000091552734,82.72798156738281,85.0924072265625,243.908203125,92.21588897705078,19.667137145996094
2018-03-13,40.94474792480469,54.3970947265625,125.77999877929688,82.86566162109375,85.0997543334961,242.33192443847656,92.68241119384766,19.616966247558594
2018-03-14,41.01102828979492,54.52847671508789,125.69999694824219,83.02759552001953,85.29012298583984,241.08837890625,93.49893951416016,19.62532615661621
2018-03-15,40.86189270019531,54.49756622314453,124.9000015258789,82.99519348144531,85.37789154052734,240.8255615234375,93.49893951416016,19.700584411621094
2018-03-16,40.77076721191406,54.45892333984375,124.5999984741211,82.89801025390625,85.4731216430664,241.0867462158203,93.16454315185547,19.750757217407227
2018-03-19,40.3316535949707,54.018436431884766,124.87000274658203,82.81706237792969,85.1875991821289,237.82473754882812,92.86902618408203,19.667137145996094
2018-03-20,40.77904510498047,54.010704040527344,124.30999755859375,82.65512084960938,84.88749694824219,238.22921752929688,92.49578094482422,19.784204483032227
2018-03-21,41.019309997558594,54.09571075439453,126.4800033569336,82.71182250976562,84.83625793457031,237.77200317382812,92.59688568115234,19.62532615661621
2018-03-22,39.65228271484375,53.0910758972168,125.9800033569336,83.05187225341797,84.98265838623047,231.82835388183594,93.51449584960938,19.650413513183594
2018-03-23,38.8486328125,52.503761291503906,127.61000061035156,83.16529083251953,84.71178436279297,226.8870391845703,93.44453430175781,19.583518981933594
2018-03-26,40.10795593261719,53.446563720703125,128.27999877929688,82.93855285644531,85.01192474365234,233.09442138671875,93.0867919921875,19.49153709411621
2018-03-27,39.378875732421875,53.05243682861328,127.48999786376953,83.408203125,85.31937408447266,229.1291961669922,94.08213806152344,19.583518981933594
2018-03-28,39.18003845214844,53.3615608215332,125.7300033569336,83.39202117919922,85.54627990722656,228.45216369628906,94.33097076416016,19.75912094116211
2018-03-29,40.0002555847168,53.84841537475586,125.79000091552734,83.56206512451172,85.93426513671875,231.37118530273438,94.78975677490234,19.742393493652344
2018-04-02,39.279457092285156,53.10653305053711,127.26000213623047,83.647216796875,85.88797760009766,226.37710571289062,94.97682189941406,19.734033584594727
2018-04-03,39.668853759765625,53.446563720703125,126.30000305175781,83.37958526611328,85.66043090820312,229.2786102294922,94.2442626953125,19.767478942871094
2018-04-04,39.68541717529297,53.63203430175781,126.44999694824219,83.33091735839844,85.66043090820312,231.7316131591797,94.0494384765625,19.75912094116211
2018-04-05,39.784847259521484,53.98751449584961,125.80000305175781,83.11998748779297,85.68983459472656,233.5605010986328,93.34808349609375,19.834373474121094
2018-04-06,39.006046295166016,53.63203430175781,126.38999938964844,83.4850082397461,85.94676208496094,228.35540771484375,94.36894226074219,19.75912094116211
2018-04-09,39.04747009277344,54.07252883911133,126.81999969482422,83.5012435913086,85.99081420898438,229.48085021972656,94.52478790283203,19.708946228027344
2018-04-10,39.8096923828125,54.65211868286133,127.12000274658203,83.35521697998047,86.01287841796875,233.12966918945312,94.35334777832031,19.658775329589844
2018-04-11,39.82626724243164,54.44346237182617,128.11000061035156,83.43634796142578,86.071533203125,231.9075469970703,94.6884536743164,19.642053604125977
2018-04-12,39.8096923828125,54.65211868286133,126.62000274658203,83.13618469238281,85.836669921875,233.81549072265625,93.99486541748047,19.683862686157227
2018-04-13,39.412010192871094,54.706214904785156,127.44999694824219,83.20922088623047,85.86602020263672,233.12966918945312,94.21308135986328,19.683862686157227
2018-04-16,39.461727142333984,54.791236877441406,127.62999725341797,83.16864013671875,85.87335968017578,235.04635620117188,94.2442626953125,19.616966247558594
2018-04-17,39.54457092285156,55.038516998291016,127.75,83.21729278564453,85.88066864013672,237.56103515625,94.50138854980469,19.616966247558594
2018-04-18,39.88425827026367,55.32445526123047,127.8499984741211,82.89286804199219,85.44020080566406,237.7368927001953,93.74551391601562,19.658775329589844
2018-04-19,39.65228271484375,55.11579895019531,127.5999984741211,82.6657485961914,85.11715698242188,236.4180450439453,92.98188781738281,19.717308044433594
2018-04-20,39.15517807006836,54.90714645385742,126.62999725341797,82.38990020751953,84.77210235595703,234.41334533691406,92.31168365478516,19.834373474121094
2018-04-23,38.84033966064453,54.83760452270508,125.62000274658203,82.308837890625,84.73542022705078,234.37818908691406,92.33506774902344,19.959802627563477
2018-04-24,38.65807342529297,54.61348342895508,126.2300033569336,82.21148681640625,84.48578643798828,231.22171020507812,91.91424560546875,19.934720993041992
2018-04-25,38.35980987548828,54.520748138427734,125.41000366210938,82.0329818725586,84.22152709960938,231.79324340820312,91.29862213134766,20.018339157104492
2018-04-26,38.9149169921875,54.791236877441406,124.97000122070312,82.26825714111328,84.47112274169922,234.14956665039062,91.93762969970703,20.11031723022461
2018-04-27,39.15517807006836,54.8453254699707,125.5,82.40616607666016,84.6620101928711,234.36941528320312,92.64680480957031,20.09359359741211
2018-04-30,38.87348937988281,54.667572021484375,124.58999633789062,82.49537658691406,84.58859252929688,232.56687927246094,92.81041717529297,20.177209854125977
2018-05-01,38.68292236328125,54.4743766784668,123.70999908447266,82.36618041992188,84.3595962524414,232.98019409179688,92.47616577148438,20.311004638671875
2018-05-02,38.37638473510742,54.451194763183594,123.6500015258789,82.3824462890625,84.29337310791016,231.41522216796875,92.37460327148438,20.402982711791992
2018-05-03,38.29352951049805,54.6212158203125,124.27999877929688,82.59374237060547,84.3080825805664,230.9052276611328,92.78856658935547,20.31936264038086
2018-05-04,38.4675178527832,54.81441116333008,124.54000091552734,82.60183715820312,84.42591094970703,233.8946075439453,92.92910766601562,20.344451904296875
2018-05-07,38.24381637573242,54.822139739990234,124.56999969482422,82.56123352050781,84.33016204833984,234.68589782714844,92.78075408935547,20.386259078979492
2018-05-08,38.459228515625,54.82986068725586,124.58999633789062,82.42304229736328,84.30072784423828,234.68589782714844,92.69483184814453,20.461515426635742
2018-05-09,38.533790588378906,54.96124267578125,124.33000183105469,82.23615264892578,84.2860107421875,236.954345703125,92.14033508300781,20.461515426635742
2018-05-10,39.33745193481445,55.31672286987305,125.18000030517578,82.40679931640625,84.71300506591797,239.16995239257812,92.8822250366211,20.369535446166992
2018-05-11,39.27117156982422,55.463558197021484,125.0,82.41494750976562,84.86023712158203,239.8997802734375,93.11654663085938,20.336088180541992
2018-05-14,39.32088088989258,55.56401824951172,124.48999786376953,82.23615264892578,84.70565032958984,240.01414489746094,92.62455749511719,20.361173629760742
2018-05-15,38.50894546508789,55.16216278076172,122.4800033569336,81.78099822998047,84.06511688232422,238.361083984375,91.57018280029297,20.486602783203125
2018-05-16,39.088897705078125,55.23945236206055,122.29000091552734,81.61039733886719,83.95468139648438,239.3634796142578,91.21876525878906,20.536771774291992
2018-05-17,38.49236297607422,55.32445526123047,122.36000061035156,81.56158447265625,83.79268646240234,239.16119384765625,90.7579574584961,20.561859130859375
2018-05-18,38.16925811767578,55.1235237121582,122.41000366210938,81.87854766845703,84.13874816894531,238.56333923339844,91.53895568847656,20.603668212890625
2018-05-21,38.40123748779297,55.47128677368164,122.4800033569336,81.9354248046875,84.19029235839844,240.35694885253906,91.5858154296875,20.586944580078125
2018-05-22,38.533790588378906,55.4017448425293,122.41000366210938,81.90291595458984,84.10196685791016,239.68873596191406,91.44525146484375,20.578582763671875
2018-05-23,38.51723098754883,54.791236877441406,122.54000091552734,82.27674102783203,84.46269226074219,240.3481903076172,92.10911560058594,20.662200927734375
2018-05-24,38.31010437011719,54.6212158203125,123.58999633789062,82.48805236816406,84.69827270507812,239.85580444335938,92.84324645996094,20.637115478515625
2018-05-25,38.4675178527832,54.26572036743164,123.20999908447266,82.81314086914062,84.94863891601562,239.28427124023438,93.42115783691406,20.737457275390625
2018-05-29,37.572731018066406,53.1606330871582,123.19000244140625,83.70710754394531,85.39775085449219,236.53231811523438,95.46732330322266,20.879610061645508
2018-05-30,37.870994567871094,53.9720573425293,123.37000274658203,83.34951782226562,85.06637573242188,239.68873596191406,94.82691955566406,20.720733642578125
2018-05-31,37.854427337646484,53.63203430175781,123.0999984741211,83.30892181396484,85.02958679199219,238.22047424316406,94.67072296142578,20.704008102416992
2018-06-01,38.38466262817383,54.09571075439453,122.48999786376953,83.00106048583984,84.86642456054688,240.55923461914062,94.17049407958984,20.737457275390625
2018-06-04,38.77406692504883,54.25799560546875,122.37000274658203,82.70792388916016,84.67438507080078,241.70217895507812,93.48943328857422,20.720733642578125
2018-06-05,38.47579574584961,54.172996520996094,122.8499984741211,82.91969299316406,84.73345947265625,241.8781280517578,93.70863342285156,20.695646286010742
2018-06-06,39.05575180053711,54.65985870361328,122.91999816894531,82.58577728271484,84.42327117919922,243.90029907226562,92.9493408203125,20.637115478515625
2018-06-07,38.459228515625,54.35072326660156,122.86000061035156,82.93592834472656,84.70391845703125,243.8739471435547,93.84953308105469,20.595304489135742
2018-06-08,38.38466262817383,54.412567138671875,123.01000213623047,82.82194519042969,84.56359100341797,244.5949249267578,93.56777954101562,20.603668212890625
2018-06-11,38.38466262817383,54.76032257080078,123.2300033569336,82.74053192138672,84.48234558105469,244.92019653320312,93.39553833007812,20.620393753051758
2018-06-12,38.285240173339844,54.412567138671875,122.81999969482422,82.69165802001953,84.48975372314453,245.23672485351562,93.41899108886719,20.662200927734375
2018-06-13,38.028411865234375,54.48982620239258,123.19000244140625,82.59395599365234,84.40848541259766,244.45431518554688,93.37203216552734,20.628753662109375
2018-06-14,37.77156066894531,54.37391662597656,123.37999725341797,82.85449981689453,84.79252624511719,245.0697479248047,94.14698791503906,20.896333694458008
2018-06-15,37.47330856323242,54.09571075439453,121.33999633789062,82.91969299316406,84.67438507080078,244.757080078125,94.23313903808594,20.879610061645508
2018-06-18,37.01762771606445,53.70931625366211,121.11000061035156,82.9603500366211,84.58570861816406,244.25360107421875,94.14698791503906,20.879610061645508
2018-06-19,36.60901641845703,53.2159309387207,120.80000305175781,83.18025970458984,84.63005828857422,243.31748962402344,94.69503021240234,20.938142776489258
2018-06-20,36.767452239990234,53.255340576171875,120.26000213623047,82.91151428222656,84.15740203857422,243.73255920410156,93.86519622802734,20.954864501953125
2018-06-21,36.25042724609375,52.87702560424805,120.05000305175781,83.1313705444336,84.09088897705078,242.2047576904297,94.35840606689453,20.896333694458008
2018-06-22,36.62568283081055,53.436614990234375,120.33999633789062,83.14764404296875,84.1943130493164,242.6462860107422,94.3505630493164,20.821075439453125
2018-06-25,36.1336784362793,52.69574737548828,119.88999938964844,83.26165008544922,84.11310577392578,239.3431396484375,94.5619125366211,20.787630081176758
2018-06-26,35.99190902709961,52.79033279418945,119.26000213623047,83.30236053466797,84.39371490478516,239.8729705810547,94.69503021240234,20.896333694458008
2018-06-27,35.299766540527344,52.29378890991211,118.58000183105469,83.61996459960938,84.68177032470703,237.88589477539062,95.58735656738281,21.021760940551758
2018-06-28,35.599971771240234,52.49082946777344,118.22000122070312,83.53850555419922,84.57096099853516,239.24600219726562,95.61087799072266,21.021760940551758
2018-06-29,36.1336784362793,52.782447814941406,118.6500015258789,83.47338104248047,84.61529541015625,239.59046936035156,95.28204345703125,20.854524612426758
2018-07-02,35.77510070800781,52.30167770385742,117.45999908447266,83.4162826538086,84.6263656616211,240.1027069091797,95.2075424194336,20.954864501953125
2018-07-03,35.800113677978516,52.45930480957031,118.6500015258789,83.62840270996094,84.93751525878906,239.2548370361328,95.71748352050781,20.887969970703125
2018-07-05,35.7083854675293,52.9794807434082,119.05000305175781,83.63655090332031,85.2042007446289,241.2066650390625,95.99211120605469,20.821075439453125
2018-07-06,36.20038604736328,53.26322555541992,118.86000061035156,83.70991516113281,85.32271575927734,243.246826171875,96.3059310913086,20.754179000854492
2018-07-09,36.850833892822266,53.7755241394043,119.1500015258789,83.49783325195312,85.38197326660156,245.43716430664062,95.68611145019531,20.762544631958008
2018-07-10,36.767452239990234,53.751869201660156,118.93000030517578,83.43258666992188,85.28570556640625,246.32029724121094,95.67829895019531,20.770904541015625
2018-07-11,36.050289154052734,52.85337448120117,117.63999938964844,83.60392761230469,85.45606231689453,244.5186309814453,96.04700469970703,20.91305923461914
2018-07-12,36.542293548583984,53.26322555541992,118.12999725341797,83.57124328613281,85.6412582397461,246.73536682128906,96.03919219970703,20.929780960083008
2018-07-13,36.56731414794922,53.42873764038086,117.61000061035156,83.70991516113281,85.70796966552734,246.92965698242188,96.28240966796875,20.90469741821289
2018-07-16,36.36717987060547,53.40509033203125,117.55000305175781,83.57124328613281,85.56719207763672,246.70883178710938,95.88227081298828,20.871246337890625
2018-07-17,36.634029388427734,53.49966812133789,116.27999877929688,83.52233123779297,85.50794219970703,247.70692443847656,95.70183563232422,20.963226318359375
2018-07-18,36.59233474731445,53.50754165649414,116.30999755859375,83.45703125,85.49312591552734,248.2279815673828,95.31733703613281,20.988313674926758
2018-07-19,36.14201736450195,53.397193908691406,115.80999755859375,83.68548583984375,85.62645721435547,247.29183959960938,95.92151641845703,21.030122756958008
2018-07-20,36.659053802490234,53.649410247802734,116.55999755859375,83.39176177978516,85.37457275390625,247.00921630859375,94.74462127685547,20.86288833618164
2018-07-23,36.417205810546875,53.649410247802734,116.0,82.98387908935547,85.03379821777344,247.46836853027344,93.57565307617188,20.896333694458008
2018-07-24,36.95092010498047,53.96467208862305,116.04000091552734,83.04100799560547,85.30049133300781,248.71365356445312,93.89732360839844,20.90469741821289
2018-07-25,37.551334381103516,54.36663055419922,116.68000030517578,82.98387908935547,85.41162109375,250.83334350585938,93.74822235107422,20.804353713989258
2018-07-26,37.134376525878906,54.122318267822266,115.7699966430664,82.89418029785156,85.49312591552734,250.2416534423828,93.56779479980469,20.94650650024414
2018-07-27,37.26780319213867,54.224754333496094,115.83000183105469,83.02469635009766,85.60424041748047,248.54588317871094,93.72465515136719,20.92142105102539
2018-07-30,37.209434509277344,54.216888427734375,115.6500015258789,82.91864013671875,85.4856948852539,247.2476043701172,93.40300750732422,20.846162796020508
2018-07-31,37.40958023071289,54.28780746459961,115.98999786376953,83.03280639648438,85.75236511230469,248.46641540527344,93.91300201416016,20.887969970703125
2018-08-01,37.07600402832031,54.011962890625,115.13999938964844,82.83666229248047,85.44998168945312,248.05128479003906,93.14794158935547,20.91305923461914
2018-08-02,36.583988189697266,53.65728759765625,114.5199966430664,82.93474578857422,85.55400848388672,249.402587890625,93.28157043457031,21.030122756958008
2018-08-03,36.867530822753906,53.68882369995117,114.91999816894531,83.14727783203125,85.82149505615234,250.47132873535156,93.74549865722656,21.046846389770508
2018-08-06,36.583988189697266,53.46024703979492,114.33000183105469,83.1881332397461,85.9031982421875,251.38980102539062,93.80055236816406,21.080293655395508
2018-08-07,36.959251403808594,53.87798309326172,114.58999633789062,83.0165023803711,85.63571166992188,252.2199249267578,93.31303405761719,21.05521011352539
2018-08-08,36.909217834472656,53.8306884765625,114.91000366210938,83.09004211425781,85.50199890136719,252.11392211914062,93.4073715209961,21.030122756958008
2018-08-09,36.80080795288086,53.67305374145508,114.73999786376953,83.31895446777344,85.56883239746094,251.76950073242188,94.19375610351562,21.155555725097656
2018-08-10,36.01692581176758,52.60116958618164,114.69000244140625,83.67860412597656,85.71002960205078,250.0826873779297,94.87782287597656,21.30606460571289
2018-08-13,35.42484664916992,52.412017822265625,112.95999908447266,83.65409088134766,85.6877670288086,249.14645385742188,94.68123626708984,21.314428329467773
2018-08-14,35.64167785644531,52.40413284301758,113.06999969482422,83.57231140136719,85.79923248291016,250.7362518310547,94.46891784667969,21.39804458618164
2018-08-15,34.61595153808594,51.64750671386719,111.19000244140625,83.77667236328125,85.97753143310547,248.8638916015625,95.01934814453125,21.39804458618164
2018-08-16,34.832763671875,52.01005935668945,111.0999984741211,83.75216674804688,86.08895111083984,250.87750244140625,95.01152038574219,21.381324768066406
2018-08-17,35.19968795776367,52.31743621826172,112.12999725341797,83.78485870361328,86.16326904296875,251.7606964111328,95.12946319580078,21.272619247436523
2018-08-20,35.35813522338867,52.60116958618164,112.69000244140625,84.04644012451172,86.38611602783203,252.2994384765625,95.76636505126953,21.222444534301758
2018-08-21,35.808448791503906,52.92432403564453,113.0199966430664,83.93197631835938,86.17068481445312,252.89117431640625,95.44397735595703,21.09701919555664
2018-08-22,36.09197998046875,53.12923812866211,113.2699966430664,84.08728790283203,86.16326904296875,252.74102783203125,95.8214111328125,21.03848648071289
2018-08-23,35.50823974609375,52.75092315673828,112.19999694824219,84.07916259765625,86.19297790527344,252.40550231933594,95.9708023071289,21.17227554321289
2018-08-24,36.16703414916992,53.05830001831055,114.16000366210938,84.1036148071289,86.36385345458984,253.92446899414062,96.15948486328125,21.071931838989258
2018-08-27,36.68406677246094,53.767642974853516,114.58999633789062,83.91561889648438,86.23011016845703,255.92929077148438,95.60910034179688,20.988313674926758
2018-08-28,36.55063247680664,53.72035217285156,113.68000030517578,83.72765350341797,85.9031982421875,256.05303955078125,95.03511047363281,20.988313674926758
2018-08-29,36.77579116821289,54.011962890625,114.19999694824219,83.7031021118164,85.81404876708984,257.43084716796875,95.16088104248047,20.954864501953125
2018-08-30,35.81679153442383,53.49966812133789,113.63999938964844,83.85841369628906,85.89579010009766,256.38861083984375,95.36531066894531,20.97159194946289
2018-08-31,36.00025177001953,53.074058532714844,113.51000213623047,83.8747787475586,85.76947784423828,256.3974609375,95.1451416015625,21.06357192993164
2018-09-04,35.299766540527344,52.62481689453125,112.93000030517578,83.68310546875,85.61145782470703,255.9558563232422,94.59507751464844,21.155555725097656
2018-09-05,34.79106521606445,52.14404296875,113.31999969482422,83.67494201660156,85.55934143066406,255.2669219970703,94.3428955078125,21.080293655395508
2018-09-06,34.82442855834961,51.98641586303711,113.54000091552734,83.8469467163086,85.79778289794922,254.4986114501953,94.68963623046875,21.080293655395508
2018-09-07,34.6493034362793,51.56869125366211,113.2300033569336,83.47018432617188,85.44007873535156,254.00396728515625,93.88579559326172,21.13882827758789
2018-09-10,34.30739974975586,51.883949279785156,113.1500015258789,83.5193099975586,85.72325134277344,254.44557189941406,94.2325668334961,21.09701919555664
2018-09-11,34.382450103759766,51.931243896484375,113.22000122070312,83.21626281738281,85.52951049804688,255.2845916748047,93.51539611816406,21.11374282836914
2018-09-12,34.55757141113281,52.15193176269531,114.16999816894531,83.31452941894531,85.700927734375,255.346435546875,93.736083984375,21.03848648071289
2018-09-13,35.02457809448242,52.538124084472656,113.76000213623047,83.30632019042969,85.87975311279297,256.8567810058594,93.87792205810547,20.97995376586914
2018-09-14,34.9912109375,52.6169319152832,113.0199966430664,83.15071105957031,85.77542877197266,256.9009094238281,93.42870330810547,21.05521011352539
2018-09-17,34.6743278503418,52.66421890258789,113.61000061035156,83.16709899902344,85.72325134277344,255.5408477783203,93.42870330810547,20.954864501953125
2018-09-18,35.00788879394531,53.2159309387207,113.44000244140625,82.82312774658203,85.37301635742188,256.9273376464844,92.45143127441406,20.988313674926758
2018-09-19,35.4915657043457,53.40509033203125,113.87999725341797,82.68387603759766,85.24632263183594,257.20111083984375,91.89979553222656,20.97995376586914
2018-09-20,35.88350296020508,54.067138671875,114.2699966430664,82.69207000732422,85.46988677978516,259.2854919433594,92.32536315917969,20.829439163208008
2018-09-21,36.050289154052734,54.09076690673828,113.48999786376953,82.72484588623047,85.48478698730469,259.048583984375,92.28591918945312,20.896333694458008
2018-09-24,35.64167785644531,53.84645080566406,113.47000122070312,82.63471221923828,85.291015625,258.1880187988281,92.049560546875,20.896333694458008
2018-09-25,35.78343200683594,54.11442565917969,113.6500015258789,82.5528564453125,85.291015625,257.9484558105469,91.95492553710938,20.91305923461914
2018-09-26,35.858489990234375,54.138057708740234,113.05000305175781,82.82312774658203,85.5965805053711,257.1765441894531,92.60122680664062,20.92142105102539
2018-09-27,36.033599853515625,54.02772903442383,112.05000305175781,82.82312774658203,85.70835876464844,257.89520263671875,92.66426849365234,21.071931838989258
2018-09-28,35.791770935058594,53.58635711669922,112.76000213623047,82.86404418945312,85.6487045288086,257.9219055175781,92.41993713378906,21.122106552124023
2018-10-01,35.800113677978516,53.649410247802734,112.56999969482422,82.65398406982422,85.5306167602539,258.81787109375,91.74141693115234,21.155555725097656
2018-10-02,35.349796295166016,53.37356185913086,113.87000274658203,82.86734008789062,85.60539245605469,258.6669616699219,92.30225372314453,21.18899917602539
2018-10-03,35.05792236328125,53.27898406982422,113.41999816894531,82.25181579589844,85.10455322265625,258.8089904785156,90.69883728027344,21.255891799926758
2018-10-04,34.182315826416016,52.65634536743164,113.4800033569336,82.03839874267578,84.75320434570312,256.7862243652344,90.0591049194336,21.264259338378906
2018-10-05,34.05721664428711,52.341087341308594,113.80000305175781,81.84147644042969,84.42431640625,255.34896850585938,89.2850112915039,21.23917007446289
2018-10-08,34.10725784301758,52.08887481689453,112.54000091552734,81.87428283691406,84.33464050292969,255.34896850585938,88.98487854003906,21.264259338378906
2018-10-09,33.9821662902832,51.95488739013672,112.5999984741211,82.03018188476562,84.57380676269531,254.9763641357422,89.88528442382812,21.255891799926758
2018-10-10,32.9731330871582,50.851470947265625,112.87999725341797,82.0712661743164,84.34207916259766,246.90304565429688,89.64045715332031,21.230810165405273
2018-10-11,32.639556884765625,50.14213562011719,115.77999877929688,82.40775299072266,84.69344329833984,241.46466064453125,90.73046112060547,21.11374282836914
2018-10-12,33.59856414794922,50.32341766357422,115.2300033569336,82.30927276611328,84.7083740234375,244.81820678710938,90.41448974609375,21.18063735961914
2018-10-15,33.23997497558594,50.2052001953125,116.0,82.35850524902344,84.5513687133789,243.44296264648438,90.37501525878906,21.13046646118164
2018-10-16,34.07390213012695,51.064273834228516,115.80000305175781,82.35033416748047,84.76815795898438,248.76614379882812,90.58035278320312,21.13882827758789
2018-10-17,33.65694046020508,50.77266311645508,115.79000091552734,82.11226654052734,84.34956359863281,248.81051635742188,90.04327392578125,21.24753189086914
2018-10-18,32.772987365722656,49.9529914855957,115.91999816894531,82.260009765625,84.34956359863281,245.2173614501953,90.01168823242188,21.339513778686523
2018-10-19,33.081546783447266,50.23672103881836,116.01000213623047,82.16154479980469,84.2448959350586,245.08433532714844,89.81421661376953,21.297704696655273
2018-10-22,33.440120697021484,50.01604080200195,115.70999908447266,82.17792510986328,84.14026641845703,243.98414611816406,89.69571685791016,21.372961044311523
2018-10-23,33.07320022583008,49.543148040771484,116.38999938964844,82.39130401611328,84.25987243652344,242.7421112060547,89.98005676269531,21.339513778686523
2018-10-24,32.005775451660156,48.14023971557617,116.66000366210938,82.8344955444336,84.37944793701172,235.38739013671875,90.6593246459961,21.448217391967773
2018-10-25,32.62287902832031,48.747108459472656,116.4000015258789,82.63754272460938,84.27478790283203,239.6104278564453,90.28022766113281,21.50674819946289
2018-10-26,32.24761962890625,48.41609573364258,116.7699966430664,83.00686645507812,84.41683959960938,235.3962860107422,90.82524108886719,21.448217391967773
2018-10-29,31.688888549804688,48.282108306884766,116.30999755859375,82.99864196777344,84.31965637207031,234.0920867919922,90.6198501586914,21.50674819946289
2018-10-30,32.30599594116211,48.865333557128906,115.80000305175781,82.81810760498047,84.1327896118164,237.5609893798828,90.16964721679688,21.598731994628906
2018-10-31,32.65623474121094,49.22789001464844,115.1500015258789,82.61287689208984,83.89358520507812,240.09835815429688,89.71155548095703,21.590370178222656
2018-11-01,33.823726654052734,49.858402252197266,116.62999725341797,82.68365478515625,84.14781951904297,242.65345764160156,89.79466247558594,21.448217391967773
2018-11-02,34.0405387878418,49.92934036254883,116.6500015258789,82.22309875488281,83.81037139892578,241.2161865234375,88.6782455444336,21.498390197753906
2018-11-05,34.13227844238281,49.92934036254883,116.37000274658203,82.27241516113281,83.96028137207031,242.54698181152344,89.02665710449219,21.490028381347656
2018-11-06,34.07390213012695,50.134254455566406,116.04000091552734,82.18190002441406,84.10287475585938,244.08177185058594,88.97122192382812,21.439855575561523
2018-11-07,34.71601867675781,50.8041877746582,116.02999877929688,82.18190002441406,84.32034301757812,249.30731201171875,89.0899429321289,21.39804458618164
2018-11-08,33.81538772583008,50.307647705078125,115.77999877929688,82.06681060791016,84.07284545898438,248.85479736328125,89.08207702636719,21.523475646972656
2018-11-09,33.189945220947266,49.97663116455078,114.4800033569336,82.38755798339844,84.1328353881836,246.42396545410156,89.7471923828125,21.565282821655273
2018-11-12,32.72296142578125,49.15694808959961,113.66000366210938,82.63426208496094,84.12535858154297,241.81947326660156,90.33306884765625,21.75760841369629
2018-11-13,33.09821319580078,49.369754791259766,113.69999694824219,82.70011138916016,84.01282501220703,241.36697387695312,90.27765655517578,21.682348251342773
2018-11-14,33.29835891723633,49.40916061401367,114.63999938964844,82.87279510498047,83.7878189086914,239.71685791015625,90.33306884765625,21.607093811035156
2018-11-15,34.0405387878418,49.566795349121094,114.7699966430664,82.93038177490234,83.63033294677734,242.21865844726562,90.29346466064453,21.657264709472656
2018-11-16,34.10725784301758,49.6219596862793,115.62000274658203,83.18536376953125,83.79534149169922,242.8485870361328,90.81603240966797,21.498390197753906
2018-11-19,33.64860153198242,49.1884765625,115.66999816894531,83.30872344970703,83.71286010742188,238.7409210205078,91.06940460205078,21.481666564941406
2018-11-20,32.923091888427734,48.3372802734375,115.66999816894531,83.29229736328125,83.51033782958984,234.32278442382812,91.1010513305664,21.590370178222656
2018-11-21,33.5318489074707,49.01508331298828,115.86000061035156,83.27587127685547,83.6903305053711,235.12123107910156,91.06940460205078,21.590370178222656
2018-11-23,33.139915466308594,48.69194412231445,115.7699966430664,83.3251724243164,83.72783660888672,233.5509033203125,91.16441345214844,21.632179260253906
2018-11-26,33.54853820800781,49.4249267578125,115.63999938964844,83.2593994140625,83.76532745361328,237.3214569091797,90.95855712890625,21.67399024963379
2018-11-27,33.78202819824219,49.23577117919922,114.94999694824219,83.34163665771484,83.66030883789062,238.11990356445312,91.06147766113281,21.73252296447754
2018-11-28,34.59092712402344,49.93722915649414,115.37999725341797,83.3333969116211,83.88532257080078,243.6027069091797,90.61805725097656,21.623817443847656
2018-11-29,34.290714263916016,49.68501281738281,115.73999786376953,83.54725646972656,83.64534759521484,243.07037353515625,90.97440338134766,21.590370178222656
2018-11-30,34.25736618041992,49.47220993041992,115.54000091552734,83.71176147460938,83.59282684326172,244.55201721191406,91.31488800048828,21.67399024963379
2018-12-03,34.94951248168945,50.12638473510742,116.41000366210938,83.89474487304688,83.90357971191406,247.7902069091797,91.96324920654297,21.682348251342773
2018-12-04,34.20733642578125,48.825927734375,117.12000274658203,84.28211212158203,83.91861724853516,239.76113891601562,93.50284576416016,21.640541076660156
2018-12-06,33.89044189453125,48.36880111694336,117.13999938964844,84.49636840820312,84.17443084716797,239.39747619628906,93.79644775390625,21.632179260253906
2018-12-07,33.256656646728516,47.88014602661133,118.08999633789062,84.7436294555664,84.18193054199219,233.83482360839844,93.97107696533203,21.573644638061523
2018-12-10,32.90641403198242,47.50971603393555,117.68000030517578,84.79309844970703,84.43773651123047,234.27842712402344,94.35993957519531,21.715797424316406
2018-12-11,33.156585693359375,47.65946960449219,117.54000091552734,84.5788345336914,84.5882339477539,234.3316650390625,94.34407043457031,21.77433204650879
2018-12-12,33.698638916015625,48.36091995239258,117.79000091552734,84.34803009033203,84.67850494384766,235.51161193847656,93.92343139648438,21.690711975097656
2018-12-13,33.69029998779297,48.274227142333984,117.52999877929688,84.3974838256836,84.90419006347656,235.43177795410156,93.70121765136719,21.690711975097656
2018-12-14,33.2149658203125,47.65157699584961,117.05999755859375,84.5293960571289,84.81392669677734,231.0845947265625,94.02662658691406,21.77433204650879
2018-12-17,32.90641403198242,47.27326965332031,117.87000274658203,84.77664947509766,84.90419006347656,226.5510711669922,94.57420349121094,21.715797424316406
2018-12-18,33.12987518310547,47.31150817871094,118.1500015258789,84.98558044433594,85.20760345458984,226.30264282226562,95.14060974121094,21.70743751525879
2018-12-19,32.579681396484375,46.85744094848633,117.43000030517578,85.28289794921875,85.1396713256836,222.91358947753906,96.3974609375,21.715797424316406
2018-12-20,32.8336181640625,46.66624069213867,119.23999786376953,85.17552947998047,84.86045837402344,219.2849884033203,96.04742431640625,21.548559188842773
2018-12-21,32.60508346557617,45.85368728637695,118.72000122070312,85.24988555908203,84.77739715576172,214.7919921875,96.03157806396484,21.690711975097656
2018-12-24,32.30035400390625,45.319950103759766,120.0199966430664,85.4645767211914,84.58118438720703,209.11651611328125,96.50881958007812,21.5943603515625
2018-12-26,32.94365310668945,46.371498107910156,119.66000366210938,85.05989074707031,84.51325225830078,219.68209838867188,95.47471618652344,21.704235076904297
2018-12-27,32.90132522583008,46.506919860839844,120.56999969482422,85.27464294433594,84.51325225830078,221.36874389648438,95.4906005859375,21.61126708984375
2018-12-28,33.21451950073242,46.75387191772461,121.05999755859375,85.73715209960938,84.91324615478516,221.0831298828125,96.29405975341797,21.55210304260254
2018-12-31,33.062164306640625,46.8255729675293,121.25,86.05924987792969,85.14723205566406,223.01956176757812,96.65996551513672,21.509843826293945
2019-01-02,33.14680480957031,46.729976654052734,121.33000183105469,86.2408676147461,85.41136169433594,223.25157165527344,97.16910552978516,21.670427322387695
2019-01-03,32.545833587646484,46.307762145996094,122.43000030517578,86.92648315429688,85.44912719726562,217.9241485595703,98.27481842041016,21.55210304260254
2019-01-04,33.595420837402344,47.72575378417969,121.44000244140625,86.22443389892578,85.39629364013672,225.22372436523438,97.13727569580078,21.518293380737305
2019-01-07,33.671600341796875,47.90896987915039,121.86000061035156,85.98490142822266,85.4038314819336,226.99957275390625,96.85086059570312,21.42532730102539
2019-01-08,33.79855728149414,48.21966552734375,121.52999877929688,85.77017974853516,85.59252166748047,229.13226318359375,96.5963363647461,21.492942810058594
2019-01-09,34.3995475769043,48.7613639831543,122.30999755859375,85.81974029541016,85.91704559326172,230.2030792236328,96.4451904296875,21.290096282958984
2019-01-10,34.645015716552734,48.952552795410156,121.58999633789062,85.77843475341797,85.69064331054688,231.01512145996094,95.82470703125,21.4168758392334
2019-01-11,34.47572708129883,48.61796951293945,121.80000305175781,86.03446960449219,85.8490982055664,231.10443115234375,96.1986312866211,21.433778762817383
2019-01-14,34.187931060791016,48.39491271972656,122.08999633789062,85.98490142822266,85.62267303466797,229.69439697265625,95.84062194824219,21.433778762817383
2019-01-15,34.4249382019043,48.64983367919922,121.87999725341797,85.9023208618164,85.675537109375,232.3269500732422,95.4906005859375,21.509843826293945
2019-01-16,34.8481559753418,48.78526306152344,122.2699966430664,85.85276794433594,85.841552734375,232.88909912109375,95.58611297607422,21.535200119018555
2019-01-17,35.00052261352539,48.96052169799805,122.11000061035156,85.69583129882812,86.0151596069336,234.65599060058594,95.60991668701172,21.535200119018555
2019-01-18,35.16980743408203,49.454429626464844,121.0199966430664,85.42328643798828,86.16612243652344,237.77920532226562,95.10877227783203,21.602813720703125
2019-01-22,34.560367584228516,48.68967056274414,121.44999694824219,85.72061157226562,86.3094711303711,234.56671142578125,95.75312042236328,21.602813720703125
2019-01-23,34.91587448120117,48.9127311706543,121.27999877929688,85.67935180664062,86.52837371826172,235.05752563476562,95.71334838867188,21.55210304260254
2019-01-24,35.25445556640625,48.9684944152832,121.08999633789062,85.95189666748047,86.7547607421875,235.18246459960938,96.3417739868164,21.678878784179688
2019-01-25,35.720001220703125,49.526126861572266,122.86000061035156,85.75364685058594,86.8302001953125,237.17245483398438,95.88040161132812,21.501394271850586
2019-01-28,35.34756088256836,49.255271911621094,123.29000091552734,85.77843475341797,86.81517791748047,235.3699493408203,95.78492736816406,21.518293380737305
2019-01-29,35.40681457519531,49.36680221557617,123.9800033569336,86.02621459960938,87.00381469726562,235.05752563476562,96.27019500732422,21.52674674987793
2019-01-30,36.17707824707031,49.908512115478516,124.69000244140625,86.22443389892578,87.40382385253906,238.77871704101562,96.1986312866211,21.4168758392334
2019-01-31,36.4818000793457,49.932403564453125,124.75,86.62089538574219,88.01513671875,240.87576293945312,97.02589416503906,21.45913314819336
2019-02-01,36.19401168823242,49.916473388671875,124.5,86.1573715209961,87.80543518066406,240.9917449951172,96.43989562988281,21.45913314819336
2019-02-04,36.253257751464844,50.09969711303711,123.95999908447266,85.96703338623047,87.68429565429688,242.68728637695312,96.00939178466797,21.518293380737305
2019-02-05,36.75265884399414,50.49004364013672,124.27999877929688,86.11599731445312,88.04017639160156,243.7045440673828,96.4478530883789,21.57745933532715
2019-02-06,36.253257751464844,50.23512649536133,123.44000244140625,86.18219757080078,87.87356567382812,243.38327026367188,96.49571228027344,21.661975860595703
2019-02-07,35.88928985595703,49.56596374511719,123.73999786376953,86.46361541748047,87.85847473144531,241.0631561279297,97.1335678100586,21.71268653869629
2019-02-08,35.68613815307617,49.40663146972656,124.20999908447266,86.5794677734375,88.07795715332031,241.35760498046875,97.54817199707031,21.738040924072266
2019-02-11,35.56764221191406,49.35883331298828,123.5999984741211,86.44705200195312,87.88118743896484,241.49148559570312,97.16541290283203,21.822561264038086
2019-02-12,35.863895416259766,49.932403564453125,123.86000061035156,86.33118438720703,88.00225067138672,244.5968780517578,96.91825866699219,21.746492385864258
2019-02-13,35.60996627807617,49.940364837646484,123.37000274658203,86.11599731445312,87.77519226074219,245.39114379882812,96.55155944824219,21.86482048034668
2019-02-14,35.67767333984375,49.95630645751953,124.05999755859375,86.52153778076172,87.87356567382812,244.8467559814453,97.1016616821289,21.839466094970703
2019-02-15,35.62689208984375,50.68122482299805,124.80000305175781,86.43875122070312,87.97955322265625,247.51498413085938,97.25312042236328,21.79720687866211
2019-02-19,35.906211853027344,50.87241744995117,126.69999694824219,86.58773040771484,88.03253173828125,247.9432373046875,97.50028991699219,21.71268653869629
2019-02-20,36.1093635559082,51.015811920166016,126.4800033569336,86.57122039794922,87.95685577392578,248.4430389404297,97.22122955322266,21.729591369628906
2019-02-21,36.033180236816406,50.91225051879883,125.05000305175781,86.31462097167969,87.70703125,247.5595703125,96.35221862792969,21.746492385864258
2019-02-22,36.43101501464844,51.07954406738281,125.5,86.57122039794922,88.10071563720703,249.09445190429688,96.92622375488281,21.738040924072266
2019-02-25,36.837303161621094,51.23089599609375,125.37000274658203,86.43875122070312,88.07041931152344,249.43353271484375,96.63924407958984,21.721141815185547
2019-02-26,36.71033477783203,51.47785949707031,125.58000183105469,86.69529724121094,88.20665740966797,249.25506591796875,97.11759185791016,21.636619567871094
2019-02-27,36.39715576171875,51.2707405090332,124.69000244140625,86.38914489746094,87.95685577392578,249.1479949951172,96.01736450195312,21.653526306152344
2019-02-28,35.92314147949219,51.19904708862305,123.98999786376953,86.16561889648438,87.83573150634766,248.6839599609375,95.69046783447266,21.670427322387695
2019-03-01,35.96547317504883,51.47785949707031,121.87999725341797,85.88288879394531,87.68234252929688,250.23670959472656,94.80599212646484,21.754945755004883
2019-03-04,36.01625442504883,51.28665542602539,121.55999755859375,86.14824676513672,87.87977600097656,249.32640075683594,95.54902648925781,21.780302047729492
2019-03-05,36.371761322021484,51.33446502685547,121.72000122070312,86.19798278808594,87.91017150878906,248.98741149902344,95.74874877929688,21.839466094970703
2019-03-06,36.16862487792969,51.20700454711914,121.61000061035156,86.43846893310547,87.99366760253906,247.47921752929688,96.10030364990234,21.839466094970703
2019-03-07,35.49992752075195,50.55377197265625,121.51000213623047,86.72874450683594,88.28228759765625,245.40896606445312,96.72352600097656,22.033855438232422
2019-03-08,35.24599075317383,50.561744689941406,122.83999633789062,86.85308074951172,88.39617919921875,244.9181671142578,97.1309814453125,21.96624183654785
2019-03-11,35.906211853027344,50.9998779296875,122.23999786376953,86.78675842285156,88.49483489990234,248.46971130371094,96.8433837890625,21.915531158447266
2019-03-12,36.092437744140625,50.968013763427734,122.9800033569336,87.02720642089844,88.73786926269531,249.40679931640625,97.52246856689453,21.87327003479004
2019-03-13,36.13475799560547,51.40616226196289,123.83999633789062,86.9940414428711,88.59356689453125,251.05770874023438,97.33875274658203,21.7718505859375
2019-03-14,35.9400749206543,51.398189544677734,122.41000366210938,86.86965942382812,88.4189224243164,250.8970489501953,96.6355972290039,21.839466094970703
2019-03-15,36.464874267578125,51.95583724975586,122.97000122070312,87.14330291748047,88.73786926269531,252.13661193847656,97.27479553222656,21.80565643310547
2019-03-18,36.87116622924805,52.13904571533203,123.04000091552734,87.02720642089844,88.69229125976562,253.0507354736328,97.2188720703125,21.780302047729492
2019-03-19,36.888092041015625,52.24262237548828,123.37999725341797,86.96917724609375,88.70747375488281,253.11351013183594,97.003173828125,21.754945755004883
2019-03-20,36.94734573364258,52.266517639160156,124.18000030517578,87.57450866699219,89.3073959350586,252.3517608642578,98.01787567138672,21.6281681060791
2019-03-21,36.998130798339844,52.23464584350586,123.68000030517578,87.53302764892578,89.47442626953125,255.20187377929688,98.23359680175781,21.76340103149414
2019-03-22,35.9146842956543,51.23089599609375,123.97000122070312,88.17981719970703,90.02117156982422,250.29017639160156,99.75958251953125,21.80565643310547
2019-03-25,35.99932098388672,51.30259704589844,124.91999816894531,88.40374755859375,90.20338439941406,250.10198974609375,99.91940307617188,21.80565643310547
2019-03-26,36.1093635559082,51.55752182006836,124.30000305175781,88.32913208007812,90.24137115478516,251.96627807617188,99.84754180908203,21.87327003479004
2019-03-27,35.720001220703125,51.5814208984375,123.6500015258789,88.5861587524414,90.36285400390625,250.64874267578125,100.76629638671875,21.89862632751465
2019-03-28,35.95700454711914,51.453948974609375,121.9000015258789,88.59446716308594,90.47676849365234,251.59878540039062,101.11788940429688,21.974693298339844
2019-03-29,36.32944107055664,51.66904830932617,122.01000213623047,88.45345306396484,90.408447265625,253.1852569580078,101.02198791503906,22.000049591064453
2019-04-01,36.93041229248047,52.33024978637695,121.52999877929688,87.8452377319336,90.07177734375,256.18780517578125,99.58706665039062,21.983144760131836
2019-04-02,36.81191635131836,52.34617233276367,121.9800033569336,87.99484252929688,90.19364929199219,256.31329345703125,99.77125549316406,22.008501052856445
2019-04-03,37.06584930419922,52.75245666503906,121.80000305175781,87.72059631347656,90.00318908691406,256.7166748046875,98.90650177001953,21.974693298339844
2019-04-04,37.29439163208008,52.640933990478516,122.11000061035156,87.81201934814453,90.14794158935547,257.3978576660156,99.1867446899414,22.000049591064453
2019-04-05,37.58218002319336,52.776344299316406,121.9800033569336,87.85359954833984,90.29267120361328,258.64373779296875,99.3148422241211,22.02540397644043
2019-04-08,37.58218002319336,52.80821990966797,122.51000213623047,87.7122802734375,90.16313934326172,258.84088134765625,98.96251678466797,21.949337005615234
2019-04-09,37.506004333496094,52.47364044189453,123.1500015258789,87.87017822265625,90.35357666015625,257.5143737792969,99.27482604980469,21.95779037475586
2019-04-10,37.683753967285156,52.67279815673828,123.52999877929688,88.07792663574219,90.79534149169922,258.3927001953125,99.5150375366211,21.923982620239258
2019-04-11,37.2774543762207,52.561275482177734,121.94999694824219,87.87847137451172,90.70394897460938,258.321044921875,98.93048858642578,21.99159812927246
2019-04-12,37.54832077026367,52.92771530151367,121.83000183105469,87.47135162353516,90.6506118774414,260.0688781738281,98.225830078125,21.940887451171875
2019-04-15,37.353633880615234,52.95161819458008,121.5999984741211,87.58766174316406,90.50594329833984,259.8985290527344,98.47406768798828,21.93243408203125
2019-04-16,37.632965087890625,52.991432189941406,120.51000213623047,87.28853607177734,90.25460815429688,260.0688781738281,97.85749053955078,21.983144760131836
2019-04-17,37.743003845214844,53.14279556274414,120.27999877929688,87.30513763427734,90.23933410644531,259.432373046875,97.89753723144531,21.96624183654785
2019-04-18,37.717613220214844,53.11093521118164,120.37000274658203,87.51290130615234,90.31550598144531,259.9433898925781,98.40998840332031,22.084566116333008
2019-04-22,37.47214126586914,53.0233039855957,120.37000274658203,87.38824462890625,90.17078399658203,260.16741943359375,97.93758392333984,22.033855438232422
2019-04-23,37.556785583496094,53.126869201660156,120.12000274658203,87.5461196899414,90.54398345947266,262.5066223144531,98.1457748413086,22.109922409057617
2019-04-24,37.048912048339844,52.76042556762695,120.47000122070312,87.87847137451172,90.84867858886719,261.92413330078125,98.94646453857422,22.21979522705078
2019-04-25,36.998130798339844,52.7205810546875,120.56999969482422,87.7704849243164,90.802978515625,261.7627868652344,98.8023681640625,22.262054443359375
2019-04-26,37.142032623291016,52.93567657470703,121.37000274658203,88.00311279296875,91.12285614013672,262.98175048828125,99.138671875,22.2367000579834
2019-04-29,37.21820831298828,53.15077209472656,120.83000183105469,87.8203353881836,90.76485443115234,263.39398193359375,98.5060806274414,22.185989379882812
2019-04-30,37.18434524536133,53.1826286315918,121.19999694824219,87.99484252929688,90.802978515625,263.5285949707031,99.01055145263672,22.11837387084961
2019-05-01,36.90501403808594,52.879913330078125,120.4000015258789,87.95482635498047,90.77392578125,261.547607421875,99.41901397705078,22.14373016357422
2019-05-02,36.98966979980469,52.80025100708008,119.94000244140625,87.70507049560547,90.44544219970703,260.9830322265625,98.945556640625,22.194440841674805
2019-05-03,37.42981719970703,53.36585998535156,120.6500015258789,87.82160186767578,90.8503189086914,263.5374450683594,99.22638702392578,22.109922409057617
2019-05-06,36.6595573425293,52.76042556762695,120.80999755859375,88.04642486572266,90.9725341796875,262.4529113769531,99.49923706054688,22.126827239990234
2019-05-07,35.9400749206543,51.83633804321289,121.20999908447266,88.34616088867188,90.96489715576172,258.07012939453125,100.26148986816406,22.14373016357422
2019-05-08,35.88928985595703,51.90007400512695,120.91000366210938,88.17963409423828,90.65937042236328,257.7115173339844,99.82823944091797,22.152179718017578
2019-05-09,35.32217025756836,51.66107940673828,121.19999694824219,88.41278839111328,90.74335479736328,256.9317626953125,100.2374267578125,22.109922409057617
2019-05-10,35.533782958984375,52.043460845947266,121.43000030517578,88.35449981689453,90.79683685302734,258.2223815917969,100.10106658935547,22.101469039916992
2019-05-13,34.348758697509766,50.83259201049805,122.66999816894531,88.7957763671875,90.8503189086914,251.73329162597656,100.88739013671875,22.101469039916992
2019-05-14,34.83123016357422,51.34242630004883,122.45999908447266,88.71253204345703,90.98015594482422,254.00975036621094,100.59050750732422,22.152179718017578
2019-05-15,34.89894485473633,51.52565383911133,122.38999938964844,88.99557495117188,91.23228454589844,255.49766540527344,101.2083511352539,22.16063117980957
2019-05-16,34.72965621948242,51.93989944458008,121.51000213623047,88.82072448730469,91.08714294433594,257.8639221191406,100.87135314941406,22.21979522705078
2019-05-17,34.1032829284668,51.59735107421875,120.6500015258789,88.86238861083984,91.09471893310547,256.19683837890625,101.09600830078125,22.270505905151367
2019-05-20,33.959388732910156,51.390228271484375,120.63999938964844,88.71253204345703,90.88087463378906,254.5028533935547,100.88739013671875,22.253602981567383
2019-05-21,34.391075134277344,51.7327766418457,120.36000061035156,88.61260223388672,90.95722198486328,256.7972412109375,100.7269058227539,22.287410736083984
2019-05-22,34.22178268432617,51.52565383911133,120.23999786376953,88.8790054321289,91.07183837890625,256.0085754394531,101.30462646484375,22.30431365966797
2019-05-23,33.78164291381836,51.05564498901367,121.16999816894531,89.42022705078125,91.27044677734375,252.88055419921875,102.44407653808594,22.262054443359375
2019-05-24,33.815494537353516,51.605316162109375,121.30000305175781,89.39521026611328,91.46144104003906,253.4541473388672,102.5323486328125,22.185989379882812
2019-05-28,33.93399429321289,51.10344314575195,120.83000183105469,89.78654479980469,91.52251434326172,251.09689331054688,103.27059173583984,22.278959274291992
2019-05-29,34.15407180786133,50.776824951171875,120.87000274658203,89.75326538085938,91.56072998046875,249.41183471679688,103.58350372314453,22.329668045043945
2019-05-30,34.34029769897461,50.968013763427734,121.69000244140625,90.07797241210938,92.08782196044922,250.09304809570312,104.47418212890625,22.338119506835938
2019-05-31,34.45879364013672,50.50597381591797,123.33000183105469,90.67740631103516,92.30174255371094,246.72300720214844,105.78213500976562,22.24515151977539
2019-06-03,34.77198028564453,50.80072784423828,125.11000061035156,91.11371612548828,92.58601379394531,246.0955810546875,106.4897232055664,22.126827239990234
2019-06-04,34.8481559753418,51.382266998291016,125.1500015258789,90.78003692626953,92.61663818359375,251.4375,105.27554321289062,22.101469039916992
2019-06-05,34.56882858276367,51.3663330078125,125.47000122070312,90.78003692626953,92.55532836914062,253.615478515625,104.68054962158203,22.177536010742188
2019-06-06,34.58576583862305,51.573455810546875,125.87999725341797,90.76336669921875,92.7315444946289,255.26475524902344,105.01824188232422,22.101469039916992
2019-06-07,34.85663604736328,52.226680755615234,126.58999633789062,91.1220932006836,93.14537048339844,257.8190612792969,105.92686462402344,22.008501052856445
2019-06-10,35.22059631347656,52.37007522583008,125.33000183105469,90.67158508300781,92.80824279785156,259.002197265625,104.92980194091797,22.033855438232422
2019-06-11,35.61842346191406,52.63296127319336,125.18000030517578,90.67158508300781,92.89249420166016,258.939453125,104.99412536621094,22.042306900024414
2019-06-12,35.23752975463867,52.24262237548828,125.83000183105469,90.90515899658203,93.03041076660156,258.48236083984375,105.07453918457031,22.101469039916992
2019-06-13,35.17827606201172,52.290409088134766,126.5999984741211,91.13038635253906,93.26795959472656,259.5489501953125,105.43638610839844,22.11837387084961
2019-06-14,34.788909912109375,51.90803527832031,126.55999755859375,91.19715881347656,93.30624389648438,259.26214599609375,105.70172882080078,22.2367000579834
2019-06-17,34.926231384277344,51.945472717285156,126.4800033569336,91.18045043945312,93.35223388671875,259.3607482910156,105.88666534423828,22.24515151977539
2019-06-18,35.770599365234375,52.637203216552734,127.12000274658203,91.35566711425781,93.97291564941406,262.0765686035156,106.41735076904297,22.278959274291992
2019-06-19,36.06911087036133,52.96273422241211,127.88999938964844,91.60592651367188,94.57061004638672,262.66796875,106.57011413574219,22.177536010742188
2019-06-20,36.59790802001953,53.426605224609375,131.11000061035156,91.75609588623047,95.08395385742188,265.1776123046875,106.85154724121094,22.042306900024414
2019-06-21,36.47850036621094,53.198734283447266,131.97999572753906,91.38068389892578,94.73915100097656,264.7922058105469,105.67755126953125,21.93243408203125
2019-06-24,36.42732238769531,53.31266403198242,133.94000244140625,91.69769287109375,94.9766845703125,264.4680480957031,106.46558380126953,21.89862632751465
2019-06-25,36.05205535888672,52.99528884887695,134.1999969482422,91.83946990966797,94.69316864013672,261.87408447265625,106.79522705078125,21.949337005615234
2019-06-26,36.393218994140625,53.06038284301758,132.97000122070312,91.464111328125,94.50161743164062,261.6128845214844,106.11177062988281,21.96624183654785
2019-06-27,36.64908218383789,53.19059371948242,132.83999633789062,91.7393569946289,95.05330657958984,262.54058837890625,106.85955047607422,21.96624183654785
2019-06-28,36.59790802001953,53.491703033447266,133.1999969482422,91.7811050415039,95.29851531982422,263.8914489746094,106.78718566894531,21.949337005615234
2019-07-01,37.03288269042969,53.74399185180664,130.6199951171875,91.665771484375,95.4791030883789,266.2873229980469,106.53743743896484,22.109922409057617
2019-07-02,36.93907165527344,53.898616790771484,133.41000366210938,91.99173736572266,95.74037170410156,266.9808044433594,107.35922241210938,22.093017578125
2019-07-03,36.87083435058594,54.264827728271484,133.6300048828125,92.16718292236328,96.00164031982422,269.1153259277344,108.12450408935547,22.093017578125
2019-07-05,36.61496353149414,53.84978103637695,132.13999938964844,91.58221435546875,95.15635681152344,268.8091735839844,106.69053649902344,22.21134376525879
2019-07-08,36.393218994140625,53.5405387878418,131.2899932861328,91.49030303955078,95.02574920654297,267.33203125,106.83553314208984,22.253602981567383
2019-07-09,36.28234100341797,53.31266403198242,131.75,91.4317855834961,94.82593536376953,267.665283203125,106.79524993896484,22.270505905151367
2019-07-10,36.58938217163086,53.49984359741211,133.8300018310547,91.48196411132812,95.04112243652344,268.94415283203125,106.2071533203125,22.177536010742188
2019-07-11,36.521148681640625,53.48357391357422,132.6999969482422,91.0306625366211,94.48011779785156,269.5747375488281,104.78922271728516,22.177536010742188
2019-07-12,36.5467414855957,53.54867935180664,133.52999877929688,91.13095092773438,94.57231903076172,270.7815246582031,104.91006469726562,22.135278701782227
2019-07-15,36.683197021484375,53.59750747680664,133.52999877929688,91.32317352294922,94.73374938964844,270.8716735839844,105.5142593383789,22.169084548950195
2019-07-16,36.63202667236328,53.37777328491211,132.39999389648438,91.12258911132812,94.53387451171875,269.9980163574219,105.20011138916016,22.270505905151367
2019-07-17,36.521148681640625,53.30453109741211,134.5800018310547,91.54879760742188,95.03341674804688,268.16064453125,106.3360366821289,22.228246688842773
2019-07-18,36.74290466308594,53.467288970947266,136.47999572753906,91.7744369506836,95.25627899169922,269.142333984375,106.34410858154297,22.109922409057617
2019-07-19,36.555267333984375,53.31266403198242,134.47000122070312,91.60729217529297,95.11023712158203,267.64727783203125,106.09436798095703,22.21979522705078
2019-07-22,36.56379318237305,53.3696403503418,134.4499969482422,91.64903259277344,95.4022445678711,268.3047180175781,106.29576873779297,22.262054443359375
2019-07-23,36.60643768310547,53.70330047607422,133.69000244140625,91.49866485595703,95.45606994628906,270.22320556640625,105.71566772460938,22.363475799560547
2019-07-24,36.66614532470703,53.74399185180664,134.3699951171875,91.63236236572266,95.72504425048828,271.4930419921875,106.17489624023438,22.363475799560547
2019-07-25,36.342044830322266,53.198734283447266,133.4199981689453,91.47355651855469,95.41763305664062,270.19610595703125,105.66736602783203,22.40573501586914
2019-07-26,36.4188117980957,53.30453109741211,133.63999938964844,91.45685577392578,95.5483169555664,272.00640869140625,105.9171142578125,22.439542770385742
2019-07-29,36.35056686401367,53.41846466064453,134.52999877929688,91.5404281616211,95.48680877685547,271.5111389160156,105.94932556152344,22.456443786621094
2019-07-30,36.06911087036133,52.79996109008789,134.97999572753906,91.58221435546875,95.45606994628906,270.84454345703125,106.2071533203125,22.456443786621094
2019-07-31,35.62560272216797,52.45002746582031,133.2100067138672,91.81620788574219,95.5405502319336,267.8814697265625,107.06114196777344,22.5916748046875
2019-08-01,34.926231384277344,52.30354690551758,136.41000366210938,92.85765075683594,96.31735229492188,265.54876708984375,109.18738555908203,22.52406120300293
2019-08-02,34.58506393432617,51.83967971801758,135.88999938964844,93.05017852783203,96.41752624511719,263.5492858886719,110.19644165039062,22.473350524902344
2019-08-05,33.305721282958984,50.545719146728516,137.7899932861328,93.8538589477539,96.48686218261719,255.6235809326172,112.10153198242188,22.363475799560547
2019-08-06,33.78334426879883,50.88751220703125,138.91000366210938,94.00455474853516,97.08792877197266,259.2081604003906,112.99757385253906,22.388832092285156
2019-08-07,33.93686294555664,51.08283233642578,141.02000427246094,94.00455474853516,97.07255554199219,259.3612365722656,113.03791809082031,22.37192726135254
2019-08-08,34.35477828979492,51.57925796508789,141.72999572753906,94.01289367675781,97.33454895019531,264.4499206542969,113.2801284790039,22.388832092285156
2019-08-09,34.005088806152344,51.22117614746094,141.25999450683594,93.87060546875,97.04937744140625,262.6485900878906,113.05404663085938,22.363475799560547
2019-08-12,33.595699310302734,50.81427001953125,142.6300048828125,94.4649658203125,97.65819549560547,259.4513244628906,115.41120910644531,22.346572875976562
2019-08-13,34.02215576171875,51.29442596435547,141.77999877929688,94.13011932373047,97.58110809326172,263.4862365722656,115.015625,22.4479923248291
2019-08-14,33.04132080078125,49.88652801513672,142.75,94.75801086425781,97.86622619628906,255.69558715820312,117.6069107055664,22.498706817626953
2019-08-15,33.2630729675293,50.057430267333984,143.6999969482422,95.3607406616211,98.34403228759766,256.37109375,118.91463470458984,22.515607833862305
2019-08-16,33.723636627197266,50.65964889526367,142.77999877929688,95.10958099365234,98.52127075195312,260.1539001464844,117.96206665039062,22.53251075744629
2019-08-19,33.86009979248047,50.968894958496094,141.11000061035156,94.65750885009766,98.19759368896484,263.2880859375,116.27493286132812,22.58322525024414
2019-08-20,33.9283332824707,50.797996520996094,142.2100067138672,95.07612609863281,98.7678451538086,261.2706604003906,117.47773742675781,22.53251075744629
2019-08-21,34.25243377685547,51.15607452392578,141.75999450683594,94.82494354248047,98.94506072998047,263.3961486816406,116.69470977783203,22.5578670501709
2019-08-22,33.808929443359375,51.05842208862305,141.39999389648438,94.61568450927734,98.58287048339844,263.3151550292969,115.91980743408203,22.540966033935547
2019-08-23,33.305721282958984,50.42364501953125,144.1699981689453,95.25191497802734,98.94506072998047,256.5512390136719,117.82482147216797,22.414186477661133
2019-08-26,33.48482131958008,50.83868408203125,144.19000244140625,95.15982055664062,98.95280456542969,259.3882751464844,117.34857177734375,22.53251075744629
2019-08-27,33.544525146484375,50.797996520996094,145.57000732421875,95.57002258300781,99.4845199584961,258.3705139160156,119.1567611694336,22.515607833862305
2019-08-28,33.63834762573242,50.797996520996094,145.16000366210938,95.60350799560547,99.4845199584961,260.18994140625,119.31018829345703,22.56631851196289
2019-08-29,34.01362609863281,51.237449645996094,144.1199951171875,95.4193344116211,99.26875305175781,263.5132141113281,118.85810852050781,22.6254825592041
2019-08-30,34.27802658081055,51.44091033935547,143.75,95.4444351196289,99.2533187866211,263.3961486816406,118.89042663574219,22.71000099182129
2019-09-03,34.06480026245117,51.34325408935547,145.75,95.65406799316406,99.15984344482422,261.85601806640625,119.04402160644531,22.760711669921875
2019-09-04,34.63624572753906,52.067543029785156,146.66000366210938,95.80504608154297,99.34526062011719,264.8282470703125,119.22196960449219,22.61703109741211
2019-09-05,35.02857971191406,52.344234466552734,143.13999938964844,95.03353118896484,98.61895751953125,268.2326965332031,117.06282043457031,22.6254825592041
2019-09-06,35.18209457397461,52.515132904052734,141.9199981689453,95.0922622680664,98.97438049316406,268.4399108886719,117.895751953125,22.633934020996094
2019-09-09,35.29296875,52.669761657714844,141.38999938964844,94.50528717041016,98.24803924560547,268.574951171875,115.80131530761719,22.5916748046875
2019-09-10,35.31855773925781,52.75928497314453,140.17999267578125,93.81764221191406,97.42127990722656,268.5118713378906,113.77152252197266,22.61703109741211
2019-09-11,35.56589889526367,53.05225372314453,141.02999877929688,93.72539520263672,97.34398651123047,270.4212646484375,113.56932830810547,22.68464469909668
2019-09-12,35.82176971435547,53.361488342285156,141.32000732421875,93.51573181152344,97.21263885498047,271.3580017089844,112.82539367675781,22.61703109741211
2019-09-13,36.026466369628906,53.66260528564453,140.14999389648438,92.66044616699219,96.33948516845703,271.1778564453125,110.41561889648438,22.58322525024414
2019-09-16,35.74501419067383,53.18246078491211,141.32000732421875,93.06298065185547,96.82632446289062,270.34014892578125,111.82261657714844,22.68464469909668
2019-09-17,35.74501419067383,53.361488342285156,141.60000610351562,93.3061294555664,97.07355499267578,271.0248107910156,112.42919158935547,22.58322525024414
2019-09-18,35.60002136230469,53.296390533447266,140.7100067138672,93.33968353271484,97.3131103515625,271.1868591308594,112.90628051757812,22.667741775512695
2019-09-19,35.45502471923828,53.47542953491211,141.27999877929688,93.3816146850586,97.59127807617188,271.1687927246094,113.24591827392578,22.61703109741211
2019-09-20,35.489139556884766,53.35335922241211,142.9499969482422,93.91825866699219,98.26350402832031,269.8876647949219,114.74200439453125,22.676191329956055
2019-09-23,35.523258209228516,53.21501159667969,143.75,94.05244445800781,98.19398498535156,269.82415771484375,114.71768951416016,22.71000099182129
2019-09-24,35.147987365722656,53.01155090332031,144.50999450683594,94.5219955444336,98.50303649902344,267.70703125,116.10051727294922,22.6254825592041
2019-09-25,35.122406005859375,52.85693359375,141.8300018310547,93.9015121459961,97.9466781616211,269.2904052734375,114.40229034423828,22.802968978881836
2019-09-26,35.113861083984375,53.05225372314453,141.7899932861328,94.10276794433594,98.15532684326172,268.7294006347656,115.13823699951172,22.862131118774414
2019-09-27,34.66183090209961,52.873207092285156,141.05999755859375,94.2369155883789,98.17850494384766,267.2817687988281,115.42123413085938,22.828325271606445
2019-09-30,34.857994079589844,53.06852340698242,138.8699951171875,94.31242370605469,98.50303649902344,268.5213317871094,115.70429992675781,22.90439224243164
2019-10-01,34.61065673828125,52.547691345214844,139.6300048828125,94.5735855102539,98.61618041992188,265.3273620605469,116.05257415771484,22.828325271606445
2019-10-02,34.346256256103516,51.47345733642578,141.25999450683594,94.90110778808594,98.57742309570312,260.640380859375,116.33611297607422,22.81142234802246
2019-10-03,34.78976821899414,51.815269470214844,141.89999389648438,95.39661407470703,98.96478271484375,262.7757873535156,117.3973617553711,22.802968978881836
2019-10-04,34.94328689575195,52.222164154052734,141.89999389648438,95.5813980102539,99.37540435791016,266.3316955566406,118.26410675048828,22.78606605529785
2019-10-07,34.65329360961914,52.15705871582031,140.69000244140625,95.26226043701172,98.8718032836914,265.1826171875,117.28395080566406,22.828325271606445
2019-10-08,34.40596008300781,51.66877746582031,141.9199981689453,95.46378326416016,98.78660583496094,261.065673828125,117.59981536865234,22.862131118774414
2019-10-09,34.67036056518555,52.04313278198242,142.0500030517578,95.22026062011719,98.82533264160156,263.5448913574219,116.93559265136719,22.845230102539062
2019-10-10,35.02857971191406,52.40934371948242,140.80999755859375,94.62396240234375,98.24427795410156,265.3273620605469,115.19393157958984,22.75225830078125
2019-10-11,35.591487884521484,53.34522247314453,140.02999877929688,93.97728729248047,98.06608581542969,268.0779724121094,113.76812744140625,22.667741775512695
2019-10-14,35.437965393066406,53.12548828125,140.58999633789062,94.2376937866211,98.39148712158203,267.7793273925781,114.59443664550781,22.735355377197266
2019-10-15,35.753536224365234,53.74399185180664,139.61000061035156,93.78411102294922,98.12808227539062,270.4305419921875,113.2092056274414,22.667741775512695
2019-10-16,35.85588836669922,53.825374603271484,140.41000366210938,93.96887969970703,98.23651123046875,269.99615478515625,113.34693908691406,22.608577728271484
2019-10-17,35.99235153198242,53.95558166503906,140.61000061035156,93.93528747558594,98.3759994506836,270.79241943359375,113.07145690917969,22.52406120300293
2019-10-18,35.80471420288086,53.9311637878418,140.4600067138672,94.01930236816406,98.4999771118164,269.6070861816406,113.07145690917969,22.439542770385742
2019-10-21,36.12881088256836,54.22414016723633,139.7899932861328,93.67496490478516,98.27525329589844,271.4347839355469,112.22091674804688,22.456443786621094
2019-10-22,36.15440368652344,54.093929290771484,140.1999969482422,93.89334869384766,98.44568634033203,270.5480651855469,112.8770751953125,22.507156372070312
2019-10-23,36.162933349609375,54.38689422607422,140.52999877929688,93.92691802978516,98.4999771118164,271.3352966308594,112.99049377441406,22.498706817626953
2019-10-24,36.162933349609375,54.484554290771484,141.52999877929688,93.9101333618164,98.71685791015625,271.7786560058594,112.76365661621094,22.56631851196289
2019-10-25,36.4188117980957,54.54152297973633,141.86000061035156,93.70855712890625,98.54645538330078,272.8916320800781,112.21277618408203,22.5916748046875
2019-10-28,36.63202667236328,54.78567123413086,140.63999938964844,93.35584259033203,98.2520523071289,274.4298095703125,111.19208526611328,22.574771881103516
2019-10-29,36.44439697265625,54.76939392089844,140.25,93.43980407714844,97.9963607788086,274.3483581542969,111.2649917602539,22.56631851196289
2019-10-30,36.60643768310547,54.99726104736328,141.02000427246094,93.89334869384766,98.34498596191406,275.1898498535156,112.89329528808594,22.515607833862305
2019-10-31,36.31645584106445,54.86704635620117,142.42999267578125,94.48963928222656,98.94154357910156,274.4568176269531,114.4162368774414,22.473350524902344
2019-11-01,36.8623046875,55.35533142089844,142.55999755859375,94.31127166748047,99.03866577148438,276.9994812011719,114.06404113769531,22.46489906311035
2019-11-04,37.22905349731445,55.640167236328125,142.14999389648438,93.83187866210938,98.57257080078125,278.1123046875,112.56280517578125,22.54941749572754
2019-11-05,37.44227600097656,55.53437042236328,139.85000610351562,93.32720184326172,98.0054702758789,277.80474853515625,111.29679870605469,22.633934020996094
2019-11-06,37.32286834716797,55.50996017456055,140.4499969482422,93.59635925292969,98.55704498291016,277.8681335449219,111.97039794921875,22.633934020996094
2019-11-07,37.595802307128906,55.68086242675781,138.27000427246094,92.84780883789062,97.7879638671875,278.8451843261719,109.94161987304688,22.68464469909668
2019-11-08,37.254638671875,55.64829635620117,137.38999938964844,92.72163391113281,97.6558837890625,279.5329895019531,109.47906494140625,22.735355377197266
2019-11-11,36.990238189697266,55.57506561279297,137.05999755859375,92.82258605957031,97.68697357177734,278.9990539550781,109.55206298828125,22.701549530029297
2019-11-12,36.751426696777344,55.59946823120117,137.42999267578125,92.86463928222656,97.78016662597656,279.58721923828125,110.05520629882812,22.735355377197266
2019-11-13,36.46997833251953,55.40415573120117,137.97999572753906,93.116943359375,98.0132064819336,279.677734375,110.76937866210938,22.726903915405273
2019-11-14,36.495567321777344,55.249534606933594,138.55999755859375,93.58794403076172,98.52593231201172,280.08477783203125,111.91355895996094,22.71000099182129
2019-11-15,36.785545349121094,55.59946823120117,138.2100067138672,93.51229095458984,98.54149627685547,282.111572265625,111.79185485839844,22.659290313720703
2019-11-18,36.72583770751953,55.664573669433594,138.6199951171875,93.67208099365234,98.6502456665039,282.31976318359375,111.99469757080078,22.61703109741211
2019-11-19,36.80260467529297,55.591339111328125,138.69000244140625,93.84871673583984,98.8444595336914,282.23834228515625,112.92794036865234,22.642385482788086
2019-11-20,36.64055633544922,55.24140548706055,138.75999450683594,94.19355010986328,98.98428344726562,281.18865966796875,114.09648895263672,22.642385482788086
2019-11-21,36.56379318237305,55.16815948486328,138.0,93.95806121826172,98.75121307373047,280.7362976074219,113.38238525390625,22.676191329956055
2019-11-22,36.56379318237305,55.32278060913086,137.74000549316406,93.94120788574219,99.02311706542969,281.36065673828125,113.52845001220703,22.743806838989258
2019-11-25,36.9305419921875,55.762229919433594,137.0800018310547,93.98326110839844,99.36490631103516,283.54119873046875,113.86114501953125,22.760711669921875
2019-11-26,36.819664001464844,55.72969436645508,137.74000549316406,94.15990447998047,99.62130737304688,284.1836242675781,114.52662658691406,22.735355377197266
2019-11-27,36.8623046875,55.87617492675781,137.00999450683594,93.9159927368164,99.6135025024414,285.4504089355469,114.1938705444336,22.7691650390625
2019-11-29,36.28234100341797,55.48554611206055,137.86000061035156,93.8403091430664,99.41154479980469,284.3917541503906,113.95040893554688,22.743806838989258
2019-12-02,36.2738037109375,55.200714111328125,137.7899932861328,93.5033950805664,98.97998046875,281.9758605957031,112.43110656738281,22.650836944580078
2019-12-03,36.086181640625,54.99726104736328,139.11000061035156,94.33724212646484,99.74339294433594,280.08477783203125,114.78852081298828,22.6254825592041
2019-12-04,36.359100341796875,55.501808166503906,138.9199981689453,93.97505950927734,99.61091613769531,281.8131103515625,113.64230346679688,22.600126266479492
2019-12-05,36.521148681640625,55.396018981933594,139.0,93.75603485107422,99.50189208984375,282.31976318359375,113.0895767211914,22.54941749572754
2019-12-06,36.73436737060547,55.90059280395508,137.6199951171875,93.46968841552734,99.44737243652344,284.8984680175781,112.46368408203125,22.633934020996094
2019-12-09,36.58938217163086,55.60761260986328,137.5800018310547,93.54546356201172,99.4317855834961,284.0026550292969,112.70752716064453,22.608577728271484
2019-12-10,36.717315673828125,55.63203811645508,137.97000122070312,93.43602752685547,99.4317855834961,283.6859130859375,112.71565246582031,22.58322525024414
2019-12-11,37.254638671875,55.924991607666016,138.9199981689453,93.82344055175781,99.82125854492188,284.4912109375,113.60167694091797,22.498706817626953
2019-12-12,37.90284729003906,56.299346923828125,138.42999267578125,93.08224487304688,99.3616943359375,286.94329833984375,111.73204803466797,22.53251075744629
2019-12-13,37.88578796386719,56.68998336791992,139.0500030517578,93.62971496582031,100.00820922851562,287.115234375,113.02450561523438,22.53251075744629
2019-12-16,38.20722961425781,57.29568862915039,139.0399932861328,93.19171905517578,99.78230285644531,289.0877380371094,112.00843811035156,22.490253448486328
2019-12-17,38.55567169189453,56.96650695800781,139.00999450683594,93.20014953613281,99.70440673828125,289.1510925292969,111.85399627685547,22.53251075744629
2019-12-18,38.764739990234375,56.892433166503906,139.02000427246094,92.94749450683594,99.63429260253906,289.1691589355469,110.93540954589844,22.574771881103516
2019-12-19,38.782161712646484,56.892433166503906,139.3800048828125,93.02002716064453,99.7326889038086,290.35443115234375,111.11290740966797,22.574771881103516
2019-12-20,38.86056137084961,56.93357467651367,139.52000427246094,93.02002716064453,99.70150756835938,291.6274108886719,111.25940704345703,22.650836944580078
2019-12-23,38.91283416748047,57.024105072021484,139.9499969482422,92.93562316894531,99.74834442138672,292.0729675292969,111.09656524658203,22.638769149780273
2019-12-24,38.82572555541992,56.96650695800781,141.27000427246094,93.09589385986328,99.84986877441406,292.08209228515625,111.41416931152344,22.638769149780273
2019-12-26,39.10447311401367,57.2133903503418,142.3800048828125,93.23087310791016,100.02949523925781,293.6368408203125,111.68282318115234,22.60428237915039
2019-12-27,39.261287689208984,57.3121452331543,142.3300018310547,93.3658447265625,100.17005920410156,293.5640869140625,111.8049545288086,22.492212295532227
2019-12-30,38.99994659423828,56.88420486450195,142.6300048828125,93.3067855834961,100.34967041015625,291.9456787109375,111.39790344238281,22.449106216430664
2019-12-31,39.08705520629883,57.14755630493164,142.89999389648438,92.96939086914062,99.93575286865234,292.65484619140625,110.30684661865234,22.388757705688477
2020-01-02,39.87977981567383,57.72364807128906,143.9499969482422,93.39958953857422,100.14664459228516,295.39178466796875,111.55249786376953,22.46634864807129
2020-01-03,39.13932800292969,57.00764846801758,145.86000061035156,94.02374267578125,100.49026489257812,293.1549377441406,113.2705078125,22.492212295532227
2020-01-06,39.04350280761719,57.22983932495117,147.38999938964844,93.92253875732422,100.15445709228516,294.2734375,112.62731170654297,22.44048500061035
2020-01-07,39.017372131347656,57.073482513427734,147.97000122070312,93.7875747680664,99.89671325683594,293.4459533691406,112.07364654541016,22.518075942993164
2020-01-08,39.243858337402344,57.23809051513672,146.86000061035156,93.56828308105469,99.75617218017578,295.0098571777344,111.33273315429688,22.57842254638672
2020-01-09,39.505191802978516,57.36975860595703,146.02999877929688,93.63572692871094,100.23255920410156,297.0102844238281,111.72352600097656,22.621524810791016
2020-01-10,39.714263916015625,57.15578079223633,146.91000366210938,93.83820343017578,100.51371765136719,296.1554870605469,112.71684265136719,22.60428237915039
2020-01-13,40.3327522277832,57.45204162597656,145.82000732421875,93.72855377197266,100.2716064453125,298.19232177734375,112.37493133544922,22.60428237915039
2020-01-14,40.106266021728516,57.50967025756836,145.69000244140625,93.91410827636719,100.39656829833984,297.7377624511719,112.95295715332031,22.612905502319336
2020-01-15,39.79266357421875,57.50967025756836,146.5399932861328,94.1502685546875,100.6152572631836,298.4104919433594,113.70206451416016,22.57842254638672
2020-01-16,40.045291900634766,57.748329162597656,146.30999755859375,93.95626831054688,100.75578308105469,300.8927917480469,113.34382629394531,22.612905502319336
2020-01-17,40.27177810668945,57.921142578125,146.5800018310547,93.88035583496094,100.74017333984375,301.829345703125,112.37493133544922,22.690494537353516
2020-01-21,39.2525749206543,57.46028137207031,146.74000549316406,94.2514419555664,101.22438049316406,301.2383117675781,113.55548858642578,22.67325210571289
2020-01-22,39.574886322021484,57.57550811767578,146.7899932861328,94.26834869384766,101.2790756225586,301.27471923828125,113.95443725585938,22.656009674072266
2020-01-23,39.165462493896484,57.435604095458984,147.1199951171875,94.50452423095703,101.4118423461914,301.6202087402344,114.7523193359375,22.71635627746582
2020-01-24,38.85185623168945,57.18870162963867,147.97999572753906,94.8419418334961,101.58370208740234,298.9378356933594,115.68051147460938,22.75084114074707
2020-01-27,37.510337829589844,56.00362014770508,148.99000549316406,95.48296356201172,101.77890014648438,294.1461181640625,117.4798812866211,22.785324096679688
2020-01-28,37.82393264770508,56.530330657958984,147.66000366210938,95.1624526977539,101.72425079345703,297.2284851074219,116.55986785888672,22.785324096679688
2020-01-29,38.00687789916992,56.53854751586914,148.4600067138672,95.61792755126953,102.0522689819336,296.9829406738281,117.69971466064453,22.819808959960938
2020-01-30,37.44064712524414,56.48917770385742,148.47000122070312,95.7107162475586,102.11476135253906,297.94677734375,117.71599578857422,22.75084114074707
2020-01-31,36.68277359008789,55.534523010253906,149.3300018310547,96.19154357910156,102.38027954101562,292.5367126464844,118.79074096679688,22.656009674072266
2020-02-03,37.092201232910156,55.666202545166016,148.36000061035156,96.10961151123047,102.29962158203125,294.70977783203125,118.69450378417969,22.768083572387695
2020-02-04,38.05043029785156,56.596153259277344,146.42999267578125,95.5521469116211,102.049072265625,299.2016296386719,117.09603881835938,22.802568435668945
2020-02-05,38.26820373535156,57.13932800292969,146.61000061035156,95.13827514648438,101.98643493652344,302.65673828125,115.8155746459961,22.888776779174805
2020-02-06,38.30305480957031,57.29568862915039,147.39999389648438,95.205810546875,101.93944549560547,303.6751403808594,116.33760833740234,22.931882858276367
2020-02-07,37.77166748046875,56.752525329589844,147.7899932861328,95.66194152832031,102.33099365234375,302.0567321777344,117.78926086425781,22.983606338500977
2020-02-10,37.98073196411133,56.86774444580078,148.1699981689453,95.84774780273438,102.57367706298828,304.3116455078125,118.11542510986328,23.018091201782227
2020-02-11,38.47727584838867,57.25453186035156,147.66000366210938,95.61968994140625,102.4249267578125,304.83905029296875,117.5201187133789,22.992231369018555
2020-02-12,38.99994659423828,57.45204162597656,147.5399932861328,95.374755859375,102.3779067993164,306.80303955078125,116.92479705810547,23.052576065063477
2020-02-13,38.48598098754883,57.048797607421875,148.3800048828125,95.45923614501953,102.3074722290039,306.4757080078125,117.37332916259766,23.078439712524414
2020-02-14,38.50341033935547,56.95003890991211,149.0,95.69575500488281,102.55805206298828,306.9667053222656,117.88713073730469,23.0698184967041
2020-02-18,38.25078582763672,56.587928771972656,150.91000366210938,95.84774780273438,102.7537841796875,306.1755676269531,118.69450378417969,23.156028747558594
2020-02-19,38.52953338623047,56.77721405029297,151.7899932861328,95.83086395263672,102.61285400390625,307.6394958496094,118.68639373779297,23.199132919311523
2020-02-20,37.9284782409668,56.43980407714844,152.41000366210938,96.10961151123047,102.95735931396484,306.375732421875,119.61603546142578,23.268102645874023
2020-02-21,37.710689544677734,56.17644500732422,154.6999969482422,96.49810028076172,103.16095733642578,303.2205505371094,120.7333755493164,23.130163192749023
2020-02-24,36.29947280883789,53.929710388183594,156.08999633789062,97.24982452392578,103.1766128540039,293.1640625,122.53567504882812,23.13878631591797
2020-02-25,36.01201248168945,53.040889739990234,153.3000030517578,97.52007293701172,103.27838134765625,284.28057861328125,123.18814849853516,23.0698184967041
2020-02-26,36.29947280883789,53.106727600097656,153.97000122070312,97.46942138671875,102.89473724365234,283.2348937988281,122.53567504882812,23.087060928344727
2020-02-27,35.4283561706543,51.534847259521484,154.0,97.94242095947266,102.34662628173828,270.51446533203125,123.86502838134766,22.949125289916992
2020-02-28,35.29769515991211,51.22211837768555,148.3800048828125,99.0404052734375,103.49761199951172,269.37774658203125,126.66232299804688,22.871536254882812
2020-03-02,36.06428146362305,51.880496978759766,149.1999969482422,98.97274780273438,103.39478302001953,281.0436096191406,125.73052215576172,22.75084114074707
2020-03-03,35.82036590576172,51.460777282714844,153.88999938964844,100.12283325195312,104.5723876953125,272.9967041015625,127.68251037597656,22.656009674072266
2020-03-04,36.45627975463867,52.999752044677734,154.16000366210938,99.90299224853516,104.7215805053711,284.47149658203125,126.32670593261719,22.733600616455078
2020-03-05,35.68970489501953,51.59245300292969,157.49000549316406,100.7908935546875,104.68228149414062,275.01519775390625,129.47117614746094,22.56117820739746
2020-03-06,34.95796203613281,50.81885528564453,157.5500030517578,101.81411743164062,105.41244506835938,270.4689636230469,136.20936584472656,22.431865692138672
2020-03-09,32.57109832763672,46.87678909301758,157.80999755859375,102.72737121582031,102.85308837890625,249.34678649902344,139.90109252929688,22.190475463867188
2020-03-10,34.226219177246094,48.60504913330078,154.47999572753906,100.84162139892578,100.5370864868164,262.24920654296875,132.73001098632812,22.518075942993164
2020-03-11,32.63207244873047,46.12788009643555,153.92999267578125,99.83531951904297,97.23193359375,249.4649200439453,127.84590148925781,22.55255889892578
2020-03-12,29.365379333496094,41.058345794677734,147.7899932861328,99.88607025146484,92.59210968017578,225.59689331054688,128.6381378173828,22.793947219848633
2020-03-13,31.482202529907227,43.54373550415039,143.27999877929688,99.23493957519531,96.60386657714844,244.88226318359375,125.73052215576172,23.656047821044922
2020-03-16,27.553455352783203,39.05027389526367,141.63999938964844,101.85640716552734,95.22997283935547,218.0863494873047,133.87347412109375,22.897396087646484
2020-03-17,29.452499389648438,40.95136260986328,143.55999755859375,99.30260467529297,91.32813262939453,229.861328125,124.94639587402344,23.302587509155273
2020-03-18,26.908830642700195,38.60586929321289,140.6999969482422,97.92416381835938,86.75898742675781,218.2227325439453,117.89791870117188,23.656047821044922
2020-03-19,27.117897033691406,39.20664596557617,138.0399932861328,98.24554443359375,82.47248077392578,218.68646240234375,121.10767364501953,24.216413497924805
2020-03-20,27.318254470825195,38.72108840942383,140.11000061035156,100.74860382080078,83.79924774169922,209.26234436035156,130.21438598632812,24.147443771362305
2020-03-23,26.664918899536133,38.26845169067383,146.3000030517578,101.9409408569336,89.99347686767578,203.91188049316406,135.5805206298828,24.112958908081055
2020-03-24,28.668493270874023,41.510982513427734,153.39999389648438,101.24755096435547,91.83846282958984,222.38693237304688,133.05670166015625,23.83708953857422
2020-03-25,29.67898178100586,42.86066818237305,151.3000030517578,101.30671691894531,96.23491668701172,225.71615600585938,132.75453186035156,23.612939834594727
2020-03-26,30.802732467651367,44.7781982421875,153.24000549316406,101.55199432373047,96.31336975097656,238.89566040039062,133.40792846679688,23.233619689941406
2020-03-27,29.051776885986328,43.502593994140625,152.25,102.3045883178711,96.11712646484375,231.77999877929688,136.9689483642578,23.043954849243164
2020-03-30,29.530895233154297,44.38317108154297,152.9199981689453,102.54134368896484,97.2868881225586,239.30718994140625,135.84182739257812,23.147409439086914
2020-03-31,29.73125457763672,43.996376037597656,148.0500030517578,102.72737121582031,96.96500396728516,235.74026489257812,134.73919677734375,23.130163192749023
2020-04-01,28.45941925048828,42.04591369628906,149.4499969482422,103.14563751220703,95.55616760253906,225.13084411621094,136.626953125,23.276721954345703
2020-04-02,29.417652130126953,42.868896484375,151.89999389648438,103.16256713867188,95.80805206298828,230.32577514648438,137.49403381347656,23.397415161132812
2020-04-03,28.86013412475586,41.88955307006836,152.64999389648438,103.2387466430664,95.31218719482422,226.99661254882812,137.82113647460938,23.5267333984375
2020-04-06,30.436853408813477,44.11158752441406,156.8800048828125,102.77307891845703,97.19325256347656,242.24313354492188,137.46127319335938,23.53535270690918
2020-04-07,30.593656539916992,44.358489990234375,156.0399932861328,102.31591033935547,97.34276580810547,242.49005126953125,136.02171325683594,23.319826126098633
2020-04-08,30.907258987426758,44.72058868408203,154.64999389648438,102.18890380859375,99.09790802001953,250.63003540039062,135.03207397460938,23.406038284301758
2020-04-09,30.794015884399414,45.73284912109375,158.69000244140625,102.40902709960938,103.75724029541016,254.4440460205078,135.27743530273438,23.233619689941406
2020-04-13,30.83757209777832,45.29668426513672,161.41000366210938,102.18890380859375,102.74983978271484,252.1208953857422,134.04234313964844,23.199132919311523
2020-04-14,31.543174743652344,46.103206634521484,162.67999267578125,102.32437896728516,102.24613189697266,259.5566101074219,134.00955200195312,23.0698184967041
2020-04-15,30.733036041259766,44.662986755371094,161.85000610351562,103.2387466430664,102.93083953857422,254.04159545898438,137.55938720703125,23.242238998413086
2020-04-16,30.898557662963867,44.68767547607422,161.7100067138672,103.34880065917969,102.4192886352539,255.2671356201172,139.12173461914062,23.345691680908203
2020-04-17,31.586729049682617,45.87276840209961,158.57000732421875,103.07787322998047,102.75769805908203,262.163330078125,137.25680541992188,23.285343170166016
2020-04-20,31.18602180480957,45.1896858215332,159.6999969482422,103.34880065917969,102.17530059814453,257.5444641113281,138.36099243164062,23.362934112548828
2020-04-21,30.3236083984375,44.309112548828125,158.61000061035156,103.63668823242188,101.813232421875,249.72463989257812,140.10321044921875,23.397415161132812
2020-04-22,31.15117645263672,45.05801010131836,161.72999572753906,103.31494903564453,101.87622833251953,255.2671356201172,138.67184448242188,23.466384887695312
2020-04-23,31.03792953491211,44.91810607910156,163.33999633789062,103.38263702392578,102.30908966064453,255.24887084960938,139.40797424316406,23.475006103515625
2020-04-24,30.9943790435791,45.43658447265625,162.63999938964844,103.40809631347656,102.23824310302734,258.80670166015625,139.73516845703125,23.423282623291016
2020-04-27,31.621578216552734,46.03736114501953,161.55999755859375,102.85775756835938,101.41184997558594,262.53826904296875,137.13418579101562,23.362934112548828
2020-04-28,31.682552337646484,46.38300704956055,160.83999633789062,103.30648803710938,101.68728637695312,261.3310241699219,138.7127685546875,23.337068557739258
2020-04-29,32.60594940185547,47.54340362548828,161.72999572753906,103.25566101074219,102.3563003540039,268.1722717285156,137.99298095703125,23.242238998413086
2020-04-30,31.917755126953125,46.55583572387695,158.8000030517578,103.01016235351562,101.6637191772461,265.6753845214844,136.38162231445312,23.095680236816406
2020-05-01,30.76788330078125,45.54357147216797,159.77999877929688,103.1525650024414,101.2613296508789,258.6420593261719,137.5494842529297,23.121545791625977
2020-05-04,31.098909378051758,45.52711868286133,160.33999633789062,103.16952514648438,101.41909790039062,259.3554382324219,136.9025421142578,23.250856399536133
2020-05-05,31.273136138916016,45.609413146972656,161.02000427246094,103.09321594238281,101.28496551513672,261.7517395019531,136.02618408203125,23.268102645874023
2020-05-06,31.177310943603516,45.313140869140625,158.9499969482422,102.71180725097656,100.1488037109375,259.9774169921875,133.83128356933594,23.38017463684082
2020-05-07,31.429933547973633,45.996212005615234,161.38999938964844,103.3389892578125,100.41706085205078,263.11444091796875,136.06716918945312,23.311206817626953
2020-05-08,32.09197998046875,46.778038024902344,160.4199981689453,102.99996948242188,99.93573760986328,267.468017578125,134.2981719970703,23.302587509155273
2020-05-11,31.882909774780273,46.73688507080078,159.4199981689453,102.71180725097656,99.05997467041016,267.52294921875,133.2498016357422,23.388795852661133
2020-05-12,31.760957717895508,46.144344329833984,160.0399932861328,103.05084228515625,100.01469421386719,262.19061279296875,134.61753845214844,23.345691680908203
2020-05-13,31.699974060058594,45.790462493896484,161.5800018310547,103.26276397705078,100.24351501464844,257.55364990234375,135.55931091308594,23.388795852661133
2020-05-14,31.821931838989258,45.35428237915039,163.00999450683594,103.42374420166016,101.07196044921875,260.63592529296875,136.88609313964844,23.41465950012207
2020-05-15,31.386383056640625,45.39543533325195,163.92999267578125,103.3559341430664,101.42700958251953,261.8341064453125,136.53402709960938,23.431900024414062
2020-05-18,32.61466598510742,47.230674743652344,162.69000244140625,102.72027587890625,102.00293731689453,269.8094177246094,133.53646850585938,23.242238998413086
2020-05-19,32.35331726074219,46.58052062988281,164.25999450683594,103.00843811035156,102.08191680908203,267.03814697265625,134.0360107421875,23.224998474121094
2020-05-20,32.78016662597656,47.551631927490234,164.64999389648438,103.03389739990234,103.20227813720703,271.5745544433594,134.43731689453125,23.147409439086914
2020-05-21,32.40559005737305,47.000240325927734,162.25,103.10169219970703,103.12334442138672,269.69976806640625,134.77316284179688,23.199132919311523
2020-05-22,31.73482894897461,46.86857223510742,163.2100067138672,103.29661560058594,103.12334442138672,270.2118835449219,135.58389282226562,23.268102645874023
2020-05-26,32.43171691894531,48.21002197265625,160.88999938964844,103.02542877197266,102.98138427734375,273.54107666015625,133.7657928466797,23.095680236816406
2020-05-27,32.5362548828125,48.79433822631836,161.17999267578125,103.11017608642578,103.40739440917969,277.6110534667969,133.52001953125,23.087060928344727
2020-05-28,32.30976486206055,49.25519943237305,161.72000122070312,103.01695251464844,103.49420166015625,277.098876953125,133.02867126464844,22.966365814208984
2020-05-29,32.86727523803711,49.082374572753906,162.91000366210938,103.34748840332031,104.16487121582031,278.33355712890625,133.97872924804688,22.931882858276367
2020-06-01,33.625144958496094,50.176937103271484,163.66000366210938,103.30673217773438,104.11895751953125,279.45849609375,133.07667541503906,22.802568435668945
2020-06-02,34.426578521728516,50.64603042602539,162.60000610351562,103.1370620727539,104.45117950439453,281.77239990234375,132.5928497314453,22.776702880859375
2020-06-03,35.228004455566406,51.855812072753906,159.60000610351562,102.5262451171875,104.38790130615234,285.52239990234375,130.82980346679688,22.638769149780273
2020-06-04,34.731468200683594,51.633609771728516,161.27999877929688,102.11902618408203,104.0715103149414,284.7723083496094,128.93548583984375,22.55255889892578
2020-06-05,35.646141052246094,52.522422790527344,158.00999450683594,101.60997772216797,104.60936737060547,292.0709533691406,128.01708984375,22.595661163330078
2020-06-08,35.863914489746094,53.20549392700195,159.72000122070312,101.72028350830078,104.9573745727539,295.601318359375,128.50904846191406,22.535314559936523
2020-06-09,35.62001419067383,52.514190673828125,161.25999450683594,102.08509826660156,104.73592376708984,293.3971862792969,129.96871948242188,22.46634864807129
2020-06-10,35.88134002685547,52.39897537231445,163.57000732421875,102.84861755371094,105.42398834228516,291.760009765625,131.89581298828125,22.35427474975586
2020-06-11,34.00844192504883,49.592613220214844,162.38999938964844,103.21339416503906,104.16641998291016,274.9404602050781,134.38873291015625,22.57842254638672
2020-06-12,34.731468200683594,50.44852066040039,162.6199951171875,102.98434448242188,104.67262268066406,278.23297119140625,133.09304809570312,22.638769149780273
2020-06-15,34.416046142578125,50.6555061340332,162.3300018310547,102.89952087402344,106.15958404541016,280.8304748535156,133.16683959960938,22.543935775756836
2020-06-16,34.63508605957031,51.2815055847168,162.25,102.68742370605469,105.86698913574219,286.2358093261719,131.12496948242188,22.612905502319336
2020-06-17,34.96803283691406,51.47347640991211,162.55999755859375,102.84861755371094,105.66124725341797,285.0469055175781,131.66624450683594,22.63014793395996
2020-06-18,34.985557556152344,51.19804763793945,162.24000549316406,103.07772064208984,105.89861297607422,285.1565856933594,133.0602569580078,22.71635627746582
2020-06-19,34.9767951965332,50.9476432800293,164.02999877929688,103.11160278320312,105.97767639160156,283.52685546875,133.16683959960938,22.742218017578125
2020-06-22,35.406124114990234,51.55694580078125,165.08999633789062,103.0182876586914,105.87484741210938,285.34576416015625,133.18328857421875,22.621524810791016
2020-06-23,35.74782943725586,51.84073257446289,166.47999572753906,102.98434448242188,105.67713165283203,286.65936279296875,132.2729949951172,22.543935775756836
2020-06-24,35.27469253540039,50.51362228393555,165.89999389648438,103.17948150634766,105.38450622558594,279.3470458984375,133.6916961669922,22.647390365600586
2020-06-25,35.423641204833984,51.23142623901367,165.8000030517578,103.19646453857422,105.49523162841797,282.3418273925781,134.0771026611328,22.681873321533203
2020-06-26,34.99432373046875,50.48857498168945,166.5399932861328,103.4764175415039,105.59011840820312,275.6358337402344,135.51217651367188,22.71635627746582
2020-06-29,35.15203094482422,50.897560119628906,166.6300048828125,103.57820129394531,106.08052062988281,279.6870422363281,135.0857696533203,22.724979400634766
2020-06-30,35.03812789916992,50.805747985839844,167.3699951171875,103.3916015625,106.38107299804688,283.2696533203125,134.42967224121094,22.690494537353516
2020-07-01,35.432403564453125,50.99772262573242,166.6199951171875,103.230224609375,106.80121612548828,285.25396728515625,134.16864013671875,22.638769149780273
2020-07-02,36.23849105834961,51.55694580078125,166.97999572753906,103.35761260986328,107.06285858154297,286.8247985839844,134.3082275390625,22.656009674072266
2020-07-06,37.79807662963867,52.39995193481445,167.97999572753906,103.20476531982422,107.34027099609375,291.2525329589844,133.75816345214844,22.535314559936523
2020-07-07,37.16722869873047,51.63206100463867,169.0399932861328,103.53591918945312,107.48301696777344,288.2486877441406,135.63827514648438,22.5870418548584
2020-07-08,38.13102340698242,52.06608200073242,170.08999633789062,103.37458801269531,107.30862426757812,290.453369140625,135.09634399414062,22.46634864807129
2020-07-09,38.13102340698242,51.47347640991211,169.6300048828125,103.70574951171875,107.91111755371094,288.7998352050781,137.24745178222656,22.543935775756836
2020-07-10,37.88569641113281,52.024356842041016,169.19000244140625,103.50194549560547,107.71289825439453,291.7485656738281,136.5577850341797,22.50945281982422
2020-07-13,37.6316032409668,51.69049835205078,169.39999389648438,103.61235046386719,107.427490234375,289.22247314453125,137.0093536376953,22.47496795654297
2020-07-14,37.684165954589844,52.45003128051758,170.19000244140625,103.60389709472656,108.05384826660156,292.97039794921875,137.2063751220703,22.431865692138672
2020-07-15,37.79807662963867,53.04264831542969,170.33999633789062,103.56989288330078,108.26782989501953,295.6620178222656,136.5659637451172,22.371517181396484
2020-07-16,37.263607025146484,52.70043182373047,168.72999572753906,103.64629364013672,108.56909942626953,294.68829345703125,137.21463012695312,22.449106216430664
2020-07-17,37.4738883972168,53.00925064086914,170.1199951171875,103.62086486816406,108.86238861083984,295.5425720214844,136.92726135253906,22.35427474975586
2020-07-20,37.95579147338867,53.268001556396484,170.94000244140625,103.68877410888672,109.16366577148438,297.9310607910156,137.2638397216797,22.319791793823242
2020-07-21,38.30625534057617,53.376502990722656,173.0,103.79917907714844,109.3063735961914,298.5648498535156,137.34591674804688,22.181852340698242
2020-07-22,38.139774322509766,53.51839828491211,175.6300048828125,103.8331069946289,109.66314697265625,300.2643737792969,137.75645446777344,22.12150764465332
2020-07-23,37.83312225341797,53.09272003173828,177.17999267578125,103.93502807617188,109.74236297607422,296.68170166015625,139.3656005859375,22.078405380249023
2020-07-24,37.79807662963867,52.80058670043945,178.6999969482422,103.8841323852539,109.49666595458984,294.7709655761719,139.3573455810547,21.983572006225586
2020-07-27,38.385108947753906,53.49334716796875,182.22999572753906,103.72274780273438,109.16366577148438,296.9205627441406,138.8401641845703,21.81977081298828
2020-07-28,38.0696907043457,53.15114212036133,183.75,103.96900177001953,109.05266571044922,295.0373229980469,139.80072021484375,21.854257583618164
2020-07-29,38.68301773071289,53.71036911010742,185.1300048828125,104.1048583984375,109.64723205566406,298.6659851074219,139.56268310546875,21.750804901123047
2020-07-30,38.19234848022461,52.91744613647461,183.75999450683594,104.24921417236328,109.52835083007812,297.600341796875,140.48220825195312,21.664592742919922
2020-07-31,37.929500579833984,51.7906494140625,185.42999267578125,104.27467346191406,109.67896270751953,299.95196533203125,140.39193725585938,21.793909072875977
2020-08-03,38.19234848022461,52.80058670043945,185.63999938964844,104.22368621826172,109.82598876953125,302.037353515625,139.68502807617188,21.793909072875977
2020-08-04,38.700531005859375,53.09272003173828,189.58999633789062,104.58061981201172,110.23112487792969,303.2040100097656,141.01658630371094,21.716320037841797
2020-08-05,39.12109375,53.268001556396484,191.35000610351562,104.23219299316406,110.08013153076172,305.0871887207031,139.7836151123047,21.621490478515625
2020-08-06,39.24375534057617,53.32642364501953,193.88999938964844,104.35115814208984,110.54888153076172,307.1265869140625,140.564453125,21.621490478515625
2020-08-07,38.43767166137695,53.109413146972656,190.80999755859375,104.1302261352539,110.23905181884766,307.34698486328125,139.62747192382812,21.750804901123047
2020-08-10,38.53404998779297,53.28469467163086,190.14999389648438,104.01972198486328,110.00074005126953,308.2657470703125,139.0028533935547,21.785287857055664
2020-08-11,38.428916931152344,53.47666549682617,179.94000244140625,103.6628189086914,109.3095474243164,305.7210388183594,137.35072326660156,21.81977081298828
2020-08-12,38.945865631103516,54.6618766784668,179.10000610351562,103.35688018798828,109.03943634033203,309.9834899902344,136.1014404296875,21.750804901123047
2020-08-13,38.83195495605469,54.41982650756836,183.3300018310547,103.14441680908203,108.05430603027344,309.42315673828125,134.64671325683594,21.742183685302734
2020-08-14,38.76185989379883,54.085968017578125,182.5399932861328,103.19538879394531,107.57762908935547,309.4323425292969,134.1206817626953,21.707698822021484
2020-08-17,39.25251770019531,54.49495315551758,186.5,103.36536407470703,107.80009460449219,310.415283203125,134.45765686035156,21.61286735534668
2020-08-18,39.208709716796875,54.46156311035156,188.17999267578125,103.54383087158203,108.1098861694336,311.08587646484375,135.41928100585938,21.49217414855957
2020-08-19,38.72681427001953,54.21950912475586,182.24000549316406,103.40787506103516,107.82389831542969,309.7906188964844,134.5727081298828,21.664592742919922
2020-08-20,38.60415267944336,54.04423522949219,183.5,103.70532989501953,108.20525360107422,310.7550964355469,135.78915405273438,21.604246139526367
2020-08-21,38.796913146972656,53.7687873840332,182.02999877929688,103.78179931640625,108.40390014648438,311.8575744628906,136.60284423828125,21.707698822021484
2020-08-24,39.22623062133789,54.47825241088867,181.0,103.63731384277344,108.21318054199219,315.01763916015625,136.3809356689453,21.742183685302734
2020-08-25,39.620513916015625,54.51163864135742,181.22000122070312,103.39086151123047,107.74446868896484,316.1199645996094,135.33709716796875,21.664592742919922
2020-08-26,39.72565460205078,54.82881546020508,183.36000061035156,103.34835815429688,107.78418731689453,319.2892761230469,134.8192901611328,21.638729095458984
2020-08-27,39.3927116394043,54.269588470458984,181.24000549316406,102.98296356201172,106.92619323730469,319.9874572753906,132.526123046875,21.664592742919922
2020-08-28,39.90964889526367,54.653533935546875,184.38999938964844,103.15291595458984,107.25188446044922,322.0543518066406,132.42750549316406,21.49217414855957
2020-08-31,39.024715423583984,54.236209869384766,184.8300018310547,103.26337432861328,107.72855377197266,320.88775634765625,133.3069305419922,21.466310501098633
2020-09-01,39.69060134887695,54.29462814331055,185.0500030517578,103.60186767578125,108.40931701660156,323.9100036621094,134.83164978027344,21.509418487548828
2020-09-02,39.58546829223633,55.020782470703125,182.6199951171875,103.74644470214844,108.83924865722656,328.594970703125,136.11529541015625,21.587005615234375
2020-09-03,38.83195495605469,53.777137756347656,181.13999938964844,103.88253021240234,108.60041809082031,317.2867126464844,136.5020751953125,21.595624923706055
2020-09-04,38.849483489990234,53.85225296020508,181.63999938964844,103.3042221069336,107.44593811035156,314.6961364746094,133.91006469726562,21.630111694335938
2020-09-08,38.174827575683594,53.192874908447266,181.2899932861328,103.52532958984375,107.54942321777344,306.0977478027344,134.73291015625,21.742183685302734
2020-09-09,38.74433898925781,54.186119079589844,183.0500030517578,103.47429656982422,107.62108612060547,312.1423034667969,134.37083435058594,21.707698822021484
2020-09-10,38.12224578857422,53.551788330078125,182.4600067138672,103.60186767578125,107.7007064819336,306.7223815917969,135.05384826660156,21.750804901123047
2020-09-11,38.49024963378906,54.085968017578125,182.4499969482422,103.76345825195312,107.78031158447266,306.8785705566406,135.34185791015625,21.707698822021484
2020-09-14,39.112327575683594,54.37809371948242,183.88999938964844,103.66988372802734,108.051025390625,310.9205017089844,135.33364868164062,21.655975341796875
2020-09-15,39.52413558959961,54.72864532470703,183.4499969482422,103.61888122558594,108.17047119140625,312.49139404296875,135.00448608398438,21.673213958740234
2020-09-16,39.471561431884766,54.72864532470703,183.97000122070312,103.5593490600586,108.24213409423828,311.2512512207031,134.6012725830078,21.699077606201172
2020-09-17,39.313846588134766,54.803775787353516,182.9600067138672,103.59333801269531,108.2660140991211,308.5137023925781,135.01268005371094,21.621490478515625
2020-09-18,39.00718307495117,54.36140823364258,183.1999969482422,103.49982452392578,108.06693267822266,304.96185302734375,134.59303283691406,21.64735221862793
2020-09-21,38.64795684814453,52.98421096801758,179.52000427246094,103.6869125366211,107.96343994140625,301.5677795410156,135.27598571777344,21.802532196044922
2020-09-22,38.35881805419922,52.96751403808594,178.64999389648438,103.6869125366211,108.02713012695312,304.63916015625,135.16900634765625,21.880117416381836
2020-09-23,37.763023376464844,52.52515411376953,174.7899932861328,103.6869125366211,107.246826171875,297.5741882324219,135.3500518798828,22.00081443786621
2020-09-24,37.587799072265625,52.47506332397461,175.44000244140625,103.73795318603516,106.9761734008789,298.36737060546875,135.86851501464844,21.96632957458496
2020-09-25,37.622840881347656,52.650352478027344,174.94000244140625,103.82301330566406,106.86470031738281,303.19097900390625,135.86851501464844,22.026674270629883
2020-09-28,38.04339599609375,53.44328308105469,176.6999969482422,103.80595397949219,107.4061279296875,308.2268981933594,135.481689453125,21.95770835876465
2020-09-29,38.017120361328125,53.384849548339844,178.19000244140625,103.88253021240234,107.27072143554688,306.5482177734375,135.63803100585938,21.854257583618164
2020-09-30,38.63043212890625,53.1261100769043,177.1199951171875,103.60186767578125,107.25485229492188,308.87249755859375,134.33802795410156,21.854257583618164
2020-10-01,38.989662170410156,53.434932708740234,178.6999969482422,103.66056823730469,107.55323791503906,310.85546875,134.5594940185547,21.81977081298828
2020-10-02,38.54281997680664,53.32642364501953,178.5399932861328,103.55848693847656,107.56919860839844,307.90411376953125,134.0570526123047,21.871498107910156
2020-10-05,39.05976867675781,54.136043548583984,179.41000366210938,102.90315246582031,107.21016693115234,313.36419677734375,131.437744140625,21.776668548583984
2020-10-06,39.129852294921875,53.56013107299805,177.3000030517578,103.1414566040039,107.12236785888672,308.9093322753906,132.14608764648438,21.837013244628906
2020-10-07,39.559181213378906,54.019187927246094,177.22000122070312,102.84359741210938,107.15428161621094,314.2864990234375,131.18234252929688,21.811153411865234
2020-10-08,39.883365631103516,54.39479064941406,177.85000610351562,103.03083801269531,107.41759490966797,317.0718078613281,131.89076232910156,21.802532196044922
2020-10-09,40.15498352050781,54.82046890258789,181.0800018310547,102.97977447509766,107.66498565673828,319.9032897949219,131.86610412597656,21.673213958740234
2020-10-12,40.50544738769531,55.137630462646484,180.55999755859375,103.09041595458984,108.28736877441406,325.04974365234375,132.28614807128906,21.64735221862793
2020-10-13,40.33897399902344,54.51999282836914,177.72000122070312,103.32015991210938,108.18364715576172,322.92864990234375,133.2333526611328,21.776668548583984
2020-10-14,40.067352294921875,54.42817306518555,178.27000427246094,103.3542251586914,108.28736877441406,320.8993835449219,133.53811645507812,21.72494125366211
2020-10-15,39.778228759765625,53.785491943359375,178.9199981689453,103.24359130859375,108.1756591796875,320.50274658203125,133.3074951171875,21.828392028808594
2020-10-16,39.91841506958008,54.03588104248047,178.3000030517578,103.18399810791016,107.99210357666016,320.3091125488281,132.93685913085938,21.802532196044922
2020-10-19,39.804508209228516,53.835567474365234,178.38999938964844,103.01383972167969,107.78466796875,315.4393005371094,132.43443298339844,21.733562469482422
2020-10-20,40.242591857910156,54.10265350341797,179.25,102.79254150390625,107.56123352050781,316.702880859375,131.17410278320312,21.664592742919922
2020-10-21,40.35649490356445,53.84391403198242,180.60000610351562,102.65643310546875,107.38568115234375,316.1034240722656,130.7210693359375,21.552520751953125
2020-10-22,40.34773635864258,53.88564682006836,178.8300018310547,102.29898071289062,107.14636993408203,317.8373718261719,129.36199951171875,21.638729095458984
2020-10-23,40.58429718017578,54.236209869384766,178.63999938964844,102.44364929199219,107.41759490966797,318.91644287109375,130.1527557373047,21.587005615234375
2020-10-26,40.05860137939453,53.259647369384766,178.5500030517578,102.71598052978516,107.64104461669922,313.0229187011719,131.3636016845703,21.664592742919922
2020-10-27,40.23383331298828,52.842323303222656,179.02000427246094,102.94575500488281,108.07991027832031,311.9437561035156,132.24490356445312,21.621490478515625
2020-10-28,39.22623062133789,51.26481246948242,176.1300048828125,102.93724822998047,107.54524993896484,301.28192138671875,132.36851501464844,21.759424209594727
2020-10-29,39.620513916015625,51.50686264038086,175.39999389648438,102.50322723388672,107.26599884033203,304.3439025878906,131.08351135253906,21.84563636779785
2020-10-30,39.17366409301758,51.23978042602539,176.1999969482422,102.17134094238281,106.70745086669922,301.17120361328125,129.7902374267578,21.871498107910156
2020-11-02,39.67308044433594,51.90750503540039,177.91000366210938,102.34674072265625,107.12567138671875,304.5468444824219,130.7624969482422,21.897361755371094
2020-11-03,39.84831237792969,53.268001556396484,178.9199981689453,102.11682891845703,107.2296142578125,309.9239196777344,130.0039520263672,21.776668548583984
2020-11-04,41.10124588012695,53.85225296020508,178.82000732421875,102.97683715820312,108.83685302734375,316.85052490234375,132.82395935058594,21.742183685302734
2020-11-05,41.802181243896484,55.14598083496094,182.92999267578125,102.95984649658203,109.2446517944336,323.02996826171875,133.05487060546875,21.5352783203125
2020-11-06,41.99494171142578,55.26283264160156,183.19000244140625,102.6107406616211,108.9008560180664,322.9561767578125,131.44686889648438,21.457687377929688
2020-11-09,42.2840690612793,56.87372589111328,175.0800018310547,101.85282897949219,108.07722473144531,327.014404296875,128.68460083007812,21.595624923706055
2020-11-10,41.802181243896484,57.38286590576172,175.66000366210938,101.5633316040039,107.79732513427734,326.5346984863281,127.94242095947266,21.595624923706055
2020-11-11,42.073795318603516,57.866973876953125,174.89999389648438,101.72509765625,107.99725341796875,328.9604187011719,128.40419006347656,21.621490478515625
2020-11-12,41.758384704589844,57.023963928222656,175.9600067138672,102.30416870117188,108.42906188964844,325.7691955566406,130.58929443359375,21.621490478515625
2020-11-13,42.34540557861328,57.90037155151367,177.16000366210938,102.16790008544922,108.5569839477539,330.27923583984375,130.41616821289062,21.578384399414062
2020-11-16,42.87111282348633,58.501312255859375,177.14999389648438,102.0912857055664,108.90882110595703,334.40191650390625,130.10281372070312,21.526657104492188
2020-11-17,42.82730484008789,58.44289016723633,176.5,102.35526275634766,109.26065063476562,332.603515625,130.9521942138672,21.49217414855957
2020-11-18,42.678348541259766,58.134063720703125,175.49000549316406,102.32122802734375,109.49250793457031,328.60076904296875,131.33145141601562,21.500795364379883
2020-11-19,42.748443603515625,58.54305648803711,175.16000366210938,102.43194580078125,110.10025024414062,329.9841613769531,132.00767517089844,21.466310501098633
2020-11-20,42.985015869140625,58.71832275390625,175.69000244140625,102.6107406616211,110.00432586669922,327.7244567871094,133.17855834960938,21.49217414855957
2020-11-23,43.09891128540039,58.643218994140625,172.22999572753906,102.4063491821289,110.1402587890625,329.6889953613281,132.5684051513672,21.526657104492188
2020-11-24,43.67718505859375,59.51958465576172,169.58999633789062,102.24455261230469,109.89234924316406,335.0014953613281,131.24899291992188,21.423206329345703
2020-11-25,43.43186569213867,59.444480895996094,169.50999450683594,102.27861022949219,109.95632934570312,334.4850769042969,130.84494018554688,21.388723373413086
2020-11-27,43.843666076660156,59.853458404541016,167.7899932861328,102.5851821899414,110.34814453125,335.41656494140625,132.11483764648438,21.34561538696289
2020-11-30,42.69587707519531,58.5513916015625,166.6699981689453,102.51707458496094,110.73194122314453,333.9317321777344,131.9499053955078,21.397340774536133
2020-12-01,43.53699493408203,59.92859649658203,170.17999267578125,101.97169494628906,110.31214904785156,337.58404541015625,130.00436401367188,21.207683563232422
2020-12-02,43.59833526611328,59.93692398071289,171.4600067138672,101.80128479003906,109.943603515625,338.2942810058594,128.97259521484375,21.18181800842285
2020-12-03,44.09775161743164,60.0370979309082,172.80999755859375,102.07398223876953,110.376220703125,338.2019348144531,130.0126495361328,21.069744110107422
2020-12-04,44.55335998535156,60.546234130859375,172.32000732421875,101.67345428466797,109.7673110961914,341.11651611328125,128.10598754882812,21.09560775756836
2020-12-07,44.55335998535156,60.05377960205078,174.88999938964844,101.98875427246094,109.86341857910156,340.4154968261719,129.26145935058594,21.13009262084961
2020-12-08,44.57088851928711,60.26244354248047,175.5,102.09100341796875,109.73524475097656,341.4117126464844,129.872314453125,21.15595245361328
2020-12-09,44.18537521362305,60.345909118652344,172.5,101.9461441040039,109.33463287353516,338.34954833984375,129.44313049316406,21.164575576782227
2020-12-10,44.754886627197266,60.42936325073242,172.1699981689453,102.17622375488281,109.87944030761719,338.2388610839844,130.59048461914062,21.10422706604004
2020-12-11,44.43946838378906,60.245765686035156,172.49000549316406,102.38069152832031,109.9916763305664,337.8421936035156,131.05264282226562,21.15595245361328
2020-12-14,44.20841598510742,60.2828369140625,171.5399932861328,102.32107543945312,109.91151428222656,336.32965087890625,130.689453125,21.09560775756836
2020-12-15,44.686431884765625,60.89805603027344,173.94000244140625,102.21881103515625,110.12788391113281,340.8766174316406,130.2519989013672,21.026639938354492
2020-12-16,44.898902893066406,61.134029388427734,174.89999389648438,102.13359069824219,110.03971862792969,341.4117126464844,129.90533447265625,21.000776290893555
2020-12-17,45.19101333618164,61.56382751464844,176.74000549316406,102.05941009521484,110.20024871826172,343.3207702636719,129.56166076660156,20.888702392578125
2020-12-18,45.137908935546875,61.24358367919922,176.44000244140625,101.97415161132812,110.1199722290039,341.9499206542969,129.1732635498047,20.914567947387695
2020-12-21,44.47397994995117,60.45980453491211,175.8800048828125,102.04237365722656,109.90322875976562,340.72723388671875,129.685546875,20.957670211791992
2020-12-22,44.11988830566406,60.308109283447266,174.49000549316406,102.21289825439453,110.20833587646484,340.1529846191406,130.3548126220703,21.069744110107422
2020-12-23,44.57135009765625,60.957054138183594,175.64999389648438,101.99977111816406,110.2323989868164,340.4586486816406,129.4542236328125,20.97491455078125
2020-12-24,44.37660598754883,60.98233413696289,176.35000610351562,102.14469909667969,110.6097412109375,341.783203125,129.96646118164062,20.992155075073242
2020-12-28,44.500545501708984,61.47955322265625,175.7100067138672,102.15325164794922,110.68201446533203,344.7193603515625,130.02427673339844,20.992155075073242
2020-12-29,45.16446304321289,61.87565231323242,176.35000610351562,102.13616943359375,110.7302017211914,344.061767578125,129.85903930664062,20.923185348510742
2020-12-30,45.76641845703125,61.95993423461914,177.6999969482422,102.20438385009766,110.87469482421875,344.5527038574219,130.1399688720703,20.836977005004883
2020-12-31,45.739864349365234,61.48798370361328,178.36000061035156,102.27257537841797,110.89875793457031,346.30322265625,130.33004760742188,20.89732551574707
2021-01-04,46.03199005126953,61.80825424194336,182.3300018310547,102.29817962646484,110.3367691040039,341.5887145996094,130.1730499267578,20.914567947387695
2021-01-05,47.13853073120117,62.4487419128418,182.8699951171875,102.05941009521484,109.98353576660156,343.94134521484375,129.20635986328125,20.793874740600586
2021-01-06,46.74017333984375,63.16508102416992,179.89999389648438,101.46257781982422,109.09233093261719,345.99761962890625,126.55393981933594,20.768007278442383
2021-01-07,47.18278503417969,63.23250961303711,179.47999572753906,101.10450744628906,109.07626342773438,351.1383056640625,125.43843078613281,20.888702392578125
2021-01-08,48.43095779418945,63.822452545166016,173.33999633789062,100.81459045410156,108.99600219726562,353.138916015625,125.03353118896484,20.923185348510742
2021-01-11,47.77589416503906,62.98810958862305,173.0,100.61847686767578,108.53032684326172,350.75848388671875,124.82701110839844,21.05250358581543
2021-01-12,48.24507141113281,63.27464294433594,174.1199951171875,100.60142517089844,108.76315307617188,350.83258056640625,124.72779083251953,20.940431594848633
2021-01-13,48.351287841796875,63.19037628173828,173.3699951171875,100.95098876953125,109.60616302490234,351.77734375,126.13252258300781,21.0093994140625
2021-01-14,48.80276107788086,63.69602966308594,173.27999877929688,100.72078704833984,109.1324462890625,350.54541015625,124.95086669921875,20.966291427612305
2021-01-15,48.112274169921875,62.701560974121094,171.1300048828125,100.99362182617188,109.30109405517578,347.98907470703125,125.44678497314453,21.10422706604004
2021-01-19,48.90898513793945,63.15665817260742,172.5800018310547,101.0533447265625,109.49378204345703,350.7214660644531,125.8515625,21.043880462646484
2021-01-20,49.76765441894531,63.58646011352539,175.38999938964844,101.09598541259766,109.46166229248047,355.574951171875,125.97550964355469,21.035259246826172
2021-01-21,49.85618591308594,63.637020111083984,175.27999877929688,100.95098876953125,109.02808380126953,355.899169921875,125.09134674072266,20.940431594848633
2021-01-22,49.422420501708984,63.3336296081543,173.89999389648438,101.10450744628906,108.94783782958984,354.63946533203125,125.49626159667969,20.98353385925293
2021-01-25,49.79421615600586,63.25778579711914,174.0500030517578,101.51374816894531,109.41349029541016,356.0380859375,126.97525787353516,21.0093994140625
2021-01-26,49.431270599365234,63.350494384765625,173.6199951171875,101.47964477539062,109.4054946899414,355.4823303222656,126.73568725585938,20.94904899597168
2021-01-27,48.059165954589844,61.900936126708984,172.52000427246094,101.59902954101562,109.21277618408203,346.7941589355469,127.05797576904297,21.078365325927734
2021-01-28,48.39555740356445,62.297054290771484,172.67999267578125,101.33473205566406,109.03612518310547,349.7767333984375,126.3556137084961,21.026639938354492
2021-01-29,47.19164276123047,61.00761032104492,172.61000061035156,101.15563201904297,108.86756134033203,342.7742614746094,125.5954818725586,21.05250358581543
2021-02-01,48.466373443603516,61.73237991333008,174.22999572753906,101.28187561035156,109.08233642578125,348.4799499511719,125.74109649658203,21.15595245361328
2021-02-02,49.09488296508789,62.35603713989258,172.11000061035156,101.02598571777344,108.792724609375,353.40753173828125,124.93030548095703,21.18181800842285
2021-02-03,49.34275436401367,62.50772476196289,171.85000610351562,100.77854919433594,108.53534698486328,353.6854248046875,123.82173156738281,21.17319679260254
2021-02-04,49.36045455932617,62.57514953613281,168.14999389648438,100.74441528320312,108.72030639648438,357.7052917480469,123.49091339111328,21.268028259277344
2021-02-05,49.785362243652344,62.96282958984375,169.80999755859375,100.53114318847656,108.43071746826172,359.1131896972656,122.45687866210938,21.147335052490234
2021-02-08,49.87389373779297,63.401065826416016,171.52000427246094,100.57376098632812,108.89728546142578,361.7066345214844,122.99452209472656,21.138713836669922
2021-02-09,50.405025482177734,63.746585845947266,172.0800018310547,100.65057373046875,108.72840118408203,361.46588134765625,123.08553314208984,21.026639938354492
2021-02-10,50.58208084106445,63.52747344970703,172.7100067138672,100.906494140625,108.98579406738281,361.3084411621094,123.904541015625,21.01801872253418
2021-02-11,51.1220703125,63.9572868347168,171.2100067138672,100.82971954345703,108.69622039794922,361.89190673828125,123.22623443603516,21.0093994140625
2021-02-12,51.16632080078125,64.31123352050781,170.69000244140625,100.49700164794922,108.34220886230469,363.6795959472656,121.69580078125,21.026639938354492
2021-02-16,51.290252685546875,64.7747573852539,168.24000549316406,99.77178192138672,107.57801818847656,363.3646240234375,119.8427963256836,21.026639938354492
2021-02-17,51.30796432495117,64.39552307128906,166.3300018310547,99.84002685546875,108.11695861816406,363.4480285644531,120.6038818359375,21.11284828186035
2021-02-18,50.59978103637695,64.07527160644531,166.32000732421875,99.83148956298828,107.90785217285156,361.90118408203125,120.11576843261719,21.043880462646484
2021-02-19,50.927310943603516,64.26067352294922,167.00999450683594,99.43048095703125,107.12753295898438,361.2620849609375,118.5191879272461,20.992155075073242
2021-02-22,49.431270599365234,64.1005630493164,169.50999450683594,99.26837158203125,106.4598159790039,358.4833679199219,117.61746978759766,20.93181037902832
2021-02-23,49.65258026123047,64.1595458984375,169.1199951171875,99.34515380859375,106.54029083251953,358.9186706542969,117.27830505371094,20.94904899597168
2021-02-24,49.33390426635742,64.36181640625,169.0,99.20867156982422,106.701171875,362.87371826171875,116.50894165039062,20.914567947387695
2021-02-25,48.20965576171875,63.26622009277344,165.82000732421875,97.8862533569336,105.01183319091797,354.1300048828125,114.60633850097656,20.98353385925293
2021-02-26,47.56343460083008,62.372886657714844,161.80999755859375,98.76500701904297,106.40354919433594,352.3053283691406,118.39508056640625,21.138713836669922
2021-03-01,48.83816909790039,63.544334411621094,161.52999877929688,98.6540298461914,106.50751495361328,360.8452453613281,116.83136749267578,21.15595245361328
2021-03-02,48.360145568847656,63.47690200805664,162.41000366210938,98.83331298828125,106.38664245605469,358.0294494628906,116.83970642089844,21.078365325927734
2021-03-03,48.26276779174805,63.0892333984375,160.6199951171875,98.30400848388672,105.59666442871094,353.2871398925781,115.57245635986328,21.138713836669922
2021-03-04,47.13853073120117,62.49087142944336,159.0399932861328,97.8174057006836,104.73414611816406,348.91534423828125,114.82705688476562,21.276647567749023
2021-03-05,47.65196228027344,62.89539337158203,159.13999938964844,97.68082427978516,104.59709167480469,355.33416748046875,115.0506820678711,21.354238510131836
2021-03-08,46.36838150024414,62.676292419433594,157.49000549316406,97.29664611816406,103.62178802490234,353.56500244140625,114.15619659423828,21.474931716918945
2021-03-09,47.386390686035156,63.51905822753906,160.83999633789062,97.75762939453125,104.40364837646484,358.6130065917969,115.73811340332031,21.354238510131836
2021-03-10,47.17393112182617,63.78872299194336,161.66000366210938,97.9625015258789,104.8953628540039,360.8452453613281,115.97006225585938,21.319753646850586
2021-03-11,48.66112518310547,64.1258316040039,161.52000427246094,97.92839050292969,104.9598159790039,364.5038757324219,115.13352966308594,21.21630096435547
2021-03-12,47.79359817504883,64.28596496582031,161.49000549316406,97.21978759765625,103.750732421875,364.9948425292969,112.69022369384766,21.28527069091797
2021-03-15,47.90867614746094,64.33651733398438,162.1999969482422,97.33932495117188,104.10539245605469,367.17156982421875,113.3527603149414,21.32837677001953
2021-03-16,48.112274169921875,64.44608306884766,162.35000610351562,97.32221221923828,104.03282928466797,366.7083740234375,112.89722442626953,21.32837677001953
2021-03-17,48.17424392700195,64.82533264160156,163.50999450683594,97.1600341796875,104.12957000732422,367.958740234375,112.05239868164062,21.22492218017578
2021-03-18,47.289005279541016,64.23538970947266,162.55999755859375,96.55391693115234,103.53309631347656,362.6051940917969,110.91775512695312,21.354238510131836
2021-03-19,47.873268127441406,64.4123764038086,163.24000549316406,96.4941635131836,103.68624877929688,361.9342041015625,111.60523223876953,21.36286163330078
2021-03-22,47.73162841796875,64.47136688232422,163.0,96.8100357055664,104.05701446533203,364.8241882324219,112.85582733154297,21.319753646850586
2021-03-23,46.819847106933594,63.578060150146484,161.80999755859375,97.28810119628906,104.36332702636719,361.9527587890625,113.87456512451172,21.44906997680664
2021-03-24,45.748714447021484,63.25778579711914,162.3699951171875,97.4161605834961,104.6777114868164,360.11273193359375,114.48744201660156,21.500795364379883
2021-03-25,45.96116638183594,63.729740142822266,161.77999877929688,97.28810119628906,104.55680084228516,362.138671875,113.58464050292969,21.56114387512207
2021-03-26,47.15623474121094,64.55563354492188,162.24000549316406,96.96369934082031,104.48424530029297,367.9744567871094,113.18710327148438,21.5352783203125
2021-03-29,46.82870101928711,64.30281829833984,160.30999755859375,96.63076782226562,104.23436737060547,367.7886047363281,112.22638702392578,21.587005615234375
2021-03-30,46.979183197021484,64.21854400634766,157.57000732421875,96.5453872680664,104.55680084228516,366.8128662109375,112.81443786621094,21.673213958740234
2021-03-31,47.21820068359375,63.94043731689453,159.9600067138672,96.40876770019531,104.83087921142578,368.2996520996094,112.18498229980469,21.655975341796875
2021-04-01,47.67851638793945,64.7747573852539,161.97999572753906,96.83586120605469,105.48831939697266,372.2770080566406,114.04689025878906,21.56114387512207
2021-04-05,47.864418029785156,65.7186508178711,161.9199981689453,96.56253051757812,104.97140502929688,377.62030029296875,113.54932403564453,21.49217414855957
2021-04-06,48.12998580932617,65.0191650390625,163.22000122070312,97.03237915039062,105.6740493774414,377.3973693847656,114.32057189941406,21.440448760986328
2021-04-07,47.42179489135742,65.15400695800781,162.75999450683594,96.97258758544922,105.46410369873047,377.83416748046875,113.52440643310547,21.466310501098633
2021-04-08,47.81130599975586,65.52481079101562,164.50999450683594,97.30570220947266,105.85174560546875,379.6275634765625,114.4615707397461,21.37148094177246
2021-04-09,47.40409851074219,65.72708129882812,163.27000427246094,97.04945373535156,105.63367462158203,382.3874816894531,114.04689025878906,21.388723373413086
2021-04-12,47.12082290649414,65.36468505859375,162.27999877929688,96.98966217041016,105.60942077636719,382.52691650390625,113.99717712402344,21.38010025024414
2021-04-13,47.315574645996094,65.74394226074219,163.42999267578125,97.39115142822266,106.07786560058594,383.6605224609375,114.8513412475586,21.30251121520996
2021-04-14,47.55458450317383,65.79450225830078,162.72000122070312,97.27156066894531,105.93250274658203,382.3503723144531,114.48648071289062,21.276647567749023
2021-04-15,47.98834991455078,66.34229278564453,165.35000610351562,97.8951416015625,106.58672332763672,386.457763671875,116.4023666381836,21.276647567749023
2021-04-16,48.112274169921875,66.82267761230469,166.35000610351562,97.63036346435547,105.85984802246094,387.7494201660156,115.49833679199219,21.25078582763672
2021-04-19,47.93523025512695,66.70468139648438,165.88999938964844,97.52781677246094,105.58521270751953,385.84442138671875,115.16658020019531,21.13009262084961
2021-04-20,47.54573059082031,65.5079574584961,166.47999572753906,97.81825256347656,105.7871322631836,383.01947021484375,115.6973648071289,21.164575576782227
2021-04-21,47.837860107421875,66.18216705322266,168.1300048828125,97.86951446533203,106.15058898925781,386.6435852050781,115.92955780029297,21.138713836669922
2021-04-22,47.66966247558594,65.96306610107422,167.0399932861328,97.94640350341797,106.25556182861328,383.11236572265625,116.43547821044922,21.199060440063477
2021-04-23,48.360145568847656,66.63726043701172,166.39999389648438,97.81825256347656,106.34443664550781,387.2662353515625,116.16181182861328,21.078365325927734
2021-04-26,48.42210388183594,66.68783569335938,166.83999633789062,97.71575164794922,106.29596710205078,388.0746765136719,115.99592590332031,21.078365325927734
2021-04-27,48.39555740356445,66.46871948242188,166.4199981689453,97.33135986328125,105.81944274902344,387.9910583496094,114.98411560058594,21.08698844909668
2021-04-28,48.75849914550781,66.63726043701172,166.91000366210938,97.45946502685547,105.83560180664062,387.8795471191406,115.05875396728516,21.0093994140625
2021-04-29,48.6434211730957,66.66255187988281,166.22000122070312,97.28861999511719,105.70640563964844,390.3514099121094,114.71875762939453,21.01801872253418
2021-04-30,47.78474044799805,65.82821655273438,165.66000366210938,97.37406921386719,105.92440032958984,387.78662109375,114.98411560058594,21.19043731689453
2021-05-03,47.78474044799805,66.55299377441406,167.80999755859375,97.53987884521484,106.17935180664062,388.623046875,115.05303192138672,21.09560775756836
2021-05-04,47.244754791259766,65.56695556640625,166.5800018310547,97.6681137084961,106.24407958984375,386.2254333496094,115.83380126953125,21.19043731689453
2021-05-05,47.466060638427734,66.46028900146484,167.27000427246094,97.78778839111328,106.37352752685547,386.3462829589844,116.02485656738281,21.18181800842285
2021-05-06,47.91752624511719,67.00808715820312,170.05999755859375,97.83051300048828,106.57585906982422,389.4314270019531,116.21588134765625,21.078365325927734
2021-05-07,48.41324996948242,67.76657104492188,171.58999633789062,97.86473083496094,106.6163330078125,392.26568603515625,115.64273834228516,20.923185348510742
2021-05-10,47.54573059082031,67.40419006347656,172.11000061035156,97.6681137084961,106.04180145263672,388.38140869140625,114.47162628173828,20.923185348510742
2021-05-11,47.41294479370117,66.51929473876953,172.13999938964844,97.50572204589844,105.6533432006836,384.9151306152344,113.82379913330078,20.905946731567383
2021-05-12,46.102813720703125,65.45738983154297,170.42999267578125,97.03558349609375,105.07880401611328,376.73748779296875,112.62771606445312,21.061124801635742
2021-05-13,46.040836334228516,65.94619750976562,171.1300048828125,97.36039733886719,105.47530364990234,381.2630920410156,112.80213928222656,21.026639938354492
2021-05-14,46.872962951660156,67.05021667480469,172.69000244140625,97.57408142089844,106.04989624023438,387.11749267578125,113.85692596435547,20.940431594848633
2021-05-17,46.82870101928711,66.92381286621094,174.6999969482422,97.4800796508789,105.92845153808594,386.1325378417969,113.61612701416016,20.914567947387695
2021-05-18,47.457210540771484,67.06707763671875,175.0399932861328,97.4800796508789,105.58052825927734,382.80572509765625,113.3254165649414,20.81973648071289
2021-05-19,47.315574645996094,66.4771499633789,175.16000366210938,97.189453125,105.3944091796875,381.8020935058594,113.05134582519531,20.914567947387695
2021-05-20,47.58999252319336,67.35362243652344,175.9600067138672,97.59117126464844,106.1146240234375,385.9094543457031,113.98150634765625,20.811113357543945
2021-05-21,47.04115295410156,67.44631958007812,176.0399932861328,97.62535095214844,106.18743896484375,385.5935363769531,114.34703063964844,20.880081176757812
2021-05-24,47.4306526184082,67.85926818847656,176.35000610351562,97.71940612792969,106.47874450683594,389.52435302734375,114.77063751220703,20.82835578918457
2021-05-25,47.89982223510742,67.87613677978516,177.9499969482422,98.07842254638672,106.87528228759766,388.6601257324219,115.83380126953125,20.802490234375
2021-05-26,48.2539176940918,67.833984375,177.63999938964844,97.96730041503906,106.81864929199219,389.4314270019531,115.63440704345703,20.880081176757812
2021-05-27,48.26276779174805,67.96041107177734,177.7100067138672,97.79632568359375,106.49495697021484,389.6358642578125,115.16935729980469,20.86284065246582
2021-05-28,48.572601318359375,68.12054443359375,178.3800048828125,97.78778839111328,106.58396911621094,390.3328857421875,114.98658752441406,20.880081176757812
2021-06-01,49.572906494140625,68.36493682861328,177.89999389648438,97.76982116699219,106.59777069091797,389.98907470703125,114.96082305908203,20.845598220825195
2021-06-02,49.65258026123047,68.59248352050781,178.77000427246094,97.88102722167969,106.76799774169922,390.602294921875,115.22694396972656,20.845598220825195
2021-06-03,49.1214485168457,68.25536346435547,175.27000427246094,97.63296508789062,106.34642028808594,389.1527099609375,114.79441833496094,20.97491455078125
2021-06-04,49.56406021118164,68.83688354492188,177.16000366210938,98.17184448242188,107.10044860839844,392.7117919921875,116.36651611328125,20.89732551574707
2021-06-07,49.316192626953125,69.06442260742188,177.8699951171875,98.09487915039062,107.01127624511719,392.330810546875,116.00889587402344,20.86284065246582
2021-06-08,49.07718276977539,69.03070831298828,177.32000732421875,98.37712097167969,107.41669464111328,392.4143981933594,116.82398223876953,20.888702392578125
2021-06-09,48.935546875,68.8453140258789,176.97999572753906,98.68508911132812,107.80589294433594,391.8289794921875,117.85543060302734,20.905946731567383
2021-06-10,49.327640533447266,69.03495788574219,177.74000549316406,99.03578186035156,108.29232788085938,393.6503601074219,118.56239318847656,20.888702392578125
2021-06-11,49.15870666503906,69.197265625,175.74000549316406,98.890380859375,108.38153839111328,394.3008117675781,118.37113952636719,20.992155075073242
2021-06-14,49.292076110839844,69.31688690185547,174.7100067138672,98.58243560791016,107.9842300415039,395.1836853027344,117.46446990966797,20.97491455078125
2021-06-15,48.9542236328125,69.40229797363281,174.0500030517578,98.59954071044922,108.06533813476562,394.4588317871094,117.32307434082031,20.992155075073242
2021-06-16,48.287384033203125,68.97515869140625,171.11000061035156,97.92379760742188,107.7571792602539,392.25640869140625,117.22321319580078,21.164575576782227
2021-06-17,48.554115295410156,68.49674987792969,165.85000610351562,98.27449798583984,108.35723114013672,392.1262512207031,118.9782943725586,21.32837677001953
2021-06-18,48.21625518798828,67.0786361694336,164.92999267578125,98.83048248291016,108.92475891113281,386.83636474609375,121.21578979492188,21.397340774536133
2021-06-21,48.420745849609375,67.95856475830078,166.9499969482422,98.51399230957031,108.29232788085938,392.3742370605469,119.18626403808594,21.29389190673828
2021-06-22,48.19847106933594,67.96709442138672,166.25,98.69364166259766,108.47074127197266,394.4720458984375,119.47740173339844,21.25940704345703
2021-06-23,48.49187469482422,67.53141784667969,166.13999938964844,98.49689483642578,108.30046081542969,393.99658203125,119.16968536376953,21.29389190673828
2021-06-24,48.936439514160156,68.18065643310547,166.0399932861328,98.47978973388672,108.51127624511719,396.3274230957031,119.36094665527344,21.276647567749023
2021-06-25,49.345420837402344,68.3259048461914,166.58999633789062,98.27449798583984,108.22747802734375,397.735107421875,118.1215591430664,21.28527069091797
2021-06-28,49.38987350463867,67.89022064208984,166.5800018310547,98.58243560791016,108.68966674804688,398.5369873046875,119.33597564697266,21.29389190673828
2021-06-29,49.354312896728516,67.90730285644531,164.8300018310547,98.63375854492188,108.81938934326172,398.7513732910156,119.53559875488281,21.34561538696289
2021-06-30,49.034236907958984,67.38619232177734,165.6300048828125,98.78771209716797,108.9410171508789,399.0870056152344,120.06797790527344,21.405963897705078
2021-07-01,48.758609771728516,67.54849243164062,166.1999969482422,98.71666717529297,108.84595489501953,401.2966003417969,120.07457733154297,21.466310501098633
2021-07-02,48.70526123046875,67.77914428710938,167.2899932861328,99.076171875,109.15464782714844,404.3639831542969,120.7992172241211,21.38010025024414
2021-07-06,47.85171890258789,67.33493041992188,168.1199951171875,99.59833526611328,109.55268859863281,403.6273498535156,122.2151107788086,21.457687377929688
2021-07-07,47.798370361328125,67.70227813720703,168.75999450683594,99.88932037353516,109.9264144897461,405.0538330078125,123.2977294921875,21.49217414855957
2021-07-08,46.802574157714844,66.83089447021484,168.64999389648438,100.14612579345703,109.98324584960938,401.75341796875,123.78091430664062,21.405963897705078
2021-07-09,47.611663818359375,67.96709442138672,169.2100067138672,99.6411361694336,109.5202407836914,406.0420837402344,122.0401611328125,21.354238510131836
2021-07-12,47.6561164855957,68.25756072998047,169.0,99.5897445678711,109.46334075927734,407.4964294433594,121.88190460205078,21.38010025024414
2021-07-13,47.70058059692383,67.89875030517578,169.22000122070312,99.28157806396484,109.05718231201172,406.1073913574219,120.9490966796875,21.509418487548828
2021-07-14,47.90507125854492,68.05253601074219,171.0399932861328,99.70956420898438,109.56082153320312,406.71331787109375,122.3233642578125,21.405963897705078
2021-07-15,48.020652770996094,67.40326690673828,171.07000732421875,100.12902069091797,109.79640197753906,405.32427978515625,123.67266845703125,21.466310501098633
2021-07-16,47.6472282409668,66.90778350830078,169.41000366210938,100.11185455322266,109.64205932617188,402.1449890136719,123.43946075439453,21.49217414855957
2021-07-19,46.8470344543457,65.6947021484375,169.61000061035156,100.96783447265625,110.42998504638672,396.20623779296875,126.14622497558594,21.526657104492188
2021-07-20,46.99818420410156,66.173095703125,169.38999938964844,100.83942413330078,110.2757339477539,401.8839111328125,124.93022155761719,21.552520751953125
2021-07-21,47.300472259521484,67.18115997314453,168.75999450683594,100.25738525390625,109.8857650756836,405.1377868652344,123.34778594970703,21.500795364379883
2021-07-22,47.389381408691406,67.20677947998047,169.08999633789062,100.48847961425781,110.34066772460938,405.986083984375,124.51380157470703,21.526657104492188
2021-07-23,46.68699264526367,67.67664337158203,168.55999755859375,100.33442687988281,110.29194641113281,410.16302490234375,123.68094635009766,21.5352783203125
2021-07-26,45.797882080078125,67.77062225341797,168.16000366210938,100.26594543457031,110.0481948852539,411.1697998046875,123.31448364257812,21.466310501098633
2021-07-27,44.87321472167969,67.49723815917969,168.44000244140625,100.69393920898438,110.51939392089844,409.2958679199219,124.6303939819336,21.431827545166016
2021-07-28,46.09129333496094,67.78768920898438,169.2899932861328,100.77951049804688,110.71437072753906,409.1280822753906,124.63873291015625,21.37148094177246
2021-07-29,46.32245635986328,68.25756072998047,171.1699981689453,100.47134399414062,110.39754486083984,410.8248596191406,123.94747161865234,21.29389190673828
2021-07-30,45.877906799316406,67.90730285644531,169.82000732421875,100.75385284423828,110.48689270019531,408.8297119140625,124.53044128417969,21.354238510131836
2021-08-02,46.20687484741211,68.24901580810547,169.61000061035156,101.19580841064453,110.8067398071289,407.97198486328125,125.64117431640625,21.32837677001953
2021-08-03,46.4024772644043,68.73596954345703,169.49000549316406,101.22150421142578,110.9206771850586,411.2910461425781,125.70787048339844,21.336994171142578
2021-08-04,46.64253234863281,68.53093719482422,169.52999877929688,101.19580841064453,110.9450912475586,409.2679443359375,125.96644592285156,21.37148094177246
2021-08-05,46.571414947509766,68.86410522460938,168.86000061035156,100.82749938964844,110.48934936523438,411.85968017578125,125.32424926757812,21.37148094177246
2021-08-06,46.180198669433594,68.6078109741211,164.63999938964844,100.23653411865234,109.58605194091797,412.5403137207031,123.23118591308594,21.49217414855957
2021-08-09,46.33134841918945,68.5736312866211,161.72000122070312,100.02236938476562,109.1140365600586,412.2047119140625,122.78929138183594,21.5352783203125
2021-08-10,46.393585205078125,68.72740173339844,161.77000427246094,99.83395385742188,108.86988830566406,412.71746826171875,122.22233581542969,21.552520751953125
2021-08-11,46.51805877685547,69.197265625,164.0,99.94530487060547,109.040771484375,413.74298095703125,122.1472396850586,21.509418487548828
2021-08-12,46.109073638916016,69.1374740600586,164.0399932861328,99.84252166748047,109.19539642333984,414.9830627441406,121.94713592529297,21.5352783203125
2021-08-13,45.993492126464844,69.55606842041016,166.38999938964844,100.41632843017578,109.92781066894531,415.73822021484375,123.87335968017578,21.431827545166016
2021-08-16,45.57561111450195,69.197265625,167.22000122070312,100.63908386230469,109.99290466308594,416.7171630859375,124.1735610961914,21.44906997680664
2021-08-17,44.73984909057617,68.54800415039062,166.97000122070312,100.5876693725586,109.7976303100586,413.98541259765625,124.12353515625,21.578384399414062
2021-08-18,44.810977935791016,68.28318786621094,167.10000610351562,100.5362548828125,109.724365234375,409.454345703125,124.5404281616211,21.578384399414062
2021-08-19,44.04634475708008,67.60829162597656,166.61000061035156,100.75900268554688,109.97665405273438,410.08831787109375,125.45769500732422,21.68183708190918
2021-08-20,44.01077651977539,67.87310791015625,166.6999969482422,100.66474914550781,110.04985809326172,413.3514099121094,125.5411376953125,21.655975341796875
2021-08-23,44.677616119384766,68.50531768798828,168.72999572753906,100.69043731689453,110.13127899169922,416.9874572753906,125.45769500732422,21.526657104492188
2021-08-24,45.691192626953125,68.6505355834961,168.64999389648438,100.41632843017578,109.87899780273438,417.6494445800781,124.48209381103516,21.509418487548828
2021-08-25,45.744544982910156,68.67616271972656,167.47999572753906,100.02236938476562,109.59418487548828,418.5257873535156,123.44804382324219,21.49217414855957
2021-08-26,45.308876037597656,68.3173599243164,167.6699981689453,100.02236938476562,109.56159973144531,416.05523681640625,123.78998565673828,21.552520751953125
2021-08-27,45.8690185546875,68.94098663330078,170.19000244140625,100.347900390625,110.17195892333984,419.7751159667969,124.63221740722656,21.457687377929688
2021-08-30,45.96681594848633,68.92390441894531,169.35000610351562,100.54483795166016,110.35916900634766,421.62109375,124.95738220214844,21.457687377929688
2021-08-31,46.59808349609375,68.88973236083984,169.69000244140625,100.35645294189453,110.10684204101562,420.99639892578125,124.10685729980469,21.457687377929688
2021-09-01,47.193790435791016,69.51336669921875,169.6999969482422,100.39928436279297,110.24867248535156,421.2201843261719,124.31478881835938,21.41458511352539
2021-09-02,46.980403900146484,69.79527282714844,169.25,100.51927947998047,110.44432830810547,422.5160827636719,124.85742950439453,21.36286163330078
2021-09-03,47.22935104370117,70.11135864257812,171.05999755859375,100.27926635742188,110.04490661621094,422.41351318359375,123.7219467163086,21.319753646850586
2021-09-07,47.50497055053711,70.16261291503906,167.7100067138672,99.88500213623047,109.52317810058594,420.9032287597656,122.6782455444336,21.423206329345703
2021-09-08,46.81147003173828,69.6073226928711,167.2899932861328,100.15930938720703,109.87371063232422,420.3904724121094,123.51321411132812,21.457687377929688
2021-09-09,46.72256088256836,69.48772430419922,168.02999877929688,100.442138671875,110.5910873413086,418.5910339355469,125.00778198242188,21.405963897705078
2021-09-10,46.66921615600586,69.33396911621094,167.17999267578125,100.12499237060547,110.2731704711914,415.2906799316406,123.90562438964844,21.440448760986328
2021-09-13,46.7936897277832,69.8807144165039,167.74000549316406,100.24497985839844,110.54219818115234,416.3535461425781,124.6571044921875,21.440448760986328
2021-09-14,46.4024772644043,69.59024047851562,168.82000732421875,100.62210083007812,110.87640380859375,414.1066589355469,126.16828155517578,21.440448760986328
2021-09-15,46.393585205078125,69.79527282714844,167.8300018310547,100.4507064819336,110.74596405029297,417.5655517578125,125.72577667236328,21.397340774536133
2021-09-16,45.8690185546875,69.6842269897461,164.02999877929688,100.13359069824219,110.5910873413086,416.903564453125,125.1496810913086,21.49217414855957
2021-09-17,45.67341232299805,68.77013397216797,163.77000427246094,99.8421630859375,110.3465347290039,412.8425598144531,124.5485610961914,21.569765090942383
2021-09-20,44.446441650390625,67.49723815917969,164.94000244140625,100.34784698486328,110.68893432617188,405.958740234375,126.09315490722656,21.578384399414062
2021-09-21,44.77540969848633,68.16358947753906,166.0399932861328,100.28788757324219,110.68074798583984,405.5751953125,125.98456573486328,21.56114387512207
2021-09-22,45.33555221557617,68.50531768798828,165.4199981689453,100.38212585449219,110.99055480957031,409.5314636230469,126.73607635498047,21.621490478515625
2021-09-23,45.691192626953125,69.24851989746094,163.50999450683594,99.47361755371094,110.22427368164062,414.50732421875,123.8721923828125,21.5352783203125
2021-09-24,45.14883804321289,68.59928131103516,163.3000030517578,99.17362976074219,109.98789978027344,415.19012451171875,122.66148376464844,21.595624923706055
2021-09-27,45.44224548339844,68.55656433105469,163.63999938964844,98.907958984375,109.93080139160156,414.00225830078125,122.21066284179688,21.621490478515625
2021-09-28,44.855430603027344,67.06155395507812,162.0500030517578,98.53085327148438,108.75685119628906,405.65936279296875,120.30702209472656,21.699077606201172
2021-09-29,44.43754959106445,66.90778350830078,161.32000732421875,98.63367462158203,108.732421875,406.3421936035156,120.5157241821289,21.854257583618164
2021-09-30,44.793190002441406,66.64295959472656,164.22000122070312,98.75367736816406,108.44709014892578,401.3757019042969,120.49903106689453,21.81977081298828
2021-10-01,44.748748779296875,66.8052749633789,164.58999633789062,99.15676879882812,109.23529815673828,406.145751953125,121.51311492919922,21.776668548583984
2021-10-04,44.090797424316406,66.10474395751953,165.36000061035156,99.03668212890625,109.05559539794922,400.9080505371094,121.20379638671875,21.707698822021484
2021-10-05,44.4019889831543,66.55752563476562,164.58999633789062,98.72793579101562,108.60637664794922,405.07952880859375,120.033447265625,21.750804901123047
2021-10-06,44.153038024902344,66.11329650878906,165.02999877929688,98.75369262695312,108.63899993896484,406.7630310058594,120.7105712890625,21.811153411865234
2021-10-07,45.01546859741211,66.62586212158203,164.16000366210938,98.3591537475586,108.15717315673828,410.2797546386719,119.44818878173828,21.802532196044922
2021-10-08,45.18440628051758,66.61731719970703,164.22999572753906,98.14472198486328,107.65890502929688,409.5314636230469,118.6122055053711,21.785287857055664
2021-10-11,45.095497131347656,66.40374755859375,163.9199981689453,97.90454864501953,107.45472717285156,406.5666198730469,118.31122589111328,21.84563636779785
2021-10-12,44.86432647705078,66.43792724609375,164.66000366210938,98.3505630493164,108.14080047607422,405.5657958984375,120.33434295654297,21.871498107910156
2021-10-13,45.486698150634766,67.0957260131836,167.58999633789062,98.53923797607422,108.68805694580078,407.02490234375,121.5047607421875,21.750804901123047
2021-10-14,45.62895584106445,67.76206970214844,168.0,98.77083587646484,109.20262145996094,413.8713073730469,121.95622253417969,21.750804901123047
2021-10-15,46.180198669433594,68.3259048461914,165.3300018310547,98.28194427490234,108.81058502197266,417.0232849121094,121.24559020996094,21.72494125366211
2021-10-18,46.06461715698242,68.03543853759766,164.9199981689453,98.14472198486328,108.72073364257812,418.2579040527344,121.8140640258789,21.733562469482422
2021-10-19,46.67810821533203,68.44550323486328,165.4499969482422,97.79307556152344,108.1244888305664,421.4846496582031,120.13368225097656,21.68183708190918
2021-10-20,46.66921615600586,68.6847152709961,166.89999389648438,97.75019836425781,107.86311340332031,423.14019775390625,119.32280731201172,21.64735221862793
2021-10-21,46.366912841796875,68.36007690429688,166.75,97.4928970336914,107.6343994140625,424.2437744140625,119.18067169189453,21.699077606201172
2021-10-22,46.26911544799805,68.77013397216797,167.77000427246094,97.7416000366211,108.06729888916016,423.8042907714844,120.49320220947266,21.655975341796875
2021-10-25,46.50917434692383,68.63343811035156,168.92999267578125,97.86167907714844,108.11625671386719,426.07696533203125,120.30927276611328,21.690458297729492
2021-10-26,46.26911544799805,68.77013397216797,167.67999267578125,97.98175048828125,108.5818862915039,426.46044921875,121.30410766601562,21.733562469482422
2021-10-27,45.89569091796875,68.49674987792969,168.1199951171875,98.53065490722656,109.24344635009766,424.5711669921875,123.51115417480469,21.72494125366211
2021-10-28,45.94014358520508,69.16309356689453,168.0800018310547,98.27337646484375,109.08009338378906,428.6678161621094,123.09318542480469,21.595624923706055
2021-10-29,45.2733154296875,68.76158142089844,166.64999389648438,98.31625366210938,109.02290344238281,429.5376892089844,123.46939086914062,21.768047332763672
2021-11-01,45.62895584106445,69.42791748046875,167.52000427246094,98.30852508544922,108.82813262939453,430.2765197753906,122.58039093017578,21.699077606201172
2021-11-02,45.219970703125,69.28269958496094,167.16000366210938,98.54886627197266,109.24551391601562,432.0162353515625,123.12451171875,21.750804901123047
2021-11-03,45.433353424072266,69.8465347290039,165.77000427246094,98.2398681640625,108.96728515625,434.6536865234375,121.85218048095703,21.699077606201172
2021-11-04,45.32666778564453,69.80381774902344,167.64999389648438,98.77198791503906,109.54017639160156,436.7021179199219,123.13289642333984,21.811153411865234
2021-11-05,45.2733154296875,69.90632629394531,169.83999633789062,99.31275177001953,110.34212493896484,438.21728515625,124.97443389892578,21.793909072875977
2021-11-08,45.691192626953125,69.89778137207031,170.4499969482422,98.88360595703125,110.08843994140625,438.5914001464844,124.74005126953125,21.750804901123047
2021-11-09,45.513370513916016,69.7440185546875,171.2899932861328,99.33846282958984,110.38308715820312,437.1416015625,126.36392974853516,21.72494125366211
2021-11-10,45.32666778564453,68.8982925415039,173.14999389648438,98.4887466430664,109.25370025634766,433.6249694824219,124.05365753173828,21.95770835876465
2021-11-11,46.109073638916016,69.14602661132812,174.1199951171875,98.17121124267578,108.94271087646484,433.7652893066406,123.86949157714844,22.009435653686523
2021-11-12,46.233551025390625,69.52189636230469,174.4499969482422,98.37718200683594,108.82813262939453,437.03875732421875,123.32537078857422,21.983572006225586
2021-11-15,46.082401275634766,69.39376068115234,174.17999267578125,97.99098205566406,108.00160217285156,437.18841552734375,121.77682495117188,22.104265213012695
2021-11-16,46.14463806152344,69.23999786376953,172.9199981689453,97.9051284790039,107.82154846191406,438.918701171875,121.46712493896484,22.190475463867188
2021-11-17,45.904579162597656,69.15455627441406,174.5,98.25704193115234,108.25525665283203,437.8525085449219,122.42970275878906,22.147369384765625
2021-11-18,45.344444274902344,69.222900390625,173.94000244140625,98.31713104248047,108.50080871582031,439.3396301269531,122.89007568359375,22.087024688720703
2021-11-19,45.2733154296875,68.63343811035156,172.61000061035156,98.58317565917969,108.90998077392578,438.553955078125,124.18756103515625,22.199098587036133
2021-11-22,44.90877151489258,68.23192596435547,168.74000549316406,97.86222839355469,107.96065521240234,437.3193664550781,122.7311019897461,22.311168670654297
2021-11-23,44.86432647705078,68.16358947753906,167.27999877929688,97.45882415771484,107.19136810302734,437.8992614746094,120.95655822753906,22.302549362182617
2021-11-24,44.80208206176758,67.71080780029297,167.1199951171875,97.75922393798828,107.70695495605469,439.0683288574219,122.89852142333984,22.388757705688477
2021-11-26,43.29948806762695,65.89117431640625,166.85000610351562,99.02090454101562,108.5826187133789,429.2757263183594,126.00398254394531,22.216339111328125
2021-11-29,43.46842956542969,66.22434997558594,166.6199951171875,98.79776763916016,108.65625762939453,434.54156494140625,124.99119567871094,22.259443283081055
2021-11-30,43.423973083496094,65.64344787597656,165.5,99.38999938964844,108.89360809326172,426.08636474609375,126.89128112792969,22.155994415283203
2021-12-01,43.58401107788086,65.2675552368164,166.16000366210938,99.57723236083984,108.90921020507812,421.3537292480469,127.67404174804688,22.216339111328125
2021-12-02,44.11747360229492,66.07911682128906,165.24000549316406,99.36248779296875,109.1633529663086,427.8073425292969,127.83335876464844,22.224960327148438
2021-12-03,43.49510192871094,65.80574798583984,166.6300048828125,99.94657897949219,110.07337951660156,424.0848388671875,129.35865783691406,22.216339111328125
2021-12-06,43.83295822143555,66.43792724609375,166.22000122070312,99.4483871459961,109.51586151123047,429.10748291015625,127.58194732666016,22.250822067260742
2021-12-07,44.526466369628906,67.83895874023438,166.80999755859375,99.07044982910156,109.56509399414062,437.9833984375,126.551025390625,22.259443283081055
2021-12-08,44.704280853271484,67.96709442138672,166.89999389648438,98.75261688232422,108.83538055419922,439.1431884765625,124.36366271972656,22.155994415283203
2021-12-09,44.49089813232422,67.40326690673828,165.8800048828125,99.00172424316406,108.74520874023438,436.1783142089844,125.05926513671875,22.23358154296875
2021-12-10,44.526466369628906,67.54849243164062,166.5800018310547,99.07044982910156,108.86820983886719,440.2842712402344,124.75749969482422,22.199098587036133
2021-12-13,43.82032012939453,66.91576385498047,167.0,99.54286193847656,109.36012268066406,436.38409423828125,126.60133361816406,22.268064498901367
2021-12-14,43.72111511230469,66.55940246582031,165.44000244140625,99.37107849121094,108.86820983886719,433.3817443847656,126.29959106445312,22.311168670654297
2021-12-15,43.59486389160156,67.46332550048828,166.14999389648438,99.22505187988281,109.00761413574219,440.15338134765625,125.0843734741211,22.276687622070312
2021-12-16,43.64897155761719,67.47201538085938,168.16000366210938,99.51390075683594,109.0042724609375,436.27178955078125,125.1330337524414,22.181852340698242
2021-12-17,43.432533264160156,66.62025451660156,167.8000030517578,99.73746490478516,109.25894165039062,431.6286315917969,126.55099487304688,22.337032318115234
2021-12-20,42.783206939697266,66.47248840332031,167.08999633789062,99.65149688720703,108.78251647949219,427.0389709472656,125.6029052734375,22.311168670654297
2021-12-21,43.504676818847656,67.21126556396484,167.02000427246094,99.25599670410156,108.99606323242188,434.6227111816406,125.1246109008789,22.285308837890625
2021-12-22,43.71210479736328,67.8370590209961,168.58999633789062,99.3505630493164,109.16854858398438,438.9684143066406,125.70364379882812,22.199098587036133
2021-12-23,43.93756103515625,68.23687744140625,168.97000122070312,99.1442642211914,109.0042724609375,441.69964599609375,124.61284637451172,22.181852340698242
2021-12-27,44.13596725463867,68.76704406738281,169.3699951171875,99.17860412597656,109.32466888427734,447.95068359375,124.91498565673828,22.190475463867188
2021-12-28,43.99167251586914,68.79312133789062,168.63999938964844,99.16144561767578,109.1850357055664,447.5846252441406,124.41987609863281,22.216339111328125
2021-12-29,43.79326629638672,68.76704406738281,168.58999633789062,98.65419006347656,108.58539581298828,448.1571960449219,123.06058502197266,22.155994415283203
2021-12-30,44.294960021972656,68.58676147460938,169.8000030517578,98.98090362548828,109.02071380615234,446.918212890625,124.09260559082031,22.190475463867188
2021-12-31,44.078399658203125,68.52579498291016,170.9600067138672,98.869140625,108.8564453125,445.7919006347656,124.33594512939453,22.095643997192383
2022-01-03,44.39421844482422,68.96997833251953,168.3300018310547,97.94921875,107.69819641113281,448.3730773925781,121.07212829589844,22.23358154296875
2022-01-04,44.24082565307617,69.36189270019531,169.57000732421875,97.89766693115234,107.78856658935547,448.2228698730469,120.56871032714844,22.250822067260742
2022-01-05,43.518959045410156,68.75225067138672,169.05999755859375,97.4849624633789,107.15607452392578,439.61602783203125,119.91426849365234,22.224960327148438
2022-01-06,43.71747589111328,68.40386199951172,166.99000549316406,97.24423217773438,107.01644134521484,439.2030944824219,120.2247085571289,22.24220085144043
2022-01-07,44.114498138427734,68.60417938232422,167.75,96.9261245727539,106.55638122558594,437.4666442871094,119.36050415039062,22.12150764465332
2022-01-10,44.114498138427734,67.96839141845703,168.25999450683594,96.9003677368164,106.45784759521484,436.92230224609375,119.65422821044922,22.17323112487793
2022-01-11,45.134117126464844,68.70868682861328,170.2899932861328,97.13249969482422,106.77822875976562,440.9018859863281,120.45124816894531,22.078405380249023
2022-01-12,45.88304901123047,69.37932586669922,170.74000549316406,97.14966583251953,106.70426940917969,442.0938415527344,119.98983001708984,21.931846618652344
2022-01-13,45.233375549316406,68.87418365478516,170.16000366210938,97.45915222167969,107.0410385131836,436.00244140625,121.05536651611328,21.923227310180664
2022-01-14,45.215328216552734,68.80448913574219,169.6699981689453,96.78857421875,106.09640502929688,436.1807861328125,119.22631072998047,21.983572006225586
2022-01-18,44.41225814819336,67.7942123413086,169.38999938964844,96.05782318115234,105.0860595703125,428.4562072753906,117.5481948852539,22.12150764465332
2022-01-19,44.601749420166016,67.73322296142578,172.0800018310547,96.2899398803711,105.2503662109375,424.0072937011719,118.36212158203125,22.069780349731445
2022-01-20,44.86342239379883,67.40228271484375,171.64999389648438,96.49625396728516,105.1928482055664,419.3143310546875,119.0920181274414,22.138750076293945
2022-01-21,44.213748931884766,66.48780059814453,171.08999633789062,97.05509185791016,105.8828353881836,411.08294677734375,120.51000213623047,22.078405380249023
2022-01-24,43.59114456176758,65.82586669921875,172.02999877929688,96.9691162109375,105.55428314208984,412.8287048339844,119.51995849609375,22.147369384765625
2022-01-25,43.50994110107422,65.42523956298828,172.5800018310547,96.84017181396484,105.258544921875,407.78851318359375,119.32698822021484,22.155994415283203
2022-01-26,42.95952606201172,65.17266845703125,169.7899932861328,96.15238952636719,104.54387664794922,406.7655029296875,117.88380432128906,22.276687622070312
2022-01-27,42.46324920654297,64.86784362792969,167.60000610351562,96.55644989013672,104.7821044921875,404.7568359375,120.04850769042969,22.46634864807129
2022-01-28,42.670780181884766,65.08556365966797,167.10000610351562,96.77999877929688,104.89712524414062,414.80914306640625,120.09051513671875,22.457727432250977
2022-01-31,44.06937789916992,66.03489685058594,168.08999633789062,96.77999877929688,104.94642639160156,422.2803649902344,119.46959686279297,22.302549362182617
2022-02-01,44.3400764465332,66.6619873046875,168.22999572753906,96.64917755126953,105.1208724975586,425.13360595703125,119.07302856445312,22.24220085144043
2022-02-02,44.26789474487305,67.1584243774414,168.83999633789062,96.84711456298828,105.12911224365234,429.2633972167969,119.4762954711914,22.155994415283203
2022-02-03,43.79867935180664,66.09585571289062,168.60000610351562,96.43404388427734,104.28142547607422,419.1736145019531,118.54373168945312,22.043920516967773
2022-02-04,43.90695571899414,66.25263214111328,168.86000061035156,95.69395446777344,103.2444839477539,421.1446533203125,116.79610443115234,22.026674270629883
2022-02-07,43.81672668457031,66.3658447265625,170.11000061035156,95.71979522705078,103.43373107910156,419.7929992675781,116.87171936035156,22.035297393798828
2022-02-08,44.24082565307617,66.70552062988281,170.6300048828125,95.40998077392578,103.04694366455078,423.2470397949219,116.0903091430664,22.069780349731445
2022-02-09,44.93560791015625,67.78549194335938,171.2100067138672,95.5390625,103.39258575439453,429.44171142578125,116.30877685546875,22.043920516967773
2022-02-10,44.637847900390625,66.92325592041016,170.55999755859375,94.66127014160156,101.98524475097656,421.7265625,114.46034240722656,22.078405380249023
2022-02-11,43.961097717285156,65.91297149658203,173.80999755859375,95.6423110961914,102.742431640625,413.4105529785156,116.15753936767578,22.17323112487793
2022-02-14,43.6543083190918,65.4862060546875,174.74000549316406,94.97970581054688,101.82891845703125,412.05908203125,114.71240234375,22.23358154296875
2022-02-15,44.601749420166016,66.68811798095703,173.0800018310547,94.69573211669922,101.31865692138672,418.7043151855469,113.41009521484375,22.147369384765625
2022-02-16,44.92658615112305,66.94068145751953,174.86000061035156,94.8936538696289,101.466796875,419.1736145019531,114.08226013183594,22.104265213012695
2022-02-17,44.40324401855469,65.8607177734375,177.25,95.40139770507812,101.54085540771484,410.2194519042969,114.93081665039062,22.112884521484375
2022-02-18,43.961097717285156,65.58201599121094,177.1199951171875,95.711181640625,101.78778076171875,407.563232421875,116.14076232910156,22.17323112487793
2022-02-22,43.338497161865234,64.81558227539062,177.49000549316406,95.70254516601562,101.65609741210938,403.1894226074219,116.44322204589844,22.181852340698242
2022-02-23,42.83319854736328,64.2843017578125,178.2899932861328,95.20342254638672,100.7343521118164,396.037353515625,114.83837890625,22.207717895507812
2022-02-24,41.94892501831055,63.42207717895508,177.13999938964844,95.42719268798828,101.21167755126953,401.9973449707031,114.91401672363281,22.388757705688477
2022-02-25,42.72492599487305,65.0071792602539,176.5500030517578,95.40139770507812,101.6231689453125,410.86712646484375,114.9980697631836,22.276687622070312
2022-02-28,42.16547775268555,63.770442962646484,178.3800048828125,96.48566436767578,102.70951080322266,409.81591796875,117.51868438720703,22.311168670654297
2022-03-01,41.60604476928711,62.37693786621094,181.6199951171875,97.4254150390625,103.06080627441406,403.57427978515625,118.87737274169922,22.48358917236328
2022-03-02,41.678226470947266,63.16078567504883,179.72999572753906,95.96113586425781,101.49392700195312,410.9984130859375,114.8138427734375,22.46634864807129
2022-03-03,41.09172058105469,61.91532897949219,180.8000030517578,96.37456512451172,101.86503601074219,408.952392578125,115.98326110839844,22.55255889892578
2022-03-04,40.26158142089844,60.12119674682617,183.67999267578125,97.33062744140625,101.9639892578125,405.6297302246094,117.98558044433594,22.724979400634766
2022-03-07,38.75470733642578,58.21383285522461,186.41000366210938,96.9172134399414,100.72699737548828,393.6720886230469,117.0853500366211,22.888776779174805
2022-03-08,38.88103103637695,58.71897506713867,191.50999450683594,96.28843688964844,100.12495422363281,390.6873779296875,115.90758514404297,22.845672607421875
2022-03-09,39.981868743896484,61.17503356933594,185.82000732421875,95.69412994384766,100.29814147949219,401.1620788574219,114.77175903320312,22.621524810791016
2022-03-10,39.232933044433594,60.44343948364258,186.39999389648438,95.25482940673828,99.15180206298828,399.3505859375,113.12284088134766,22.733600616455078
2022-03-11,38.41181945800781,59.79024124145508,185.08999633789062,95.22896575927734,99.1105728149414,394.2728271484375,113.50137329101562,22.854293823242188
2022-03-14,37.48242950439453,60.33893585205078,182.3000030517578,94.02313232421875,97.6756362915039,391.391357421875,110.85128021240234,22.845672607421875
2022-03-15,37.53657150268555,60.913753509521484,178.88999938964844,93.98003387451172,98.44261169433594,399.9981994628906,110.65775299072266,22.819808959960938
2022-03-16,40.559356689453125,63.09981155395508,180.00999450683594,93.85083770751953,99.2837905883789,408.8678283691406,111.7430191040039,22.656009674072266
2022-03-17,40.3518180847168,63.631099700927734,180.88999938964844,93.66996002197266,100.25688934326172,413.9831848144531,110.91020202636719,22.60428237915039
2022-03-18,40.92930603027344,64.24945068359375,179.3000030517578,93.94559478759766,100.454833984375,418.5174865722656,112.26466369628906,22.63014793395996
2022-03-21,40.297672271728516,63.84881591796875,180.6699981689453,92.72252655029297,99.06112670898438,418.3950500488281,109.66500091552734,22.71635627746582
2022-03-22,41.02855682373047,64.44978332519531,179.36000061035156,92.21430206298828,98.82196044921875,423.29083251953125,108.2599868774414,22.707735061645508
2022-03-23,40.75785446166992,63.613677978515625,181.80999755859375,92.83445739746094,99.10233306884766,417.83953857421875,110.6325454711914,22.733600616455078
2022-03-24,40.97441864013672,64.20591735839844,183.1300048828125,92.31767272949219,99.14358520507812,424.13824462890625,109.7659683227539,22.759464263916016
2022-03-25,40.64958190917969,64.24076843261719,182.3800048828125,91.37024688720703,98.36013793945312,426.2095947265625,108.24319458007812,22.768083572387695
2022-03-28,40.78493118286133,64.03173065185547,179.05999755859375,91.5769271850586,98.90440368652344,429.24114990234375,109.16864013671875,22.837051391601562
2022-03-29,41.47972106933594,65.45136260986328,179.13999938964844,92.033447265625,99.73735809326172,434.5512390136719,109.99313354492188,22.699115753173828
2022-03-30,41.3624153137207,65.18136596679688,180.5800018310547,92.39520263671875,99.96826171875,431.8680419921875,110.85128021240234,22.57842254638672
2022-03-31,40.73981857299805,64.10139465332031,180.64999389648438,92.56745910644531,99.73735809326172,425.220947265625,111.1204833984375,22.67325210571289
2022-04-01,41.41655731201172,64.70235443115234,179.5,91.9646987915039,100.07203674316406,426.42608642578125,111.54350280761719,22.707735061645508
2022-04-04,42.147430419921875,64.96363830566406,180.3699951171875,91.90435791015625,100.41914367675781,430.0791320800781,110.76826477050781,22.811187744140625
2022-04-05,41.37144088745117,64.08399200439453,179.24000549316406,90.80925750732422,98.65882873535156,424.6466369628906,108.26573181152344,22.931882858276367
2022-04-06,40.83004379272461,63.31755065917969,179.66000366210938,90.49016571044922,98.08036041259766,420.4005126953125,107.38944244384766,22.949125289916992
2022-04-07,40.50520706176758,63.45690155029297,180.33999633789062,90.26596069335938,97.6258316040039,422.5188293457031,106.5805435180664,22.992231369018555
2022-04-08,40.54130554199219,63.4830322265625,181.47000122070312,89.80895233154297,96.85726165771484,421.38897705078125,105.42618560791016,22.992231369018555
2022-04-11,40.03599548339844,62.812408447265625,182.3699951171875,89.37782287597656,95.91512298583984,414.1865234375,103.7578353881836,23.043954849243164
2022-04-12,39.90966796875,62.34210205078125,183.77000427246094,89.80895233154297,95.98123168945312,412.6519470214844,103.61459350585938,23.121545791625977
2022-04-13,40.433021545410156,63.01272201538086,184.64999389648438,90.00727844238281,96.47710418701172,417.37823486328125,103.8252182006836,23.026714324951172
2022-04-14,39.90966796875,62.725311279296875,184.0399932861328,89.19670104980469,95.35314178466797,412.1811828613281,101.74402618408203,23.130163192749023
2022-04-18,39.77433395385742,62.359527587890625,184.61000061035156,88.93803405761719,94.62589263916016,412.3506774902344,101.23845672607422,23.224998474121094
2022-04-19,39.57582092285156,62.65562438964844,181.82000732421875,88.35164642333984,93.87387084960938,419.00701904296875,100.48011779785156,23.276721954345703
2022-04-20,39.34121322631836,63.073692321777344,182.7100067138672,89.04150390625,94.8490219116211,418.6963195800781,102.50236511230469,23.112924575805664
2022-04-21,38.58327102661133,62.394351959228516,182.05999755859375,88.55000305175781,93.84078216552734,412.435302734375,101.74402618408203,23.18189239501953
2022-04-22,38.24038314819336,61.37535858154297,180.2899932861328,88.59309387207031,93.7333755493164,401.11846923828125,101.1036376953125,23.319826126098633
2022-04-25,37.96066665649414,61.0792350769043,177.0500030517578,89.1622085571289,94.77464294433594,403.44403076171875,102.11477661132812,23.431900024414062
2022-04-26,37.13053512573242,59.3721809387207,177.32000732421875,89.7572250366211,94.7250747680664,391.7598571777344,103.14276123046875,23.57845687866211
2022-04-27,37.56364822387695,59.64218521118164,175.97999572753906,89.25706481933594,93.81594848632812,392.8614807128906,101.81986236572266,23.72501564025879
2022-04-28,38.10503387451172,60.486995697021484,176.92999267578125,89.1277084350586,94.09699249267578,402.7849426269531,101.97151184082031,23.862951278686523
2022-04-29,38.24038314819336,59.781532287597656,176.91000366210938,88.65348052978516,93.0556869506836,387.8997802734375,100.64863586425781,23.76811981201172
2022-05-02,38.18624496459961,59.63347244262695,173.6300048828125,87.99298858642578,92.50403594970703,390.23468017578125,98.90401458740234,23.888813018798828
2022-05-03,38.46596908569336,60.07765579223633,174.08999633789062,88.09659576416016,93.1004409790039,392.0235595703125,99.57081604003906,23.8457088470459
2022-05-04,38.88103103637695,61.13149642944336,175.8000030517578,88.6664047241211,94.01152801513672,403.9618225097656,100.11944580078125,23.64742660522461
2022-05-05,37.44633865356445,59.16315841674805,175.1300048828125,87.77714538574219,92.57032775878906,389.6039123535156,97.3763198852539,23.8457088470459
2022-05-06,36.9320182800293,58.58833694458008,175.4199981689453,87.27643585205078,91.78339385986328,387.2783508300781,95.94145965576172,23.888813018798828
2022-05-09,35.867279052734375,56.820316314697266,172.8800048828125,87.92394256591797,92.10643768310547,374.87872314453125,96.78547668457031,23.897436141967773
2022-05-10,36.038719177246094,57.2470817565918,171.4199981689453,88.21746826171875,92.4957504272461,375.7449035644531,97.66327667236328,23.94916343688965
2022-05-11,35.786067962646484,56.90740966796875,172.82000732421875,88.76138305664062,92.9264907836914,369.77587890625,99.54551696777344,23.975021362304688
2022-05-12,35.55146408081055,56.768062591552734,170.1699981689453,89.054931640625,92.9678955078125,369.3897399902344,99.35977172851562,24.181928634643555
2022-05-13,36.534996032714844,58.34446716308594,168.7899932861328,88.58871459960938,92.47920227050781,378.2210693359375,97.89116668701172,24.112958908081055
2022-05-16,36.390625,58.396728515625,170.39999389648438,88.95997619628906,92.60343933105469,376.68646240234375,97.78990173339844,24.01813316345215
2022-05-17,37.28392028808594,59.485408782958984,169.3300018310547,88.28651428222656,92.07333374023438,384.4350280761719,96.6082534790039,23.81984519958496
2022-05-18,36.390625,58.065765380859375,169.4199981689453,88.91678619384766,92.41292572021484,368.9378356933594,98.66768646240234,23.940542221069336
2022-05-19,36.968116760253906,58.6231689453125,171.91000366210938,89.23621368408203,92.66142272949219,366.67828369140625,98.90401458740234,23.69053077697754
2022-05-20,37.12150573730469,59.023807525634766,172.02999877929688,89.65062713623047,93.11698913574219,366.83831787109375,100.026611328125,23.742258071899414
2022-05-23,37.40122604370117,60.025394439697266,172.8300018310547,89.10672760009766,92.7856674194336,373.701904296875,98.3807373046875,23.5267333984375
2022-05-24,36.75155258178711,59.92958450317383,174.1300048828125,89.87509155273438,94.00326538085938,370.8490905761719,100.32199096679688,23.457761764526367
2022-05-25,36.9320182800293,59.94700622558594,173.0800018310547,90.05641174316406,94.97235870361328,374.1255798339844,100.71868133544922,23.543973922729492
2022-05-26,37.50950241088867,60.60892105102539,172.75999450683594,90.01325988769531,94.99718475341797,381.60101318359375,100.26292419433594,23.466384887695312
2022-05-27,37.94261932373047,61.340518951416016,172.85000610351562,90.14279174804688,95.49417114257812,390.9690246582031,100.5076904296875,23.41465950012207
2022-05-31,38.47498321533203,60.974727630615234,171.13999938964844,89.20169067382812,94.79014587402344,388.7753601074219,98.3807373046875,23.457761764526367
2022-06-01,38.20429229736328,60.330223083496094,172.22999572753906,88.69945526123047,94.23715209960938,385.6307067871094,98.26828002929688,23.638805389404297
2022-06-02,38.86298751831055,61.58438491821289,174.35000610351562,88.82913970947266,94.27867889404297,392.9744567871094,98.31898498535156,23.431900024414062
2022-06-03,38.231361389160156,60.70471954345703,172.5800018310547,88.65623474121094,93.97976684570312,386.5251159667969,98.10759735107422,23.53535270690918
2022-06-06,38.43889236450195,60.9485969543457,171.82000732421875,87.99064636230469,93.31555938720703,387.7020568847656,96.29816436767578,23.587080001831055
2022-06-07,38.55619430541992,61.13149642944336,172.94000244140625,88.34503173828125,93.81371307373047,391.4209289550781,97.33818054199219,23.561216354370117
2022-06-08,38.763736724853516,60.2779655456543,172.77999877929688,88.01654815673828,93.27401733398438,387.16534423828125,96.4757080078125,23.630184173583984
2022-06-09,37.846458435058594,59.012088775634766,172.22999572753906,87.93876647949219,92.65962982177734,377.95751953125,96.79703521728516,23.80260467529297
2022-06-10,37.42786407470703,57.58775329589844,174.5399932861328,87.0743179321289,91.7629165649414,366.998291015625,96.19669342041016,23.992265701293945
2022-06-13,36.11747741699219,55.68269729614258,169.92999267578125,85.5269775390625,89.64570617675781,353.0640869140625,93.17813110351562,24.225034713745117
2022-06-14,36.61797332763672,55.157474517822266,168.57000732421875,84.84410095214844,89.18074798583984,352.0002136230469,92.00284576416016,24.276758193969727
2022-06-15,37.10026931762695,56.19011306762695,170.77000427246094,86.02833557128906,90.57557678222656,357.0184326171875,93.71928405761719,24.087095260620117
2022-06-16,35.96278762817383,54.95272445678711,172.69000244140625,86.59024810791016,90.67522430419922,345.2025146484375,94.46334838867188,23.854328155517578
2022-06-17,36.099281311035156,54.73017501831055,171.27000427246094,86.61616516113281,90.85789489746094,345.9466552734375,94.76773834228516,24.095720291137695
2022-06-21,36.681671142578125,55.55806350708008,170.6300048828125,86.1666488647461,89.94458770751953,354.65533447265625,93.16122436523438,24.00950813293457
2022-06-22,36.02648162841797,55.184181213378906,171.30999755859375,87.25584411621094,90.60054016113281,354.01239013671875,95.72321319580078,23.975021362304688
2022-06-23,36.135677337646484,55.121864318847656,170.25999450683594,87.74858856201172,91.29798126220703,357.4826965332031,96.5095443725586,24.000886917114258
2022-06-24,36.99107360839844,56.76875305175781,170.08999633789062,87.43740844726562,91.4059066772461,368.84844970703125,95.17359924316406,23.94916343688965
2022-06-27,37.03657531738281,56.52839660644531,169.89999389648438,86.94464874267578,90.56732177734375,367.4395446777344,94.36188507080078,23.906057357788086
2022-06-28,36.80906677246094,56.145606994628906,169.6199951171875,87.05705261230469,90.54242706298828,359.9316711425781,94.80157470703125,24.043991088867188
2022-06-29,36.66347122192383,55.93196105957031,169.49000549316406,87.75720977783203,91.08211517333984,359.6385803222656,96.2812728881836,24.181928634643555
2022-06-30,36.490577697753906,55.62928771972656,168.4600067138672,88.4314956665039,91.35609436035156,356.71673583984375,97.12677764892578,24.104339599609375
2022-07-01,36.26307678222656,55.76280975341797,168.32000732421875,89.37946319580078,92.51078796386719,360.48956298828125,98.12396240234375,24.181928634643555
2022-07-05,35.98098373413086,54.56993103027344,164.75,89.70842742919922,92.48582458496094,361.17034912109375,98.8949203491211,24.526769638061523
2022-07-06,35.7625846862793,54.61444091796875,162.13999938964844,88.94659423828125,92.02792358398438,362.3902282714844,97.2343978881836,24.63884162902832
2022-07-07,36.481475830078125,55.44234085083008,162.22999572753906,88.40117645263672,92.01959991455078,367.8177185058594,96.37869262695312,24.647462844848633
2022-07-08,36.481475830078125,55.50465393066406,162.3000030517578,87.86441040039062,91.86974334716797,367.5152282714844,95.31119537353516,24.630220413208008
2022-07-11,35.50778579711914,54.60554504394531,161.42999267578125,88.5570297241211,92.12784576416016,363.3168640136719,96.95481872558594,24.914714813232422
2022-07-12,35.37128829956055,54.59663772583008,160.8300018310547,88.7647705078125,92.26104736328125,360.1018981933594,97.53092193603516,24.90609359741211
2022-07-13,35.289390563964844,54.56993103027344,161.60000610351562,89.14573669433594,92.95207214355469,358.2107238769531,98.64924621582031,24.8543701171875
2022-07-14,34.97089385986328,53.80435562133789,159.3300018310547,88.6522445678711,92.36097717285156,357.34088134765625,97.8443832397461,25.02678871154785
2022-07-15,35.15289306640625,54.658958435058594,159.00999450683594,88.95526123046875,93.10189819335938,364.1678466796875,98.39505004882812,24.880229949951172
2022-07-18,35.39859390258789,54.881507873535156,159.16000366210938,88.69554138183594,92.45250701904297,361.16094970703125,97.36994171142578,24.74229621887207
2022-07-19,35.98098373413086,56.37705993652344,159.5399932861328,88.28863525390625,92.71061706542969,370.9192199707031,96.84468078613281,24.587116241455078
2022-07-20,35.8262825012207,56.003177642822266,158.0399932861328,88.20207977294922,92.61070251464844,373.2831726074219,97.09886169433594,24.656084060668945
2022-07-21,36.235782623291016,56.581809997558594,160.27000427246094,89.20635223388672,93.87615203857422,377.0843505859375,98.77629852294922,24.587116241455078
2022-07-22,35.87177658081055,56.43937683105469,160.6699981689453,90.22792053222656,94.6004409790039,373.58575439453125,100.43680572509766,24.55263328552246
2022-07-25,35.99917984008789,56.87557601928711,160.22999572753906,89.9075698852539,93.80123138427734,374.0395812988281,99.4540786743164,24.51814842224121
2022-07-26,35.71708297729492,56.08329772949219,160.0399932861328,89.94223022460938,93.78461456298828,369.6143493652344,99.53030395507812,24.70781135559082
2022-07-27,36.381370544433594,57.409706115722656,161.6699981689453,90.12401580810547,94.40898132324219,379.2118835449219,98.9711685180664,24.500905990600586
2022-07-28,36.536075592041016,57.70347213745117,163.63999938964844,91.01573181152344,95.19154357910156,383.9681701660156,99.75904083251953,24.48366355895996
2022-07-29,36.36317825317383,58.50466537475586,164.10000610351562,91.05036926269531,95.41632843017578,389.56591796875,99.48796081542969,24.388832092285156
2022-08-01,36.05377960205078,58.58478546142578,165.02999877929688,91.58283233642578,95.60491943359375,388.4123229980469,101.8840103149414,24.294002532958984
2022-08-02,35.880882263183594,57.65006637573242,164.0500030517578,90.31665802001953,94.43659973144531,385.84979248046875,99.7281723022461,24.44917869567871
2022-08-03,36.16298294067383,57.98834228515625,164.4499969482422,90.6895751953125,95.4630355834961,391.89202880859375,101.29833984375,24.51814842224121
2022-08-04,36.41777801513672,58.2821159362793,167.1699981689453,91.14922332763672,95.61328125,391.6272888183594,101.264404296875,24.36297035217285
2022-08-05,36.45418167114258,57.872615814208984,165.2899932861328,89.83100128173828,94.31975555419922,390.9653625488281,98.85394287109375,24.569873809814453
2022-08-08,36.49967956542969,58.00614929199219,166.69000244140625,90.36002349853516,94.69532012939453,390.5115051269531,100.4495849609375,24.535388946533203
2022-08-09,36.36317825317383,57.69457244873047,167.1999969482422,90.0911865234375,94.2696762084961,388.96075439453125,100.0591812133789,24.509525299072266
2022-08-10,36.81816864013672,58.994285583496094,166.77999877929688,90.14322662353516,95.1626205444336,397.1304931640625,99.40565490722656,24.24227523803711
2022-08-11,36.96377182006836,58.976478576660156,166.33999633789062,89.5447998046875,94.24462890625,397.1304931640625,97.08853149414062,24.259519577026367
2022-08-12,37.35506057739258,59.430484771728516,167.8699951171875,89.90037536621094,95.337890625,403.8534851074219,98.0730972290039,24.354347229003906
2022-08-15,37.182167053222656,59.074405670166016,165.7100067138672,90.18658447265625,95.2711181640625,405.51763916015625,97.98821258544922,24.569873809814453
2022-08-16,37.17306900024414,59.05659103393555,165.4199981689453,90.08250427246094,94.90392303466797,406.31195068359375,98.3956298828125,24.56125259399414
2022-08-17,37.01837158203125,58.58478546142578,164.35000610351562,89.47542572021484,94.01095581054688,403.427978515625,97.36863708496094,24.59573745727539
2022-08-18,36.80906677246094,58.388938903808594,163.9199981689453,89.6489028930664,94.25300598144531,404.6004943847656,97.5129165649414,24.785400390625
2022-08-19,36.30857849121094,57.58775329589844,162.72000122070312,88.87701416015625,93.13468933105469,399.16351318359375,95.9427261352539,24.94057846069336
2022-08-22,35.99008560180664,56.60851287841797,161.63999938964844,88.48675537109375,92.50881958007812,390.8518981933594,95.62020111083984,25.14748191833496
2022-08-23,36.18117904663086,56.635223388671875,162.77000427246094,88.2699203491211,92.60893249511719,389.90631103515625,95.09398651123047,25.044029235839844
2022-08-24,36.17207717895508,56.706443786621094,163.25,87.97505950927734,92.33354949951172,391.1545104980469,94.39801025390625,25.06127166748047
2022-08-25,36.954673767089844,57.32958984375,163.75,88.53877258300781,93.28492736816406,396.67657470703125,95.71356964111328,25.01816749572754
2022-08-26,36.408668518066406,55.825130462646484,161.75999450683594,88.43470764160156,92.72579193115234,383.2494201660156,96.43502044677734,25.112995147705078
2022-08-29,36.18117904663086,55.700504302978516,161.86000061035156,87.93167877197266,92.04145050048828,380.7153625488281,95.63721466064453,25.121618270874023
2022-08-30,35.753482818603516,55.299903869628906,160.50999450683594,87.9056625366211,92.15828704833984,376.5359191894531,95.87482452392578,25.112995147705078
2022-08-31,35.880882263183594,54.92601776123047,159.27000427246094,87.54143524169922,91.19022369384766,373.6707763671875,94.95817565917969,25.09575653076172
2022-09-01,35.598785400390625,54.18714141845703,157.8699951171875,86.84551239013672,90.64125061035156,374.8433532714844,93.21965789794922,25.319902420043945
2022-09-02,35.27118682861328,53.83106231689453,159.25999450683594,87.33203125,90.70818328857422,370.89080810546875,93.74700164794922,25.328523635864258
2022-09-06,34.85258865356445,53.69752502441406,158.3300018310547,86.35897827148438,89.47797393798828,369.49139404296875,91.4250259399414,25.475078582763672
2022-09-07,35.1619873046875,54.169342041015625,159.94000244140625,86.92369842529297,90.6998291015625,376.1293029785156,92.87098693847656,25.294038772583008
2022-09-08,34.97089385986328,54.2049446105957,158.97999572753906,86.60223388671875,90.49060821533203,378.5877380371094,91.9183349609375,25.345762252807617
2022-09-09,35.489585876464844,55.58477020263672,159.82000732421875,86.61094665527344,90.6998291015625,384.4693298339844,92.12245178222656,25.164724349975586
2022-09-12,36.01738357543945,56.359256744384766,160.6300048828125,86.40242767333984,90.49895477294922,388.6014404296875,91.36548614501953,25.03540802001953
2022-09-13,34.907188415527344,54.40079879760742,158.5399932861328,85.91590881347656,89.84619903564453,371.7041015625,91.578125,25.3802490234375
2022-09-14,35.0800895690918,54.57883834838867,157.92999267578125,85.95933532714844,90.27304077148438,373.1224365234375,91.89282989501953,25.328523635864258
2022-09-15,34.706993103027344,54.09812545776367,154.97999572753906,85.6639633178711,89.83783721923828,368.8862609863281,91.83326721191406,25.345762252807617
2022-09-16,34.38850021362305,53.768741607666016,155.83999633789062,85.73345947265625,89.62864685058594,366.072021484375,91.06780242919922,25.345762252807617
2022-09-19,34.497703552246094,53.9556884765625,155.9600067138672,85.49017333984375,89.77922821044922,368.9109191894531,91.28044891357422,25.328523635864258
2022-09-20,34.30659866333008,53.03877258300781,155.07000732421875,84.96017456054688,88.88383483886719,364.6763916015625,90.37035369873047,25.44921875
2022-09-21,33.733306884765625,52.34440231323242,155.7899932861328,85.29901885986328,89.21858978271484,358.3150329589844,91.8843002319336,25.69922637939453
2022-09-22,33.56950759887695,52.19306945800781,155.6999969482422,84.0132064819336,87.9632568359375,355.3052062988281,89.53681182861328,25.73371124267578
2022-09-23,32.74142074584961,50.52836990356445,153.00999450683594,84.11748504638672,87.71219635009766,349.3521728515625,89.90255737304688,26.138896942138672
2022-09-26,32.34102249145508,49.78059005737305,151.22999572753906,82.71870422363281,86.18907928466797,345.8962097167969,88.18445587158203,26.4320125579834
2022-09-27,32.304622650146484,49.442317962646484,151.5399932861328,82.15397644042969,84.8919448852539,345.01312255859375,85.86246490478516,26.440631866455078
2022-09-28,32.58672332763672,50.635196685791016,154.69000244140625,84.00453186035156,86.59915924072266,351.8017272949219,88.73731994628906,26.095792770385742
2022-09-29,31.85872459411621,50.03875732421875,154.66000366210938,83.6135482788086,85.95479583740234,344.45294189453125,88.27800750732422,25.992338180541992
2022-09-30,31.740432739257812,49.860713958740234,154.6699981689453,83.39635467529297,85.73719024658203,339.12652587890625,87.13825988769531,25.992338180541992
2022-10-03,32.25912857055664,50.848854064941406,158.42999267578125,84.38611602783203,87.32328796386719,348.0798034667969,88.52286529541016,25.871646881103516
2022-10-04,33.31471633911133,52.88743209838867,160.6999969482422,84.56023406982422,87.726318359375,358.8656921386719,88.2756118774414,25.518184661865234
2022-10-05,33.33291244506836,52.32660675048828,159.80999755859375,83.75936126708984,87.06299591064453,358.0301513671875,87.43156433105469,25.759572982788086
2022-10-06,33.13270950317383,51.40968322753906,159.6300048828125,83.29800415039062,86.86146545410156,354.3367919921875,86.94561004638672,26.018203735351562
2022-10-07,32.441123962402344,50.590694427490234,157.8800048828125,82.88888549804688,85.99663543701172,344.45294189453125,86.10154724121094,26.12165641784668
2022-10-10,31.986127853393555,50.305824279785156,155.47999572753906,82.40137481689453,85.22415924072266,341.82293701171875,84.76301574707031,26.23373031616211
2022-10-11,31.476531982421875,49.75389099121094,155.16000366210938,82.61030578613281,85.04782104492188,339.65814208984375,85.13813018798828,26.2509708404541
2022-10-12,31.512935638427734,49.593650817871094,155.99000549316406,82.8801498413086,84.94709014892578,338.5379333496094,85.5558853149414,26.2509708404541
2022-10-13,31.60393524169922,50.617401123046875,154.91000366210938,82.5319595336914,85.09825134277344,347.4723205566406,84.73744201660156,26.07855224609375
2022-10-14,31.130735397338867,49.860713958740234,152.97999572753906,82.07061004638672,84.28376007080078,339.55377197265625,84.0383071899414,26.25959014892578
2022-10-17,31.986127853393555,51.08920669555664,153.4199981689453,82.15763854980469,84.68680572509766,348.279296875,83.62908172607422,25.992338180541992
2022-10-18,31.995229721069336,51.454193115234375,153.75,82.36658477783203,85.1905746459961,352.3713684082031,83.82516479492188,25.97509765625
2022-10-19,31.412832260131836,50.822147369384766,151.69000244140625,81.50477600097656,84.02349090576172,349.8743896484375,82.29905700683594,26.164762496948242
2022-10-20,31.613033294677734,50.706417083740234,151.4499969482422,80.89541625976562,83.29296875,346.9405822753906,80.89229583740234,26.1820011138916
2022-10-21,32.09532928466797,51.62333297729492,154.14999389648438,81.07821655273438,83.528076171875,355.3717346191406,79.43440246582031,25.957857131958008
2022-10-24,30.875940322875977,51.632240295410156,153.64999389648438,80.97373962402344,83.48609161376953,359.72021484375,78.77791595458984,25.983718872070312
2022-10-25,31.130735397338867,52.77170181274414,154.0,81.98355102539062,84.6028060913086,365.4644470214844,81.07134246826172,25.69922637939453
2022-10-26,31.640331268310547,53.270225524902344,154.97999572753906,82.40137481689453,84.98905181884766,362.7110290527344,82.23938751220703,25.431974411010742
2022-10-27,31.39463233947754,52.77170181274414,154.74000549316406,82.9846420288086,85.3836898803711,360.7740783691406,83.1004867553711,25.630258560180664
2022-10-28,31.203536987304688,53.296932220458984,153.16000366210938,82.55805969238281,85.5600357055664,369.357177734375,82.52923583984375,25.673362731933594
2022-10-31,31.112537384033203,52.79841995239258,151.91000366210938,82.18376922607422,85.09825134277344,366.689208984375,81.94098663330078,25.88888931274414
2022-11-01,31.68583106994629,53.21681213378906,153.4600067138672,82.16895294189453,85.71049499511719,365.0845947265625,82.70677185058594,25.880268096923828
2022-11-02,31.42193031311035,52.44232940673828,152.38999938964844,82.02935028076172,85.29779815673828,355.9223937988281,82.34780883789062,25.992338180541992
2022-11-03,31.60393524169922,51.997222900390625,151.80999755859375,81.67166900634766,84.99464416503906,352.25750732421875,81.90335845947266,26.20786476135254
2022-11-04,32.94161605834961,54.08031463623047,156.47000122070312,81.4971694946289,85.16305541992188,357.3276062011719,80.52734375,25.716466903686523
2022-11-07,32.959815979003906,54.249454498291016,155.85000610351562,81.20933532714844,84.85144805908203,360.7455749511719,79.72396087646484,25.56991195678711
2022-11-08,33.196414947509766,54.86370849609375,159.4499969482422,81.75017547607422,85.2052001953125,362.6919860839844,80.59571838378906,25.45783805847168
2022-11-09,32.62312316894531,54.09812545776367,158.64999389648438,82.02935028076172,84.98622131347656,355.2198181152344,80.86068725585938,25.647499084472656
2022-11-10,33.80611038208008,57.13373947143555,163.47999572753906,83.87003326416016,87.83283233642578,374.7405700683594,83.97169494628906,25.06127166748047
2022-11-11,34.72519302368164,58.27321243286133,164.55999755859375,83.69559478759766,88.06863403320312,378.3675537109375,83.66398620605469,24.699188232421875
2022-11-14,34.515899658203125,57.65896224975586,164.9199981689453,83.49493408203125,87.6222915649414,375.1488342285156,83.45887756347656,24.811262130737305
2022-11-15,35.307586669921875,58.04175567626953,165.5,84.11431121826172,88.84345245361328,378.34857177734375,84.80925750732422,24.725051879882812
2022-11-16,34.74338912963867,57.90822982788086,165.1199951171875,84.73370361328125,89.60145568847656,375.46221923828125,86.66390228271484,24.673328399658203
2022-11-17,34.80709457397461,57.88151168823242,163.9199981689453,84.15796661376953,89.12138366699219,374.3133239746094,85.74940490722656,24.768157958984375
2022-11-18,34.60689163208008,57.997249603271484,162.7899932861328,83.86133575439453,89.11294555664062,376.01287841796875,85.1596908569336,24.83712387084961
2022-11-21,34.17010498046875,57.56105041503906,161.8800048828125,83.8089828491211,88.97821044921875,374.6456298828125,85.51862335205078,25.052650451660156
2022-11-22,34.25200653076172,58.36223220825195,162.07000732421875,84.28880310058594,89.7698745727539,379.687255859375,86.73225402832031,24.897472381591797
2022-11-23,34.53409957885742,59.00318145751953,163.0800018310547,84.74246978759766,90.67105102539062,382.0798645019531,88.24504089355469,24.63884162902832
2022-11-25,34.37030029296875,59.30586242675781,163.22000122070312,84.7162857055664,90.763671875,381.9943542480469,87.9459228515625,24.63884162902832
2022-11-28,34.21560287475586,58.54027557373047,161.92999267578125,84.75117492675781,90.10678100585938,375.89892578125,88.19377136230469,24.81988525390625
2022-11-29,34.95269012451172,58.70941162109375,162.72999572753906,84.39349365234375,89.660400390625,375.2533264160156,87.15963745117188,24.86298942565918
2022-11-30,35.96278762817383,59.75096130371094,164.80999755859375,85.15245819091797,90.75527954101562,387.0740966796875,87.80064392089844,24.66470718383789
2022-12-01,35.844478607177734,60.32959747314453,167.83999633789062,86.08251953125,91.89080047607422,386.7891845703125,90.60548400878906,24.36297035217285
2022-12-02,35.98098373413086,60.28508758544922,167.25999450683594,86.25730895996094,92.44844818115234,386.3428955078125,91.74492645263672,24.337106704711914
2022-12-05,35.57148361206055,59.4927978515625,164.38999938964844,85.38321685791016,91.66268157958984,379.3929748535156,90.4598388671875,24.535388946533203
2022-12-06,35.52598571777344,59.22573471069336,164.83999633789062,85.90766906738281,91.94149780273438,373.924072265625,91.62498474121094,24.55263328552246
2022-12-07,35.316688537597656,59.22573471069336,166.3300018310547,86.65943908691406,92.96381378173828,373.28790283203125,93.78388214111328,24.47504234313965
2022-12-08,35.744380950927734,59.528419494628906,166.47000122070312,86.16991424560547,92.66810607910156,376.2122497558594,93.52685546875,24.39745330810547
2022-12-09,35.50778579711914,59.56402587890625,167.05999755859375,85.53181457519531,91.97529602050781,373.4018249511719,91.09379577636719,24.44917869567871
2022-12-12,35.39859390258789,59.7420539855957,165.67999267578125,85.40945434570312,91.85700988769531,378.7852783203125,91.38511657714844,24.466421127319336
2022-12-13,35.65172576904297,60.58937072753906,168.50999450683594,86.17864990234375,92.65963745117188,381.65264892578125,92.26750183105469,24.250896453857422
2022-12-14,35.670204162597656,60.53574752807617,168.10000610351562,86.41466522216797,92.74414825439453,379.2125244140625,92.66157531738281,24.138826370239258
2022-12-15,34.847965240478516,58.9894905090332,165.35000610351562,86.58281707763672,92.82211303710938,369.9363098144531,93.02312469482422,24.36297035217285
2022-12-16,34.9495964050293,58.47110366821289,166.7899932861328,86.36387634277344,92.42382049560547,365.56878662109375,91.98399353027344,24.40607452392578
2022-12-19,34.97731018066406,58.32810592651367,166.32000732421875,85.6632308959961,91.49162292480469,362.4689636230469,90.4382095336914,24.41216278076172
2022-12-20,34.96806716918945,58.56047821044922,169.0800018310547,85.0413818359375,90.41534423828125,362.96490478515625,88.83230590820312,24.246919631958008
2022-12-21,35.28218078613281,59.16824722290039,168.8000030517578,85.14647674560547,91.03398895263672,368.39215087890625,89.05554962158203,24.30780029296875
2022-12-22,34.96806716918945,58.68561553955078,166.75999450683594,85.1202163696289,91.00856018066406,363.1365661621094,89.03839874267578,24.342588424682617
2022-12-23,34.921875,58.89118194580078,167.25999450683594,84.73486328125,90.72889709472656,365.2254638671875,87.73307037353516,24.33388900756836
2022-12-27,35.43924331665039,58.980560302734375,168.6699981689453,84.02546691894531,89.55941009521484,363.7851867675781,85.99832153320312,24.325191497802734
2022-12-28,34.921875,58.354915618896484,167.91000366210938,83.82398986816406,89.27973937988281,359.2641296386719,85.49162292480469,24.41216278076172
2022-12-29,35.503910064697266,59.275508880615234,168.85000610351562,84.23564147949219,89.91532135009766,365.7309265136719,86.4620590209961,24.264314651489258
2022-12-30,35.014259338378906,58.6677360534668,169.63999938964844,83.88532257080078,89.34757232666016,364.767578125,85.50019073486328,24.1860408782959
2023-01-03,35.30990219116211,59.18613052368164,171.05999755859375,84.54217529296875,89.96620178222656,363.2320251464844,87.13189697265625,24.446949005126953
2023-01-04,36.37233352661133,59.97265625,172.6699981689453,85.1902847290039,90.61871337890625,366.0362243652344,88.32561492919922,24.3599796295166
2023-01-05,36.261470794677734,59.373817443847656,170.52000427246094,85.06765747070312,90.55094146728516,361.85845947265625,88.69486999511719,24.586101531982422
2023-01-06,37.01903533935547,60.893245697021484,173.7100067138672,86.16246032714844,92.03397369384766,370.15667724609375,90.32654571533203,24.264314651489258
2023-01-09,37.29619598388672,61.15244674682617,174.10000610351562,86.38140106201172,92.39839935302734,369.9468994140625,90.80745697021484,24.11646842956543
2023-01-10,37.564117431640625,61.33119583129883,174.74000549316406,85.8384017944336,92.08480834960938,372.54119873046875,89.30460357666016,24.133861541748047
2023-01-11,37.72117233276367,61.795963287353516,174.6199951171875,86.39017486572266,92.8729476928711,377.2530517578125,90.75594329833984,24.133861541748047
2023-01-12,37.90594482421875,62.70762252807617,176.63999938964844,87.1608657836914,93.92381286621094,378.6265563964844,92.54220581054688,23.899045944213867
2023-01-13,38.15538024902344,63.038326263427734,178.75999450683594,86.69667053222656,93.61874389648438,380.095458984375,91.67484283447266,23.890348434448242
2023-01-17,37.94289779663086,63.23495101928711,177.58999633789062,86.42516326904297,93.27974700927734,379.399169921875,91.08230590820312,23.959924697875977
2023-01-18,37.68421936035156,63.011512756347656,177.0800018310547,87.5987548828125,94.37295532226562,373.40924072265625,93.28935241699219,23.959924697875977
2023-01-19,37.970611572265625,62.91319274902344,179.88999938964844,87.43236541748047,94.17806243896484,370.69085693359375,92.70539093017578,23.899045944213867
2023-01-20,38.55263900756836,63.46733474731445,179.2899932861328,86.85430145263672,93.68653106689453,377.59649658203125,91.2025146484375,23.864259719848633
2023-01-23,38.82979965209961,63.726524353027344,179.6300048828125,86.57406616210938,93.41533660888672,382.1271057128906,90.77312469482422,23.899045944213867
2023-01-24,38.857521057128906,63.64608383178711,180.27999877929688,87.0732650756836,93.9068603515625,381.7169494628906,92.0784912109375,23.872955322265625
2023-01-25,38.89447021484375,64.06616973876953,181.11000061035156,87.16961669921875,93.9492416381836,381.8599548339844,92.30176544189453,23.7946834564209
2023-01-26,39.264015197753906,64.11978912353516,179.47000122070312,86.85430145263672,93.91533660888672,386.0567932128906,91.87237548828125,23.855562210083008
2023-01-27,39.07924270629883,63.99467086791992,179.22000122070312,86.72297668457031,93.64413452148438,386.9437561035156,91.64049530029297,23.890348434448242
2023-01-30,38.29396057128906,63.58353042602539,178.75999450683594,86.45145416259766,93.28821563720703,382.0888977050781,91.30558013916016,23.977317810058594
2023-01-31,38.210811614990234,63.94998550415039,179.41000366210938,86.88937377929688,93.95771789550781,387.7068786621094,92.03555297851562,23.925138473510742
2023-02-01,38.681983947753906,64.52200317382812,181.6699981689453,87.5142822265625,94.91151428222656,391.827392578125,93.14191436767578,23.699016571044922
2023-02-02,38.45101547241211,64.43260955810547,177.89999389648438,87.47916412353516,95.04751586914062,397.5311584472656,93.262451171875,23.855562210083008
2023-02-03,37.767364501953125,63.83378219604492,173.4600067138672,86.54004669189453,93.9679183959961,393.3057556152344,91.86763763427734,24.168651580810547
2023-02-06,37.213050842285156,63.18132400512695,173.82000732421875,85.79401397705078,93.245361328125,390.902099609375,91.1874771118164,24.30780029296875
2023-02-07,37.360862731933594,63.71760177612305,173.97999572753906,85.58335876464844,92.93931579589844,396.0146179199219,90.45559692382812,24.264314651489258
2023-02-08,37.31467056274414,63.32433319091797,174.41000366210938,85.8993148803711,93.0328369140625,391.6842956542969,90.88610076904297,24.290407180786133
2023-02-09,37.490211486816406,63.440528869628906,173.02999877929688,85.5131607055664,92.250732421875,388.28875732421875,90.02510833740234,24.255617141723633
2023-02-10,37.12990188598633,63.1634407043457,173.36000061035156,85.10060119628906,91.6047134399414,389.19482421875,89.01776885986328,24.33388900756836
2023-02-13,37.434776306152344,63.798030853271484,172.47999572753906,85.30250549316406,91.94474029541016,393.7636413574219,89.76685333251953,24.264314651489258
2023-02-14,37.3701057434082,63.91423416137695,172.61000061035156,84.91632843017578,91.71520233154297,393.58233642578125,89.56016540527344,24.246919631958008
2023-02-15,37.055992126464844,63.62821578979492,170.88999938964844,84.66177368164062,91.36666107177734,394.8605041503906,88.72503662109375,24.41216278076172
2023-02-16,37.06523132324219,63.31538772583008,170.75,84.38092041015625,90.6355972290039,389.42376708984375,87.46797180175781,24.446949005126953
2023-02-17,36.65873336791992,63.47627258300781,171.25999450683594,84.61791229248047,90.99262237548828,388.4508972167969,88.14815521240234,24.429555892944336
2023-02-21,36.19680404663086,62.77912521362305,170.6199951171875,83.69631958007812,89.70050811767578,380.658203125,86.43479919433594,24.507827758789062
2023-02-22,36.02127456665039,62.4305534362793,169.66000366210938,83.8455581665039,89.95552825927734,380.1335754394531,87.22691345214844,24.586101531982422
2023-02-23,36.19680404663086,62.752315521240234,169.57000732421875,84.17028045654297,90.66109466552734,382.15570068359375,88.07929229736328,24.594797134399414
2023-02-24,35.38380432128906,61.706600189208984,168.35000610351562,83.66121673583984,89.98103332519531,378.0733337402344,86.93417358398438,24.77743148803711
2023-02-27,35.56857681274414,62.439491271972656,169.00999450683594,83.915771484375,90.00653076171875,379.3610534667969,87.17524719238281,24.6469783782959
2023-02-28,35.31913375854492,61.98365020751953,169.77999877929688,84.04740905761719,90.0405044555664,377.9589538574219,87.5712890625,24.716552734375
2023-03-01,36.076698303222656,62.31435775756836,170.75999450683594,83.37548065185547,89.47920227050781,376.50909423828125,86.6305160522461,24.586101531982422
2023-03-02,36.20603942871094,62.439491271972656,170.66000366210938,83.03248596191406,89.55602264404297,379.437255859375,85.86234283447266,24.716552734375
2023-03-03,36.52939224243164,63.351139068603516,172.49000549316406,83.70087432861328,90.5711441040039,385.52264404296875,87.94242858886719,24.620887756347656
2023-03-06,36.400054931640625,63.19025421142578,171.6199951171875,83.55137634277344,90.3237533569336,385.78973388671875,87.26055908203125,24.586101531982422
2023-03-07,35.790306091308594,62.13560104370117,168.6199951171875,83.56018829345703,90.06785583496094,379.87615966796875,87.79570007324219,24.890493392944336
2023-03-08,35.9381217956543,62.47523880004883,168.5399932861328,83.5338134765625,89.92280578613281,380.4960632324219,87.88201904296875,24.88179588317871
2023-03-09,35.143611907958984,62.019412994384766,170.1999969482422,84.05269622802734,89.83750915527344,373.4759521484375,88.09779357910156,24.812219619750977
2023-03-10,34.958831787109375,61.3580207824707,173.8699951171875,85.60055541992188,91.12564086914062,368.0868835449219,91.13595581054688,24.655675888061523
2023-03-13,35.014259338378906,60.93794250488281,177.86000061035156,86.63838195800781,91.20242309570312,367.5622863769531,91.34310150146484,24.429555892944336
2023-03-14,35.03274154663086,61.75128173828125,176.8300018310547,85.82044982910156,90.9294204711914,373.63812255859375,89.84130096435547,24.429555892944336
2023-03-15,34.43223190307617,59.838584899902344,178.2100067138672,87.06053161621094,91.7995834350586,371.3012390136719,91.57615661621094,24.690462112426758
2023-03-16,34.958831787109375,60.76811599731445,178.57000732421875,86.27776336669922,91.6630859375,377.8158264160156,90.8597412109375,24.664371490478516
2023-03-17,34.746341705322266,60.044158935546875,183.77000427246094,87.29798126220703,92.12374877929688,373.3981018066406,92.2234878540039,24.525222778320312
2023-03-20,34.87568664550781,60.98263168334961,183.83999633789062,86.94618225097656,91.85076141357422,376.9884948730469,91.41215515136719,24.386072158813477
2023-03-21,35.18980026245117,61.90321350097656,180.3699951171875,86.18985748291016,92.29435729980469,381.9385986328125,90.6267318725586,24.37737464904785
2023-03-22,35.32837677001953,61.68870544433594,183.44000244140625,87.32437896728516,92.83183288574219,375.4278869628906,91.83506774902344,24.194740295410156
2023-03-23,35.81801986694336,61.69765090942383,185.74000549316406,87.82568359375,93.09626007080078,376.44281005859375,91.83506774902344,24.229530334472656
2023-03-24,35.72563171386719,61.50996780395508,183.64999389648438,87.8520736694336,93.38631439208984,378.9130859375,92.2234878540039,24.37737464904785
2023-03-27,35.5316276550293,62.090911865234375,181.9499969482422,86.77030944824219,92.26879119873047,379.62158203125,90.05708312988281,24.299100875854492
2023-03-28,36.03974533081055,62.11772918701172,183.44000244140625,86.71754455566406,92.115234375,378.7694396972656,90.22106170654297,24.212133407592773
2023-03-29,36.1413688659668,62.86850357055664,182.52999877929688,86.56802368164062,92.54177856445312,384.27484130859375,90.0398178100586,24.273012161254883
2023-03-30,36.50167465209961,63.60141372680664,184.17999267578125,86.699951171875,92.66971588134766,386.5248718261719,90.4541015625,24.159954071044922
2023-03-31,36.455482482910156,63.92316436767578,183.22000122070312,87.17488098144531,93.50574493408203,391.9727783203125,91.80918884277344,24.246919631958008
2023-04-03,36.52939224243164,64.43260955810547,184.5399932861328,87.58550262451172,94.07049560546875,393.4664306640625,92.240966796875,24.133861541748047
2023-04-04,36.52939224243164,64.4415512084961,187.97999572753906,88.1495132446289,94.1903305053711,391.2833557128906,92.6995620727539,24.038196563720703
2023-04-05,36.24300003051758,63.99467086791992,187.8300018310547,88.51959228515625,94.49836730957031,390.25897216796875,93.668701171875,24.107770919799805
2023-04-06,36.39081573486328,64.29854583740234,186.49000549316406,88.54606628417969,94.41278839111328,391.7813415527344,93.91099548339844,24.125164031982422
2023-04-10,36.42776870727539,64.25386047363281,185.11000061035156,87.67362976074219,93.97636413574219,392.18341064453125,92.39671325683594,24.264314651489258
2023-04-11,36.64949035644531,64.4683609008789,186.27999877929688,87.63839721679688,93.95072937011719,392.2887268066406,92.58708190917969,24.177345275878906
2023-04-12,36.39081573486328,64.87950134277344,187.19000244140625,87.89393615722656,93.75392150878906,390.6897888183594,92.49188232421875,24.046894073486328
2023-04-13,36.88969802856445,65.7107162475586,189.72000122070312,87.60313415527344,93.91647338867188,395.879150390625,91.76506042480469,23.933834075927734
2023-04-14,36.69568634033203,65.44258117675781,186.36000061035156,87.1713638305664,93.60841369628906,394.9122009277344,90.92572784423828,24.072982788085938
2023-04-17,36.852745056152344,65.3263931274414,185.52999877929688,86.61617279052734,93.01798248291016,396.3292236328125,89.84407043457031,24.194740295410156
2023-04-18,36.806556701660156,65.68391418457031,186.25,86.75714874267578,93.32603454589844,396.5876770019531,90.16423034667969,24.107770919799805
2023-04-19,36.437007904052734,65.47834014892578,185.36000061035156,86.57209014892578,92.86394500732422,396.52069091796875,90.07772827148438,24.159954071044922
2023-04-20,36.38157272338867,65.47834014892578,186.08999633789062,87.07439422607422,93.21479034423828,394.3568420410156,90.84782409667969,24.159954071044922
2023-04-21,36.03974533081055,65.80903625488281,184.25,86.86288452148438,93.27469635009766,394.6631774902344,90.33731842041016,24.133861541748047
2023-04-24,35.95659637451172,65.97886657714844,184.80999755859375,87.28589630126953,93.68544006347656,395.07489013671875,91.21125793457031,24.05558967590332
2023-04-25,35.28218078613281,65.05827331542969,185.75,88.1495132446289,94.09619140625,388.8035583496094,92.552490234375,24.168651580810547
2023-04-26,35.48543167114258,65.01356506347656,184.74000549316406,87.80582427978516,93.68544006347656,387.15673828125,91.56605529785156,24.090377807617188
2023-04-27,35.96583938598633,65.826904296875,184.75,87.23303985595703,93.3431625366211,394.8643493652344,90.657470703125,24.09907341003418
2023-04-28,36.150604248046875,65.80010986328125,184.8000030517578,87.88511657714844,94.07049560546875,398.2345275878906,92.11983489990234,24.133861541748047
2023-05-01,36.0305061340332,65.70178985595703,183.97000122070312,86.8507308959961,92.5524673461914,397.8323974609375,89.46358489990234,24.255617141723633
2023-05-02,35.679439544677734,65.04039001464844,187.52000427246094,87.98141479492188,93.66865539550781,393.36102294921875,91.69302368164062,24.194740295410156
2023-05-03,35.6240119934082,65.210205078125,189.11000061035156,88.55559539794922,93.8232421875,390.6610412597656,92.204833984375,24.064285278320312
2023-05-04,35.91040802001953,65.07614135742188,190.44000244140625,88.5379409790039,93.5656509399414,387.89398193359375,91.2939682006836,24.090377807617188
2023-05-05,36.39081573486328,66.03248596191406,187.4600067138672,88.0609130859375,93.19641876220703,395.07489013671875,90.99036407470703,24.05558967590332
2023-05-08,36.40929412841797,66.05036163330078,187.69000244140625,87.5220718383789,92.52668762207031,395.18023681640625,89.71515655517578,24.090377807617188
2023-05-09,36.18756103515625,65.78221893310547,189.02000427246094,87.41607666015625,92.49236297607422,393.4471740722656,89.39420318603516,24.168651580810547
2023-05-10,36.16908645629883,65.64816284179688,188.75,88.06973266601562,93.22218322753906,395.2855224609375,90.26168823242188,24.125164031982422
2023-05-11,36.03974533081055,65.4872817993164,187.1300048828125,88.39661407470703,93.58280944824219,394.59619140625,91.21592712402344,24.281709671020508
2023-05-12,35.614768981933594,65.37108612060547,186.80999755859375,87.86656951904297,93.00753784179688,394.07916259765625,90.45252227783203,24.43825340270996
2023-05-15,36.27070999145508,65.8716049194336,187.2100067138672,87.6722640991211,92.50952911376953,395.4387512207031,89.5156478881836,24.368677139282227
2023-05-16,36.01203155517578,65.24595642089844,184.8699951171875,87.38958740234375,92.0458755493164,392.79620361328125,89.24671936035156,24.429555892944336
2023-05-17,36.178321838378906,65.54983520507812,184.22999572753906,87.1069107055664,92.0372543334961,397.5643005371094,88.9864730834961,24.473041534423828
2023-05-18,35.984310150146484,65.4515380859375,181.83999633789062,86.56806945800781,91.65087127685547,401.3941345214844,88.32717895507812,24.655675888061523
2023-05-19,36.01203155517578,65.83585357666016,183.63999938964844,86.24121856689453,91.53926086425781,400.81005859375,87.70259857177734,24.586101531982422
2023-05-22,36.30766296386719,65.85372924804688,183.2100067138672,86.08223724365234,91.50492095947266,400.97283935546875,87.39031219482422,24.603492736816406
2023-05-23,35.74411392211914,64.88844299316406,183.42999267578125,86.22355651855469,91.69380950927734,396.4727478027344,87.64187622070312,24.67306900024414
2023-05-24,35.4761962890625,63.94105529785156,181.9499969482422,86.0027084350586,91.33319854736328,393.60040283203125,87.20816040039062,24.76003646850586
2023-05-25,35.40228271484375,63.85165786743164,180.1999969482422,85.46385192871094,91.03264617919922,397.00897216796875,86.99127197265625,24.873096466064453
2023-05-26,36.0305061340332,64.4773178100586,180.9199981689453,85.62287902832031,91.41905975341797,402.1505126953125,87.69390869140625,24.86440086364746
2023-05-30,35.614768981933594,63.824851989746094,182.0399932861328,86.29424285888672,92.10594940185547,402.3036804199219,88.57009887695312,24.838308334350586
2023-05-31,35.28218078613281,63.1634407043457,182.32000732421875,86.62105560302734,92.40647888183594,400.0728759765625,89.34214782714844,24.88179588317871
2023-06-01,35.91040802001953,64.10192108154297,183.75999450683594,86.86190032958984,92.68990325927734,403.8739929199219,89.69266510009766,24.586101531982422
2023-06-02,36.52939224243164,64.93313598632812,181.0500030517578,86.17125701904297,92.4400863647461,409.7144470214844,88.70978546142578,24.84700584411621
2023-06-05,36.52014923095703,64.55774688720703,182.13999938964844,86.14471435546875,92.24192810058594,408.9293212890625,88.54454803466797,24.80352210998535
2023-06-06,36.843505859375,65.09400939941406,182.33999633789062,86.19780731201172,92.42284393310547,409.8197326660156,89.06643676757812,24.88179588317871
2023-06-07,36.68522262573242,64.52153015136719,180.14999389648438,85.56916809082031,91.59587097167969,408.4026794433594,87.74433135986328,24.890493392944336
2023-06-08,36.945926666259766,65.20413970947266,182.52999877929688,86.14471435546875,92.2074966430664,410.8729553222656,88.77071380615234,24.690462112426758
2023-06-09,37.113521575927734,65.09493255615234,182.0399932861328,85.83482360839844,91.96629333496094,411.61016845703125,88.64891815185547,24.768735885620117
2023-06-12,37.188011169433594,65.37708282470703,181.8800048828125,85.9764633178711,92.25916290283203,415.34429931640625,88.90985870361328,24.77743148803711
2023-06-13,37.56044387817383,65.99600219726562,180.5399932861328,85.36551666259766,91.84567260742188,418.0826110839844,88.03140258789062,24.699159622192383
2023-06-14,37.83977508544922,66.24172973632812,180.63999938964844,85.48062133789062,92.12995910644531,418.58050537109375,88.73589324951172,24.577404022216797
2023-06-15,38.19359588623047,66.94256591796875,181.91000366210938,86.14471435546875,92.93108367919922,423.7699279785156,89.58829498291016,24.43825340270996
2023-06-16,38.0632438659668,66.79693603515625,181.6300048828125,85.77279663085938,92.76741790771484,422.3263854980469,89.24034881591797,24.481735229492188
2023-06-20,37.318363189697266,65.91407775878906,179.75,86.02960205078125,93.10338592529297,420.1353454589844,89.85791015625,24.551311492919922
2023-06-21,37.14145278930664,66.01419067382812,179.49000549316406,86.1092529296875,93.0,417.9826354980469,90.07537841796875,24.43825340270996
2023-06-22,37.011104583740234,65.60462188720703,177.7100067138672,85.62230682373047,92.51760864257812,419.4914855957031,88.98814392089844,24.525222778320312
2023-06-23,36.471065521240234,64.58524322509766,178.1999969482422,85.9764633178711,92.77603149414062,416.32012939453125,89.87532806396484,24.655675888061523
2023-06-26,36.59210968017578,64.66715240478516,178.50999450683594,86.18896484375,92.87940216064453,414.6191711425781,89.97100067138672,24.62958335876465
2023-06-27,36.96454620361328,65.23143768310547,177.69000244140625,85.88790130615234,92.77603149414062,419.1647644042969,89.73616790771484,24.56870460510254
2023-06-28,36.741085052490234,65.27696990966797,177.27999877929688,86.23323059082031,93.18093872070312,419.3761291503906,90.11888122558594,24.681764602661133
2023-06-29,36.54555130004883,65.18595123291016,177.08999633789062,85.34780883789062,92.47454071044922,421.0289611816406,88.49237823486328,24.7861270904541
2023-06-30,36.83419418334961,65.98689270019531,178.27000427246094,85.53373718261719,93.15507507324219,425.9975280761719,89.53610229492188,24.681764602661133
2023-07-03,37.24387741088867,65.91407775878906,178.47000122070312,85.16273498535156,92.8940658569336,426.4876403808594,89.02851867675781,24.707857131958008
2023-07-05,37.02041244506836,65.17684173583984,177.83999633789062,84.75444793701172,92.2286376953125,425.85333251953125,88.18253326416016,24.8209171295166
2023-07-06,36.266231536865234,64.0482406616211,177.30999755859375,84.06214141845703,91.2952880859375,422.51861572265625,86.93537902832031,24.76003646850586
2023-07-07,36.675907135009766,64.53062438964844,178.63999938964844,83.95562744140625,91.2088851928711,421.4518737792969,86.41207885742188,24.551311492919922
2023-07-10,36.70383834838867,64.71265411376953,178.77999877929688,84.39054870605469,91.68415832519531,422.51861572265625,86.52545166015625,24.490432739257812
2023-07-11,37.07627868652344,65.295166015625,179.4499969482422,84.56806182861328,92.11624908447266,425.20947265625,86.97026062011719,24.429555892944336
2023-07-12,37.90495300292969,66.54208374023438,181.8800048828125,85.39350891113281,92.92864227294922,428.6306457519531,87.93833923339844,24.142559051513672
2023-07-13,38.3984375,67.60697937011719,182.00999450683594,86.10356903076172,93.58544921875,432.0326232910156,88.8628158569336,23.977317810058594
2023-07-14,38.18428039550781,67.2247085571289,181.42999267578125,85.67753601074219,92.8595199584961,431.7635498046875,88.33953857421875,24.020803451538086
2023-07-17,38.23084259033203,67.14279174804688,181.55999755859375,85.81954193115234,93.01506042480469,433.2626953125,88.38312530517578,23.99471092224121
2023-07-18,37.95151138305664,67.57967376708984,183.63999938964844,85.91718292236328,93.24839782714844,436.482177734375,88.7843246459961,24.01210594177246
2023-07-19,37.87702178955078,67.54326629638672,183.6699981689453,86.2100601196289,93.77557373046875,437.45281982421875,89.78728485107422,24.107770919799805
2023-07-20,37.597694396972656,67.1974105834961,182.74000549316406,85.52661895751953,93.14470672607422,434.55047607421875,88.6971206665039,24.246919631958008
2023-07-21,37.541831970214844,67.33393859863281,182.17999267578125,85.59766387939453,93.30889129638672,434.55047607421875,88.7232666015625,24.316495895385742
2023-07-24,38.053924560546875,67.17009735107422,181.39999389648438,85.39350891113281,93.1965560913086,436.4917907714844,88.40056610107422,24.403465270996094
2023-07-25,38.37050247192383,67.24291229248047,182.41000366210938,85.23371887207031,93.04962921142578,437.6834411621094,88.23485565185547,24.37737464904785
2023-07-26,38.59396743774414,67.4249496459961,183.3000030517578,85.52661895751953,93.48175048828125,437.7506408691406,88.32210540771484,24.30780029296875
2023-07-27,38.119110107421875,67.27022552490234,180.4199981689453,84.59467315673828,92.34098052978516,434.848388671875,86.60395812988281,24.533918380737305
2023-07-28,39.040897369384766,67.75260162353516,181.86000061035156,84.86983489990234,92.94590759277344,439.105712890625,87.04874420166016,24.49913215637207
2023-07-31,39.059513092041016,67.77081298828125,182.35000610351562,84.97633361816406,93.20518493652344,439.9417419433594,87.25808715820312,24.542613983154297
2023-08-01,38.566036224365234,66.92435455322266,180.4600067138672,84.47980499267578,92.27643585205078,438.68280029296875,85.82819366455078,24.655675888061523
2023-08-02,37.64424514770508,65.67743682861328,179.60000610351562,84.31072998046875,91.71277618408203,432.5804443359375,84.90990447998047,24.742645263671875
2023-08-03,37.7932243347168,65.49540710449219,179.5399932861328,83.68788146972656,90.88895416259766,431.3407287597656,82.95091247558594,24.725248336791992
2023-08-04,37.74666976928711,65.67743682861328,180.19000244140625,84.57771301269531,91.83419036865234,429.3898620605469,84.4201431274414,24.603492736816406
2023-08-07,37.69080352783203,66.23262786865234,179.77999877929688,84.37303924560547,91.60871887207031,433.1378479003906,83.58934020996094,24.620887756347656
2023-08-08,37.23456573486328,65.83216094970703,178.63999938964844,84.80015563964844,91.97294616699219,431.2541809082031,84.56006622314453,24.73394775390625
2023-08-09,37.327674865722656,65.81394958496094,177.7899932861328,84.85355377197266,92.05965423583984,428.3712158203125,84.99736785888672,24.751338958740234
2023-08-10,37.38353729248047,66.09611511230469,177.60000610351562,84.20394897460938,91.40926361083984,428.52496337890625,83.59808349609375,24.794824600219727
2023-08-11,36.83419418334961,65.6501235961914,177.60000610351562,83.7590560913086,91.09709167480469,428.2750549316406,83.40568542480469,24.84700584411621
2023-08-14,36.65728759765625,65.35887145996094,177.05999755859375,83.6255874633789,91.06240844726562,430.6391906738281,83.22201538085938,24.933975219726562
2023-08-15,36.23828887939453,64.54882049560547,176.58999633789062,83.46541595458984,90.58544158935547,425.62274169921875,82.71478271484375,24.942672729492188
2023-08-16,35.912410736083984,64.02093505859375,175.57000732421875,83.14508056640625,90.17784881591797,422.49945068359375,82.0676040649414,25.012248992919922
2023-08-17,35.99620819091797,63.56584167480469,175.3000030517578,83.03831481933594,89.93507385253906,419.2800598144531,81.71780395507812,25.003551483154297
2023-08-18,35.754119873046875,63.56584167480469,175.3300018310547,83.2874526977539,90.27326202392578,419.4818115234375,82.00640106201172,25.020944595336914
2023-08-21,35.837921142578125,63.802494049072266,175.80999755859375,82.77135467529297,89.73561096191406,422.2110900878906,80.9132080078125,24.994853973388672
2023-08-22,35.76343536376953,63.68416976928711,176.10000610351562,82.80695343017578,90.01314544677734,421.06744384765625,81.5341567993164,25.081823348999023
2023-08-23,36.33140182495117,64.37590789794922,177.88999938964844,83.70565795898438,91.27918243408203,425.75726318359375,83.55435943603516,24.994853973388672
2023-08-24,36.191734313964844,63.49304962158203,177.85000610351562,83.39425659179688,90.96701049804688,419.856689453125,83.00337982177734,25.194883346557617
2023-08-25,36.228981018066406,63.92082977294922,177.6199951171875,83.36752319335938,91.01902770996094,422.8164978027344,83.2745132446289,25.22966957092285
2023-08-28,36.58279800415039,64.5943374633789,178.1300048828125,83.59891510009766,91.30521392822266,425.49774169921875,83.3619613647461,25.18618392944336
2023-08-29,37.048343658447266,65.39527893066406,179.8699951171875,84.19507598876953,92.03363037109375,431.64825439453125,84.2277603149414,25.047035217285156
2023-08-30,36.92730712890625,65.35887145996094,180.32000732421875,84.18617248535156,91.903564453125,433.4261779785156,84.14029693603516,25.003551483154297
2023-08-31,36.471065521240234,65.10403442382812,180.02000427246094,84.3552474975586,92.05965423583984,432.7918701171875,84.51637268066406,25.125307083129883
2023-09-01,36.89937210083008,65.06761932373047,180.11000061035156,83.83963012695312,91.40435028076172,433.5990905761719,83.1997299194336,25.281850814819336
2023-09-05,36.60142517089844,64.50333404541016,178.63999938964844,83.33113861083984,90.75163269042969,431.7251281738281,82.03307342529297,25.412302017211914
2023-09-06,36.39657974243164,64.36679077148438,177.8300018310547,83.11699676513672,90.66460418701172,428.8228759765625,82.23486328125,25.421001434326172
2023-09-07,35.96826934814453,64.15745544433594,178.02000427246094,83.40248107910156,91.06492614746094,427.50628662109375,82.4629135131836,25.48187828063965
2023-09-08,36.042762756347656,64.06644439697266,178.0800018310547,83.42033386230469,91.13452911376953,428.150146484375,82.7786865234375,25.50796890258789
2023-09-11,36.48968505859375,64.7308578491211,178.41000366210938,83.27758026123047,90.96051025390625,430.9659729003906,82.18220520019531,25.386213302612305
2023-09-12,36.377952575683594,64.4669189453125,177.49000549316406,83.39358520507812,90.93437957763672,428.6018371582031,82.65586853027344,25.429698944091797
2023-09-13,36.33140182495117,64.26667785644531,177.0800018310547,83.49169921875,91.13452911376953,429.1015930175781,82.63831329345703,25.44709014892578
2023-09-14,36.573486328125,65.11314392089844,177.1699981689453,83.3043441772461,90.96920776367188,432.801513671875,82.04183959960938,25.603635787963867
2023-09-15,36.43382263183594,64.9675064086914,178.33999633789062,83.0456314086914,90.82996368408203,427.5868835449219,81.5418930053711,25.58624267578125
2023-09-18,36.387271881103516,64.73995971679688,179.38999938964844,83.12590789794922,91.00402069091797,427.8376770019531,82.00679779052734,25.54275894165039
2023-09-19,36.173118591308594,64.7945785522461,179.22000122070312,82.82262420654297,90.69943237304688,426.9504089355469,81.40152740478516,25.560150146484375
2023-09-20,36.024139404296875,64.63983917236328,179.35000610351562,82.7601547241211,90.73422241210938,423.0253601074219,81.65589141845703,25.603635787963867
2023-09-21,35.40030288696289,63.56584167480469,178.0500030517578,82.1446304321289,89.82042694091797,416.03338623046875,79.5594711303711,25.621028900146484
2023-09-22,35.81930160522461,63.620460510253906,178.6199951171875,82.46576690673828,90.36868286132812,415.0979309082031,80.19979095458984,25.681907653808594
2023-09-25,35.6610107421875,63.33831024169922,177.6999969482422,81.85914611816406,89.48973846435547,416.8434753417969,78.2261734008789,25.777572631835938
2023-09-26,35.15821838378906,62.519168853759766,176.27999877929688,81.83238983154297,89.23735809326172,410.7195129394531,77.95423889160156,25.855846405029297
2023-09-27,35.214080810546875,62.40083312988281,174.10000610351562,81.46662139892578,88.81963348388672,410.88348388671875,77.55075073242188,25.977603912353516
2023-09-28,35.307193756103516,62.9105339050293,173.22999572753906,81.68965148925781,88.97625732421875,413.26556396484375,77.78759002685547,25.838449478149414
2023-09-29,35.33512878417969,62.72850036621094,171.4499969482422,81.70748138427734,88.78483581542969,412.2626037597656,77.7963638305664,25.855846405029297
2023-10-02,35.15821838378906,61.809242248535156,169.64999389648438,81.04471588134766,87.971435546875,412.0986328125,76.49400329589844,26.055871963500977
2023-10-03,34.69266891479492,61.03559875488281,169.16000366210938,80.3738784790039,86.95796203613281,406.582275390625,74.8485107421875,26.08196449279785
2023-10-04,34.59025192260742,61.14480972290039,169.13999938964844,80.88370513916016,87.71804809570312,409.54296875,75.90446472167969,26.003692626953125
2023-10-05,34.720603942871094,61.68180465698242,168.8300018310547,81.03578186035156,87.61321258544922,409.388671875,75.52606201171875,25.916723251342773
2023-10-06,35.2234001159668,62.36443328857422,169.6999969482422,80.56171417236328,87.35111999511719,414.2492370605469,74.6109390258789,25.86454200744629
2023-10-09,35.0557975769043,62.27341842651367,172.82000732421875,81.59031677246094,88.43447875976562,416.9013977050781,76.3620376586914,25.855846405029297
2023-10-10,35.55859375,63.12898254394531,172.52999877929688,81.4293212890625,88.46943664550781,419.0711975097656,76.25640869140625,25.794967651367188
2023-10-11,35.78205490112305,63.39292907714844,173.7899932861328,81.87652587890625,89.01110076904297,420.78790283203125,77.84912872314453,25.794967651367188
2023-10-12,35.38167953491211,62.86502456665039,173.25999450683594,81.08943176269531,88.08499908447266,418.22259521484375,75.73728942871094,26.012388229370117
2023-10-13,35.25133514404297,62.282527923583984,178.8300018310547,81.60820007324219,88.57427215576172,416.1395263671875,77.09239196777344,26.029783248901367
2023-10-16,35.51203918457031,62.73759460449219,177.9600067138672,81.12519836425781,87.96268463134766,420.5178527832031,75.85165405273438,25.916723251342773
2023-10-17,35.41893005371094,62.774017333984375,178.2899932861328,80.32916259765625,87.26374816894531,420.49859619140625,75.0157241821289,25.9254207611084
2023-10-18,34.87889099121094,61.68180465698242,180.8699951171875,79.95349884033203,86.56478118896484,414.8953552246094,74.35575103759766,26.021085739135742
2023-10-19,34.67405319213867,61.13571548461914,183.08999633789062,79.5599365234375,85.8658447265625,411.24993896484375,72.83341217041016,25.942813873291016
2023-10-20,34.25505447387695,60.58961486816406,183.58999633789062,80.02508544921875,86.20655059814453,406.1965637207031,73.24700164794922,25.951509475708008
2023-10-23,34.22712326049805,60.63512420654297,182.97000122070312,80.40072631835938,86.87931823730469,405.4925231933594,74.12696838378906,25.82105827331543
2023-10-24,34.664737701416016,60.980987548828125,182.9499969482422,80.54385375976562,87.36858367919922,408.5496520996094,75.10371398925781,25.96890640258789
2023-10-25,34.208499908447266,60.54410171508789,183.72000122070312,79.83723449707031,86.5735092163086,402.68609619140625,73.43180847167969,26.038482666015625
2023-10-26,34.04090118408203,60.107234954833984,184.00999450683594,80.4454574584961,87.20259094238281,397.864013671875,74.55815887451172,26.0993595123291
2023-10-27,34.01297378540039,59.92519760131836,186.14999389648438,80.57064056396484,87.02784729003906,396.0606384277344,74.24134826660156,26.0645694732666
2023-10-30,34.366790771484375,60.68973159790039,185.10000610351562,80.30235290527344,86.7657241821289,400.7958679199219,73.9069595336914,25.960208892822266
2023-10-31,34.171260833740234,60.90816879272461,184.08999633789062,80.13240814208984,86.6434097290039,403.31298828125,73.54619598388672,26.11675262451172
2023-11-01,34.487831115722656,61.4815788269043,183.50999450683594,81.0553207397461,87.88337707519531,407.6141662597656,75.14083099365234,26.125450134277344
2023-11-02,35.09304428100586,62.73759460449219,184.1199951171875,81.55760192871094,88.92686462402344,415.4258117675781,76.85380554199219,25.9949951171875
2023-11-03,35.80998611450195,63.40202331542969,184.7899932861328,82.18545532226562,89.36534118652344,419.2159118652344,77.3747787475586,25.751482009887695
2023-11-06,36.098628997802734,63.08346176147461,183.35000610351562,81.71009826660156,88.89181518554688,420.1802978515625,76.62423706054688,25.777572631835938
2023-11-07,36.033451080322266,62.701202392578125,182.58999633789062,82.17648315429688,89.60209655761719,421.3761901855469,77.75443267822266,25.86454200744629
2023-11-08,35.79136276245117,62.61928939819336,180.77000427246094,82.50835418701172,90.05811309814453,421.684814453125,79.07887268066406,25.855846405029297
2023-11-09,35.456172943115234,62.61018753051758,181.49000549316406,81.69215393066406,89.14610290527344,418.3961486816406,77.25997161865234,25.96890640258789
2023-11-10,35.70756149291992,62.892330169677734,179.50999450683594,81.78184509277344,89.59333801269531,424.9251708984375,77.6926040649414,25.951509475708008
2023-11-13,35.69824981689453,63.0561637878418,180.50999450683594,81.73699188232422,89.60209655761719,424.5201721191406,77.51600646972656,25.916723251342773
2023-11-14,36.647972106933594,64.66715240478516,182.1199951171875,82.96578979492188,91.00515747070312,432.7561340332031,79.27311706542969,25.50796890258789
2023-11-15,36.95523452758789,64.56703186035156,181.63999938964844,82.31999206542969,90.53160858154297,433.67230224609375,78.16057586669922,25.603635787963867
2023-11-16,36.60142517089844,64.52153015136719,183.69000244140625,82.93888092041016,91.27696228027344,434.20269775390625,79.13188171386719,25.621028900146484
2023-11-17,36.647972106933594,65.39527893066406,183.6699981689453,82.99269104003906,91.5400619506836,434.7427978515625,79.50269317626953,25.48187828063965
2023-11-20,37.104209899902344,65.64102935791016,183.3699951171875,83.10929870605469,91.9083480834961,438.0892333984375,79.98834228515625,25.403606414794922
2023-11-21,36.871437072753906,65.38616943359375,185.35000610351562,83.2169189453125,91.93465423583984,437.1344909667969,79.95304870605469,25.429698944091797
2023-11-22,36.79695129394531,65.54090881347656,184.55999755859375,83.19000244140625,92.30296325683594,438.82220458984375,80.2355728149414,25.516666412353516
2023-11-24,36.81557083129883,66.04149627685547,185.52000427246094,82.75947570800781,91.82941436767578,439.0921936035156,79.2907943725586,25.403606414794922
2023-11-27,36.666603088378906,65.81394958496094,186.77000427246094,83.38733673095703,92.57479095458984,438.30145263671875,80.61527252197266,25.351425170898438
2023-11-28,36.97385787963867,65.83216094970703,189.25999450683594,83.75508880615234,92.943115234375,438.73541259765625,80.77417755126953,25.26445770263672
2023-11-29,36.75970458984375,65.96868896484375,189.5399932861328,84.19456481933594,93.69725036621094,438.4267578125,81.78960418701172,25.290546417236328
2023-11-30,36.83419418334961,65.91407775878906,188.75,83.78196716308594,93.20619201660156,440.1531066894531,80.84480285644531,25.473182678222656
2023-12-01,36.99248123168945,66.60580444335938,192.00999450683594,84.57249450683594,94.3283920288086,442.7569885253906,82.36744689941406,25.39491081237793
2023-12-04,36.573486328125,66.08700561523438,187.86000061035156,84.22175598144531,93.8971176147461,440.4327697753906,82.03972625732422,25.50796890258789
2023-12-05,36.35002517700195,65.8503646850586,187.14999389648438,84.81531524658203,94.64527893066406,440.3459777832031,83.80241394042969,25.603635787963867
2023-12-06,36.303466796875,66.05059814453125,187.83999633789062,85.166015625,94.9973373413086,438.57147216796875,84.91844940185547,25.664514541625977
2023-12-07,36.480377197265625,66.36915588378906,188.14999389648438,85.0401382446289,95.00614929199219,441.91796875,84.43130493164062,25.52536392211914
2023-12-08,36.32209014892578,66.56938934326172,185.63999938964844,84.49153900146484,94.4956283569336,443.8178405761719,83.7403793334961,25.621028900146484
2023-12-11,36.53624725341797,66.73321533203125,183.58999633789062,84.50055694580078,94.46923065185547,445.5440979003906,83.56322479248047,25.65581703186035
2023-12-12,36.54555130004883,66.85153198242188,183.49000549316406,84.680419921875,95.00614929199219,447.5790100097656,83.811279296875,25.58624267578125
2023-12-13,36.90868377685547,67.8254165649414,187.6300048828125,85.93946838378906,96.59922790527344,453.75115966796875,85.77767181396484,25.368820190429688
2023-12-14,37.44872283935547,68.32601165771484,188.72999572753906,86.65384674072266,97.62657165527344,455.2074279785156,88.00897979736328,25.134004592895508
2023-12-15,37.22525405883789,67.66159057617188,187.0,86.58164978027344,97.48524475097656,454.4579162597656,88.10675048828125,25.299243927001953
2023-12-18,37.20663070678711,67.8254165649414,187.85000610351562,86.39222717285156,97.07891082763672,457.0142822265625,87.40473937988281,25.295543670654297
2023-12-19,37.52320861816406,68.39881896972656,189.1300048828125,86.55462646484375,97.20258331298828,459.7933349609375,87.87570190429688,25.18451690673828
2023-12-20,36.84772491455078,67.70855712890625,188.10000610351562,86.97859191894531,97.458740234375,453.42181396484375,88.4710693359375,25.295543670654297
2023-12-21,37.540283203125,68.80523681640625,189.42999267578125,86.8432388305664,97.42338562011719,457.72113037109375,87.91124725341797,25.129003524780273
2023-12-22,37.36002731323242,68.8697509765625,190.27000427246094,86.76207733154297,97.25557708740234,458.64105224609375,87.5113754272461,25.1197509765625
2023-12-26,37.65412902832031,69.1830825805664,191.72000122070312,86.8161849975586,97.458740234375,460.5776672363281,87.76017761230469,25.064239501953125
2023-12-27,37.8723258972168,69.55172729492188,192.58999633789062,87.49268341064453,98.36859130859375,461.410400390625,89.31526184082031,24.934709548950195
2023-12-28,38.16642761230469,69.36740112304688,191.47000122070312,87.15895080566406,98.1124038696289,461.584716796875,88.66657257080078,25.017976760864258
2023-12-29,38.14745330810547,69.44113159179688,191.1699981689453,86.94245147705078,97.750244140625,460.2484130859375,87.8667984008789,25.064239501953125
2024-01-02,37.70156478881836,68.66700744628906,190.72000122070312,86.61775207519531,97.08775329589844,457.6727294921875,87.36030578613281,25.27703857421875
2024-01-03,37.49284362792969,68.15091705322266,189.1300048828125,86.82521057128906,96.8669204711914,453.9350280761719,87.72462463378906,25.360309600830078
2024-01-04,37.36951446533203,68.30758666992188,189.32000732421875,86.30209350585938,96.32805633544922,452.47283935546875,86.3917236328125,25.360309600830078
2024-01-05,37.41694641113281,68.35365295410156,189.35000610351562,85.98635864257812,95.98357391357422,453.0926513671875,85.5652847290039,25.360309600830078
2024-01-08,37.52130126953125,69.08170318603516,187.8699951171875,86.27499389648438,96.71672821044922,459.5609436035156,86.40947723388672,25.314048767089844
2024-01-09,36.99003601074219,68.4642562866211,187.92999267578125,86.23892211914062,96.88456726074219,458.86370849609375,85.85855865478516,25.397319793701172
2024-01-10,36.90464782714844,68.9066162109375,187.5,86.10362243652344,96.76091766357422,461.4588317871094,85.45864868164062,25.351057052612305
2024-01-11,37.05644607543945,68.89739990234375,187.8699951171875,86.5636215209961,97.3438949584961,461.2554931640625,85.93852996826172,25.36956214904785
2024-01-12,37.189266204833984,69.1830825805664,189.7100067138672,86.79814910888672,97.55591583251953,461.5750427246094,85.7696762084961,25.397319793701172
2024-01-16,36.28799057006836,68.02189636230469,187.91000366210938,86.0946273803711,96.56658172607422,459.88043212890625,84.25901794433594,25.61937141418457
2024-01-17,35.747230529785156,67.37679290771484,185.83999633789062,85.81498718261719,96.36341094970703,457.3241882324219,84.12571716308594,25.637874603271484
2024-01-18,36.04132843017578,67.97582244873047,187.3699951171875,85.62557983398438,96.17789459228516,461.3910217285156,83.34374237060547,25.665630340576172
2024-01-19,36.42081069946289,68.13248443603516,187.92999267578125,85.63461303710938,96.27503967285156,467.1427917480469,83.61034393310547,25.628623962402344
2024-01-22,36.09824752807617,68.3444595336914,187.22000122070312,85.89617919921875,96.5400619506836,468.1304626464844,84.10794830322266,25.637874603271484
2024-01-23,36.41132354736328,68.15091705322266,187.9499969482422,85.67970275878906,96.18673706054688,469.4958190917969,83.44149017333984,25.7026424407959
2024-01-24,36.81926727294922,68.66700744628906,186.39999389648438,85.43614196777344,96.0012435913086,470.009033203125,82.95274353027344,25.628623962402344
2024-01-25,36.86669921875,68.86052703857422,187.13999938964844,85.80595397949219,96.63720703125,472.5652770996094,83.49479675292969,25.7026424407959
2024-01-26,36.89515686035156,69.1646499633789,187.00999450683594,85.65261840820312,96.36341094970703,471.9649963378906,83.3348617553711,25.7026424407959
2024-01-29,36.91413497924805,69.57014465332031,188.3300018310547,86.166748046875,96.76091766357422,475.70263671875,84.2945556640625,25.7026424407959
2024-01-30,36.62003707885742,69.47798919677734,188.58999633789062,86.28402709960938,97.07007598876953,475.3347473144531,85.05876922607422,25.68413734436035
2024-01-31,36.42081069946289,69.12779998779297,188.4499969482422,87.00560760498047,97.3174057006836,467.57855224609375,85.89408874511719,25.7489013671875
2024-02-01,36.771827697753906,69.80975341796875,190.41000366210938,87.54450225830078,98.07002258300781,473.6982727050781,87.57897186279297,25.61937141418457
2024-02-02,36.66747283935547,69.25680541992188,188.61000061035156,86.40519714355469,97.17469024658203,478.68511962890625,85.64448547363281,25.850675582885742
2024-02-05,36.71491241455078,68.88818359375,187.57000732421875,85.56430053710938,96.24391174316406,476.9421691894531,83.91498565673828,25.989459991455078
2024-02-06,37.54977035522461,69.3121109008789,188.5500030517578,86.02544403076172,96.78463745117188,478.3268737792969,84.73516082763672,25.915441513061523
2024-02-07,37.597206115722656,69.27523803710938,188.5,85.87175750732422,96.5009765625,482.31634521484375,84.3250732421875,25.887685775756836
2024-02-08,37.38848876953125,69.15544128417969,188.3300018310547,85.59144592285156,96.00454711914062,482.5293273925781,83.83477783203125,25.915441513061523
2024-02-09,37.54977035522461,69.39505004882812,187.60000610351562,85.43771362304688,95.88044738769531,485.31805419921875,83.66537475585938,25.89693832397461
2024-02-12,37.84386444091797,69.51486206054688,187.11000061035156,85.51908874511719,95.8893051147461,485.10498046875,83.763427734375,25.924694061279297
2024-02-13,37.13233947753906,68.44581604003906,184.52999877929688,84.5787353515625,94.83443450927734,478.42364501953125,82.32816314697266,26.12824249267578
2024-02-14,37.66361618041992,69.21073913574219,184.4199981689453,84.89520263671875,95.27764129638672,482.77142333984375,82.7471694946289,26.081981658935547
2024-02-15,37.84386444091797,69.99407958984375,185.66000366210938,85.13029479980469,95.62336730957031,486.10235595703125,83.17506408691406,25.980205535888672
2024-02-16,38.02412414550781,70.10466766357422,186.33999633789062,84.75959014892578,95.27764129638672,483.6815490722656,82.69364929199219,25.989459991455078
2024-02-20,38.0810432434082,70.3903579711914,187.47000122070312,84.90424346923828,95.59674835205078,481.0187072753906,82.76498413085938,25.952449798583984
2024-02-21,38.14745330810547,70.4456558227539,187.47999572753906,84.63298797607422,95.357421875,481.4544677734375,82.1766128540039,25.924694061279297
2024-02-22,38.53642272949219,71.23821258544922,187.55999755859375,84.64203643798828,95.50813293457031,491.41839599609375,82.57778930664062,25.924694061279297
2024-02-23,38.51744842529297,71.33036804199219,188.6199951171875,85.03080749511719,95.79180908203125,491.7573547363281,83.6832046508789,25.943199157714844
2024-02-26,38.3466796875,71.22899627685547,188.1999969482422,84.90424346923828,95.49040222167969,489.95623779296875,83.43360137939453,25.89693832397461
2024-02-27,38.422584533691406,71.42252349853516,188.0,84.71438598632812,95.357421875,490.866455078125,82.84520721435547,25.915441513061523
2024-02-28,37.91976547241211,71.0078125,188.33999633789062,85.02180480957031,95.34854888916016,490.2176818847656,83.37120056152344,25.93394660949707
2024-02-29,37.93873977661133,71.19213104248047,189.30999755859375,85.19358825683594,95.43722534179688,491.97998046875,83.95956420898438,25.989459991455078
2024-03-01,38.40360641479492,71.88331604003906,192.88999938964844,85.5825424194336,96.01819610595703,496.5987854003906,84.48271942138672,25.943199157714844
2024-03-04,38.31822204589844,71.69900512695312,196.00999450683594,85.39215850830078,95.84025573730469,496.0662536621094,84.14289855957031,25.943199157714844
2024-03-05,37.9766845703125,71.56997680664062,197.19000244140625,85.91796875,96.36517333984375,491.1085205078125,85.34121704101562,25.915441513061523
2024-03-06,38.526939392089844,72.41783905029297,198.80999755859375,86.12647247314453,96.62319946289062,493.5970764160156,85.84203338623047,25.822919845581055
2024-03-07,38.76411437988281,73.27490997314453,199.94000244140625,86.27154541015625,96.86341857910156,498.49676513671875,85.76152801513672,25.693389892578125
2024-03-08,38.72616195678711,73.0353012084961,201.6300048828125,86.33499908447266,96.99687194824219,495.5046691894531,85.60952758789062,25.7026424407959
2024-03-11,38.811546325683594,72.62059020996094,202.0,86.22620391845703,97.0146713256836,495.07861328125,85.56480407714844,25.730396270751953
2024-03-12,39.23846435546875,73.20117950439453,199.7899932861328,85.87261962890625,96.70326232910156,500.4043273925781,84.8493423461914,25.7489013671875
2024-03-13,39.115135192871094,73.21039581298828,201.19000244140625,85.6822509765625,96.60540008544922,499.61993408203125,84.43801879882812,25.721145629882812
2024-03-14,38.9159049987793,72.6758804321289,200.35000610351562,85.04762268066406,95.8936538696289,498.63226318359375,83.14131164550781,25.859928131103516
2024-03-15,38.67873001098633,72.70352172851562,199.7100067138672,84.90257263183594,95.92032623291016,495.2084045410156,83.1144790649414,25.887685775756836
2024-03-18,38.745140075683594,72.68508911132812,200.02999877929688,84.8028564453125,95.76016998291016,498.1515197753906,82.86406707763672,25.943199157714844
2024-03-19,38.555397033691406,72.81411743164062,199.8000030517578,85.04762268066406,96.0359878540039,500.9197692871094,83.09657287597656,26.007965087890625
2024-03-20,38.99180221557617,73.5882339477539,202.17999267578125,85.24708557128906,96.21392822265625,505.5529479980469,83.06974792480469,25.887685775756836
2024-03-21,39.039241790771484,73.55138397216797,201.97000122070312,85.25614166259766,96.35628509521484,507.22369384765625,83.24861907958984,26.0634765625
2024-03-22,38.76411437988281,73.39471435546875,200.35000610351562,85.67316436767578,96.68546295166016,506.2620544433594,84.04451751708984,26.202260971069336
2024-03-25,38.79257583618164,73.23804473876953,200.99000549316406,85.44651794433594,96.35628509521484,504.86334228515625,83.62421417236328,26.137495040893555
2024-03-26,38.76411437988281,73.32097625732422,201.63999938964844,85.5734634399414,96.32958221435547,503.9308776855469,83.85670471191406,26.1560001373291
2024-03-27,38.83052444458008,73.76335144042969,203.10000610351562,85.89982604980469,96.99687194824219,508.165771484375,84.68840789794922,26.174503326416016
2024-03-28,38.97283172607422,73.59746551513672,205.72000122070312,85.81822967529297,96.90789794921875,508.068603515625,84.61686706542969,26.24852180480957
2024-04-01,39.039241790771484,73.28412628173828,207.82000732421875,85.0417251586914,95.97998809814453,507.1848449707031,83.03952026367188,26.350296020507812
2024-04-02,39.162567138671875,72.76803588867188,210.88999938964844,84.85990905761719,95.83710479736328,503.9600830078125,82.58191680908203,26.31328773498535
2024-04-03,39.1910285949707,73.17353057861328,212.74000549316406,84.95989990234375,95.89961242675781,504.513671875,82.56397247314453,26.19300651550293
2024-04-04,39.04872512817383,72.54685974121094,211.52000427246094,85.2508773803711,96.00679016113281,498.3554992675781,83.15618133544922,26.19300651550293
2024-04-05,39.13410568237305,72.77725219726562,215.13999938964844,84.68714141845703,95.58704376220703,503.561767578125,81.99871063232422,26.220766067504883
2024-04-08,39.3902587890625,73.13666534423828,216.47999572753906,84.49620056152344,95.5781021118164,503.8434143066406,81.98976135253906,26.183753967285156
2024-04-09,39.6558952331543,73.12744903564453,217.6699981689453,84.83262634277344,96.06929779052734,504.42620849609375,82.75239562988281,26.174503326416016
2024-04-10,39.115135192871094,72.15979766845703,215.61000061035156,83.70513153076172,94.70287322998047,499.3753662109375,80.9489517211914,26.452070236206055
2024-04-11,39.3523063659668,72.35333251953125,219.8000030517578,83.58695220947266,94.50639343261719,503.14410400390625,80.58106994628906,26.4705753326416
2024-04-12,38.4510383605957,71.18291473388672,216.88999938964844,83.93245697021484,94.7207260131836,496.1992492675781,81.01176452636719,26.68337631225586
2024-04-15,38.20437240600586,70.97095489501953,220.9499969482422,83.39600372314453,93.67581939697266,489.9827575683594,79.75559997558594,26.72963523864746
2024-04-16,37.70156478881836,70.27055358886719,221.22000122070312,83.06867980957031,93.36325073242188,489.089111328125,79.22624206542969,26.766645431518555
2024-04-17,37.673095703125,70.3166275024414,219.58999633789062,83.59605407714844,93.872314453125,486.194580078125,80.10553741455078,26.68337631225586
2024-04-18,37.82489776611328,70.12309265136719,220.33999633789062,83.30509185791016,93.68476104736328,485.194091796875,79.70178985595703,26.738889694213867
2024-04-19,37.673095703125,70.15074920654297,221.02999877929688,83.41419982910156,93.78300476074219,480.9591369628906,79.98890686035156,26.738889694213867
2024-04-22,38.0810432434082,70.97095489501953,215.57000732421875,83.42328643798828,94.01519775390625,485.3883361816406,79.85430145263672,26.74814224243164
2024-04-23,38.39411926269531,71.74508666992188,215.0399932861328,83.53237915039062,94.17595672607422,491.1482849121094,79.88124084472656,26.637115478515625
2024-04-24,38.526939392089844,71.6068344116211,214.63999938964844,83.2778091430664,93.80979919433594,490.91522216796875,79.31597900390625,26.664871215820312
2024-04-25,38.61231994628906,71.27506256103516,215.9199981689453,82.95956420898438,93.53292846679688,489.05023193359375,78.75968170166016,26.609357833862305
2024-04-26,39.05820846557617,71.8464584350586,216.6199951171875,83.18685913085938,93.89016723632812,493.68341064453125,79.17240142822266,26.72963523864746
2024-04-29,39.43769073486328,72.1229248046875,216.17999267578125,83.5232925415039,94.28309631347656,495.43182373046875,79.83638000488281,26.646366119384766
2024-04-30,38.88744354248047,71.21056365966797,211.8699951171875,83.13232421875,93.76513671875,487.5835266113281,79.15446472167969,26.81290626525879
2024-05-01,38.92538833618164,71.05389404296875,213.7899932861328,83.46155548095703,94.15516662597656,486.00030517578125,79.73792266845703,26.7851505279541
2024-05-02,39.93101501464844,72.01234436035156,213.1300048828125,83.85366821289062,94.73796844482422,490.54608154296875,80.08007049560547,26.581600189208984
2024-05-03,40.29153060913086,72.73117065429688,212.9600067138672,84.31877136230469,95.40148162841797,496.6265869140625,80.89041137695312,26.50758171081543
2024-05-06,40.32947540283203,73.22882843017578,215.1999969482422,84.39173126220703,95.67048645019531,501.755126953125,81.2055435180664,26.535341262817383
2024-05-07,40.101783752441406,73.42236328125,214.2100067138672,84.61061096191406,95.71531677246094,502.3087463378906,81.70077514648438,26.609357833862305
2024-05-08,40.111270904541016,73.33941650390625,213.5800018310547,84.37345886230469,95.47320556640625,502.35736083984375,81.2055435180664,26.646366119384766
2024-05-09,40.23460388183594,73.90158081054688,216.9499969482422,84.62882995605469,95.62564849853516,505.2518615722656,81.6017074584961,26.55384635925293
2024-05-10,40.31999206542969,74.0398178100586,218.7100067138672,84.3552474975586,95.32077026367188,505.90264892578125,81.14251708984375,26.590852737426758
2024-05-13,40.623573303222656,74.0398178100586,216.25999450683594,84.45555877685547,95.35665893554688,505.97064208984375,81.34960174560547,26.581600189208984
2024-05-14,40.841773986816406,74.5927734375,218.08999633789062,84.70178985595703,95.63461303710938,508.2921142578125,81.80879211425781,26.52608871459961
2024-05-15,41.27818298339844,75.38533020019531,220.88999938964844,85.34014892578125,96.48641204833984,514.58642578125,82.92527770996094,26.359548568725586
2024-05-16,41.363563537597656,74.97982788085938,220.02999877929688,85.17599487304688,96.33396911621094,513.5275268554688,82.84424591064453,26.424314498901367
2024-05-17,41.543819427490234,75.23787689208984,223.66000366210938,84.91152954101562,96.10981750488281,514.2656860351562,82.28599548339844,26.424314498901367
2024-05-20,41.392024993896484,75.29316711425781,224.55999755859375,84.78386688232422,96.06499481201172,514.8582153320312,82.04290008544922,26.461322784423828
2024-05-21,41.13587951660156,75.1733627319336,224.22999572753906,85.00275421142578,96.22637939453125,516.1209106445312,82.4660873413086,26.461322784423828
2024-05-22,41.0030632019043,74.4637451171875,220.11000061035156,84.893310546875,96.08292388916016,514.6348876953125,82.56511688232422,26.544593811035156
2024-05-23,40.69947052001953,74.08589935302734,215.72000122070312,84.59236145019531,95.66150665283203,510.8759765625,82.03390502929688,26.60010528564453
2024-05-24,40.813316345214844,74.69414520263672,215.9199981689453,84.70178985595703,95.92154693603516,514.2560424804688,82.27698516845703,26.516834259033203
2024-05-28,40.75638961791992,74.66650390625,218.19000244140625,84.22760772705078,95.34768676757812,514.6153564453125,81.09748840332031,26.479827880859375
2024-05-29,40.14922332763672,73.48686981201172,216.16000366210938,83.81720733642578,94.83660888671875,511.01177978515625,80.1160888671875,26.62786293029785
2024-05-30,40.035377502441406,74.10433959960938,216.57000732421875,84.23670959472656,95.41940307617188,507.6219482421875,80.89041137695312,26.544593811035156
2024-05-31,39.64640808105469,74.81394958496094,215.3000030517578,84.62882995605469,95.84083557128906,512.2454833984375,81.43964385986328,26.52608871459961
2024-06-03,40.063838958740234,75.02591705322266,217.22000122070312,85.18313598632812,96.50235748291016,512.6631469726562,82.75687408447266,26.387304306030273
2024-06-04,39.50409698486328,74.93374633789062,215.27000427246094,85.64960479736328,96.88040161132812,513.2360229492188,83.72356414794922,26.396556854248047
2024-06-05,40.13973617553711,75.45904541015625,217.82000732421875,85.9605941772461,97.20439147949219,519.3359375,84.33792114257812,26.433565139770508
2024-06-06,40.33896255493164,75.71710205078125,219.42999267578125,85.92400360107422,97.14139556884766,519.3262329101562,84.21146392822266,26.396556854248047
2024-06-07,39.883583068847656,74.89688110351562,211.60000610351562,85.01848602294922,96.26834869384766,518.6949462890625,82.66654205322266,26.618610382080078
2024-06-10,40.12076187133789,74.84159851074219,213.5399932861328,84.83553314208984,96.07034301757812,520.2975463867188,82.11544799804688,26.68337631225586
2024-06-11,39.98702621459961,73.99114227294922,214.14999389648438,85.28372955322266,96.48435974121094,521.550537109375,82.96468353271484,26.720382690429688
2024-06-12,40.38823318481445,74.8631591796875,214.72000122070312,85.75936889648438,97.07839965820312,525.8342895507812,83.58806610107422,26.60010528564453
2024-06-13,40.292701721191406,73.79422760009766,212.97000122070312,86.32647705078125,97.53739929199219,526.8929443359375,84.81678009033203,26.701879501342773
2024-06-14,40.34046936035156,72.97845458984375,215.72999572753906,86.5276870727539,97.618408203125,527.2135620117188,85.53050994873047,26.82215690612793
2024-06-17,40.598388671875,73.26913452148438,214.61000061035156,86.125244140625,97.15938568115234,531.4094848632812,84.68125915527344,26.75739288330078
2024-06-18,40.97093963623047,73.55979919433594,215.47000122070312,86.500244140625,97.60940551757812,532.7596435546875,85.4582290649414,26.74814224243164
2024-06-20,40.90407180786133,73.606689453125,218.16000366210938,86.28070831298828,97.28539276123047,531.3124389648438,84.88904571533203,26.859169006347656
2024-06-21,40.760780334472656,73.09097290039062,214.77999877929688,86.29899597167969,97.3124008178711,530.60009765625,84.88904571533203,26.923933029174805
2024-06-24,40.760780334472656,73.67233276367188,215.6300048828125,86.37220001220703,97.41141510009766,528.8753662109375,85.23234558105469,26.831409454345703
2024-06-25,40.66525650024414,73.8504867553711,214.55999755859375,86.44538116455078,97.37540435791016,530.9119262695312,85.37692260742188,26.859169006347656
2024-06-26,40.579280853271484,73.306640625,212.5800018310547,85.92400360107422,96.84440612792969,531.5745239257812,84.15725708007812,26.988698959350586
2024-06-27,40.60793685913086,73.36289978027344,214.99000549316406,86.11610412597656,97.03337860107422,532.4125366210938,84.49152374267578,26.951688766479492
2024-06-28,40.684364318847656,73.44729614257812,215.00999450683594,85.65875244140625,96.41236877441406,530.3175048828125,82.91951751708984,26.951688766479492
2024-07-01,40.779884338378906,73.57855987548828,215.57000732421875,85.0211181640625,95.8397216796875,531.408935546875,81.4884033203125,26.960941314697266
2024-07-02,40.90407180786133,73.75672149658203,215.55999755859375,85.34223175048828,96.45390319824219,534.9850463867188,82.1228256225586,26.923933029174805
2024-07-03,41.50587844848633,74.60060119628906,217.99000549316406,85.91104888916016,97.16744995117188,537.37255859375,83.20138549804688,26.81290626525879
2024-07-05,41.677825927734375,75.09757995605469,220.92999267578125,86.38812255859375,97.67322540283203,540.4713134765625,83.89018249511719,26.720382690429688
2024-07-08,41.6873779296875,74.7225112915039,218.19000244140625,86.41566467285156,97.66419219970703,541.0949096679688,84.07144927978516,26.766645431518555
2024-07-09,41.85932540893555,74.4224624633789,218.55999755859375,86.29637145996094,97.48357391357422,541.62109375,83.69986724853516,26.803653717041016
2024-07-10,42.09813690185547,75.47264862060547,219.36000061035156,86.37896728515625,97.71839904785156,546.9806518554688,83.96271514892578,26.775897979736328
2024-07-11,42.34651184082031,75.68830108642578,223.25,86.92942810058594,98.24227142333984,542.2642822265625,84.77839660644531,26.637115478515625
2024-07-12,42.51845169067383,76.49470520019531,223.11000061035156,87.1129379272461,98.60353088378906,545.6846923828125,85.14093780517578,26.544593811035156
2024-07-15,42.06948471069336,75.81958770751953,223.8300018310547,86.83769226074219,98.0616226196289,547.185302734375,84.1620864868164,26.590852737426758
2024-07-16,42.30829620361328,76.18527221679688,228.2899932861328,87.22301483154297,98.63065338134766,550.43017578125,85.3493881225586,26.590852737426758
2024-07-17,41.62051010131836,75.78207397460938,227.22999572753906,87.29641723632812,98.67578887939453,542.7125244140625,85.36752319335938,26.4705753326416
2024-07-18,41.22885513305664,75.03193664550781,225.77999877929688,87.04869842529297,98.25130462646484,538.5418701171875,84.71495819091797,26.590852737426758
2024-07-19,40.82765197753906,74.57247924804688,221.72999572753906,86.7734603881836,97.89002227783203,534.965576171875,84.2164535522461,26.664871215820312
2024-07-22,41.171539306640625,75.3601303100586,221.8000030517578,86.69087982177734,97.83580780029297,540.4810791015625,83.97175598144531,26.646366119384766
2024-07-23,40.80854034423828,74.93817138671875,222.5800018310547,86.75513458251953,97.76356506347656,539.63330078125,83.85394287109375,26.692626953125
2024-07-24,40.216285705566406,73.99114227294922,221.8000030517578,86.56243133544922,97.16744995117188,527.4038696289062,82.9476089477539,26.68337631225586
2024-07-25,40.053890228271484,73.52230834960938,218.3300018310547,86.75513458251953,97.55582427978516,524.6558227539062,83.62735748291016,26.68337631225586
2024-07-26,40.46464920043945,74.45996856689453,220.6300048828125,87.16796875,98.09774780273438,530.5318603515625,84.27991485595703,26.664871215820312
2024-07-29,40.33091735839844,74.13179016113281,220.32000732421875,87.31477355957031,98.30547332763672,530.84375,84.73307800292969,26.738889694213867
2024-07-30,40.1494140625,74.3005599975586,222.52000427246094,87.49825286865234,98.38677978515625,528.1542358398438,85.05935668945312,26.75739288330078
2024-07-31,41.028255462646484,75.35074615478516,226.5500030517578,88.1404800415039,98.95579528808594,536.7391967773438,85.92945098876953,26.609357833862305
2024-08-01,40.31181335449219,73.35352325439453,225.77000427246094,88.5168685913086,99.28392791748047,529.138427734375,86.67057800292969,26.701879501342773
2024-08-02,39.73865509033203,72.20018768310547,225.33999633789062,89.88800811767578,100.25386810302734,519.2867431640625,89.37133026123047,26.433565139770508
2024-08-05,38.611454010009766,70.62492370605469,222.47999572753906,89.98001861572266,100.00001525878906,504.16314697265625,89.84420776367188,26.28553009033203
2024-08-06,38.8311653137207,70.74681091308594,220.6999969482422,89.1794204711914,99.3473892211914,508.8113708496094,87.83453369140625,26.368799209594727
2024-08-07,39.06998062133789,71.08436584472656,220.5500030517578,88.85733032226562,98.89415740966797,505.4103698730469,87.21617889404297,26.424314498901367
2024-08-08,39.958370208740234,72.27521514892578,224.00999450683594,88.59046936035156,98.9394760131836,517.09423828125,86.67964172363281,26.461322784423828
2024-08-09,40.178077697753906,72.55650329589844,224.55999755859375,88.94934844970703,99.44709777832031,519.3743896484375,87.5344467163086,26.433565139770508
2024-08-12,40.31181335449219,72.49085998535156,228.41000366210938,89.19781494140625,99.65558624267578,519.647216796875,87.85271453857422,26.433565139770508
2024-08-13,40.760780334472656,73.73796844482422,228.05999755859375,89.59352111816406,100.35354614257812,528.193115234375,88.46198272705078,26.294782638549805
2024-08-14,40.541072845458984,74.00989532470703,226.1999969482422,89.71316528320312,100.79772186279297,529.8595581054688,89.01669311523438,26.322540283203125
2024-08-15,40.99004364013672,74.91004943847656,226.91000366210938,89.15179443359375,100.48955535888672,538.9414672851562,88.29830932617188,26.415061950683594
2024-08-16,41.46767044067383,75.32262420654297,231.99000549316406,89.32667541503906,100.78866577148438,540.1497802734375,88.60749053955078,26.28553009033203
2024-08-19,41.86888122558594,76.24153137207031,231.61000061035156,89.4462890625,101.02433013916016,545.3143920898438,89.01669311523438,26.146747589111328
2024-08-20,41.54409408569336,76.0071029663086,232.4600067138672,89.8051986694336,101.28717041015625,544.4276123046875,89.72598266601562,26.054224014282227
2024-08-21,41.706485748291016,76.71035766601562,232.14999389648438,89.9892349243164,101.51380157470703,546.298583984375,89.7805404663086,25.97095489501953
2024-08-22,41.190643310546875,76.2602767944336,229.3699951171875,89.57511901855469,101.09685516357422,542.0109252929688,88.88938903808594,26.09123420715332
2024-08-23,41.8784294128418,77.65740203857422,232.02000427246094,89.9892349243164,101.67697143554688,547.77001953125,89.47139739990234,25.869178771972656
2024-08-26,41.52499008178711,77.31047058105469,232.75999450683594,89.87882232666016,101.55006408691406,546.4642333984375,89.2440414428711,25.924694061279297
2024-08-27,41.582298278808594,77.66677856445312,233.38999938964844,89.84199523925781,101.46849822998047,547.2145385742188,89.08944702148438,25.8414249420166
2024-08-28,41.32438278198242,77.39485931396484,231.75,89.79598236083984,101.26001739501953,544.0377807617188,88.98031616210938,25.989459991455078
2024-08-29,41.34348678588867,77.68553161621094,232.9499969482422,89.63954162597656,101.08778381347656,544.0864868164062,88.68934631347656,26.081981658935547
2024-08-30,41.42945861816406,77.80743408203125,231.2899932861328,89.32667541503906,100.8067855834961,549.2803344726562,87.74359130859375,26.1560001373291
2024-09-03,40.60793685913086,76.57908630371094,230.2899932861328,89.91552734375,101.11155700683594,537.976806640625,89.17867279052734,26.202260971069336
2024-09-04,40.598388671875,76.24153137207031,230.42999267578125,90.44160461425781,101.73929595947266,536.8756103515625,90.32820129394531,26.072729110717773
2024-09-05,40.655704498291016,76.2602767944336,232.35000610351562,90.65387725830078,102.23966217041016,535.56982421875,90.83905792236328,26.035720825195312
2024-09-06,39.91060256958008,74.82566833496094,230.6300048828125,90.78308868408203,102.19416809082031,526.55615234375,90.82997131347656,26.072729110717773
2024-09-09,40.24494552612305,75.57579040527344,231.60000610351562,90.9123306274414,102.421630859375,532.4515991210938,91.22225189208984,26.183753967285156
2024-09-10,40.09210205078125,75.20072174072266,232.6199951171875,91.29997253417969,102.70362854003906,534.7708129882812,91.86087799072266,26.19300651550293
2024-09-11,40.38823318481445,75.65080261230469,232.25,91.2353515625,102.74913787841797,540.2568969726562,91.78790283203125,26.220766067504883
2024-09-12,40.722572326660156,76.26966094970703,236.3300018310547,91.08768463134766,102.6763687133789,544.8077392578125,91.35910034179688,26.109737396240234
2024-09-13,40.91362380981445,76.44781494140625,238.67999267578125,91.26305389404297,102.9947738647461,547.6530151367188,91.60543823242188,26.072729110717773
2024-09-16,41.04736328125,77.0666732788086,238.66000366210938,91.50302124023438,103.44964599609375,548.4618530273438,92.44474792480469,25.989459991455078
2024-09-17,41.095123291015625,76.6353530883789,237.33999633789062,91.33690643310547,103.458740234375,548.6859130859375,91.99771881103516,26.072729110717773
2024-09-18,40.95183181762695,76.39156341552734,235.50999450683594,90.94000244140625,103.03116607666016,547.0587158203125,90.8573226928711,26.100486755371094
2024-09-19,41.82111358642578,77.90119934082031,239.1699981689453,90.86617279052734,103.12214660644531,556.3938598632812,90.55625915527344,25.989459991455078
2024-09-20,41.73514175415039,77.13231658935547,242.2100067138672,90.83848571777344,103.21310424804688,555.4320678710938,90.20956420898438,26.035720825195312
2024-09-23,42.05992889404297,77.42298126220703,242.67999267578125,90.78308868408203,103.06755065917969,556.820068359375,90.01799011230469,26.072729110717773
2024-09-24,43.4928092956543,77.88243865966797,246.07000732421875,90.8846435546875,103.24038696289062,558.4132690429688,89.99972534179688,25.924694061279297
2024-09-25,43.03428649902344,77.46049499511719,245.72999572753906,90.51544952392578,102.63084411621094,557.181640625,89.25167083740234,26.100486755371094
2024-09-26,44.6104621887207,79.16704559326172,246.97999572753906,90.4508285522461,102.63084411621094,559.3907470703125,89.46147918701172,25.980205535888672
2024-09-27,44.52449035644531,78.68883514404297,245.02000427246094,90.810791015625,103.04025268554688,558.5794677734375,89.92678833007812,25.97095489501953
2024-09-30,43.808048248291016,78.41691589355469,243.05999755859375,90.56159973144531,102.78553771972656,560.8178100585938,89.49797058105469,26.072729110717773
2024-10-01,44.12328338623047,77.83556365966797,245.61000061035156,90.8911361694336,103.2795181274414,555.793701171875,90.14415740966797,26.183753967285156
2024-10-02,44.9925651550293,77.67615509033203,245.66000366210938,90.63194274902344,103.0512466430664,556.0283203125,89.38449096679688,26.294782638549805
2024-10-03,44.45762252807617,76.95416259765625,245.49000549316406,90.16910552978516,102.38468170166016,555.0118408203125,88.54243469238281,26.3780517578125
2024-10-04,44.86838150024414,77.40423583984375,245.0,89.29899597167969,101.82768249511719,560.0553588867188,87.45329284667969,26.52608871459961
2024-10-07,45.24093246459961,76.972900390625,244.1699981689453,88.97501373291016,101.30722045898438,554.9922485351562,86.79429626464844,26.544593811035156
2024-10-08,44.12328338623047,76.85101318359375,242.3699951171875,89.04904174804688,101.50811767578125,560.2410888671875,86.94072723388672,26.544593811035156
2024-10-09,43.88447189331055,76.86976623535156,241.0500030517578,88.71580505371094,101.30722045898438,564.1215209960938,86.44650268554688,26.664871215820312
2024-10-10,43.97044372558594,76.77598571777344,242.82000732421875,88.7065658569336,101.19766235351562,563.13427734375,86.10785675048828,26.65561866760254
2024-10-11,44.285675048828125,77.16981506347656,245.47000122070312,88.73433685302734,101.17938995361328,566.5065307617188,85.76006317138672,26.674123764038086
2024-10-14,44.10417938232422,77.39485931396484,245.07000732421875,88.57696533203125,101.18852233886719,571.1396484375,85.82411193847656,26.75739288330078
2024-10-15,43.16802215576172,76.1102523803711,245.9199981689453,89.0305404663086,101.68158721923828,566.7020263671875,86.86753845214844,26.775897979736328
2024-10-16,43.50237274169922,76.30716705322266,247.14999389648438,89.16938781738281,102.00117492675781,569.1651611328125,87.23362731933594,26.849916458129883
2024-10-17,43.43550109863281,76.31653594970703,248.6300048828125,88.7065658569336,101.2433090209961,569.2140502929688,85.85157775878906,26.933185577392578
2024-10-18,43.865360260009766,76.83226776123047,251.27000427246094,88.80839538574219,101.12460327148438,571.4036254882812,85.9156494140625,26.859169006347656
2024-10-21,43.5596809387207,75.92272186279297,251.22000122070312,88.12338256835938,100.09282684326172,570.4652099609375,84.41463470458984,26.979446411132812
2024-10-22,43.46415710449219,75.49139404296875,253.92999267578125,88.04005432128906,100.08370971679688,570.162109375,84.49697875976562,27.0072021484375
2024-10-23,43.206233978271484,74.73188781738281,250.8699951171875,87.83642578125,99.745849609375,564.9523315429688,84.2681655883789,27.0997257232666
2024-10-24,43.13936996459961,75.15383911132812,252.8000030517578,88.03081512451172,100.04719543457031,566.1742553710938,84.80816650390625,26.99795150756836
2024-10-25,43.101158142089844,74.90067291259766,253.32000732421875,87.83642578125,99.80978393554688,565.9786376953125,84.33222961425781,27.090473175048828
2024-10-28,43.29220962524414,75.50077056884766,253.3300018310547,87.63276672363281,99.72760009765625,567.7283935546875,84.10343170166016,27.090473175048828
2024-10-29,43.158477783203125,75.22885131835938,256.0899963378906,87.66980743408203,99.8462905883789,568.6471557617188,84.23155975341797,27.0997257232666
2024-10-30,42.738162994384766,74.74127197265625,257.5,87.54022979736328,99.71844482421875,566.9268188476562,84.47866821289062,27.034957885742188
2024-10-31,42.46113967895508,74.28182220458984,253.50999450683594,87.49392700195312,99.51758575439453,555.813232421875,84.615966796875,27.016454696655273
2024-11-01,42.499351501464844,74.43183135986328,252.47000122070312,86.97582244873047,98.97235870361328,558.1591796875,83.42303466796875,27.12748146057129
2024-11-04,42.738162994384766,74.48809814453125,252.8300018310547,87.44010162353516,99.70542907714844,556.9569091796875,84.71790313720703,27.025705337524414
2024-11-05,43.320865631103516,75.22885131835938,253.39999389648438,87.48650360107422,100.1819076538086,563.6914672851562,85.16788482666016,26.91468048095703
2024-11-06,42.78592300415039,74.14115905761719,245.6999969482422,86.58582305908203,99.1373062133789,577.7080078125,82.83528900146484,27.349533081054688
2024-11-07,43.731624603271484,75.266357421875,249.64999389648438,87.28223419189453,100.31021118164062,582.1749877929688,83.873046875,27.12748146057129
2024-11-08,42.65218734741211,74.22555541992188,247.9600067138672,87.4679183959961,100.65838623046875,584.69677734375,84.93831634521484,27.31252670288086
2024-11-11,42.3274040222168,74.24430084228516,242.13999938964844,87.22651672363281,100.46598052978516,585.2539672851562,84.52507019042969,27.469812393188477
2024-11-12,41.52499008178711,72.86592864990234,240.0500030517578,86.67868041992188,99.5588150024414,583.4358520507812,83.25772094726562,27.590091705322266
2024-11-13,41.257511138916016,72.43460845947266,237.6300048828125,86.62297821044922,99.18311309814453,583.7192993164062,82.46797180175781,27.747379302978516
2024-11-14,41.028255462646484,72.58464050292969,237.00999450683594,86.6136703491211,99.1556396484375,579.9658203125,82.94548797607422,27.85840606689453
2024-11-15,41.028255462646484,72.32208251953125,236.58999633789062,86.65083312988281,99.20144653320312,572.5374145507812,82.72508239746094,27.830650329589844
2024-11-18,41.4963264465332,72.71591186523438,241.08999633789062,86.84580993652344,99.38469696044922,574.8832397460938,82.87202453613281,27.69186782836914
2024-11-19,41.46767044067383,72.62214660644531,243.25,87.03153228759766,99.59547424316406,576.9847412109375,83.29446411132812,27.682613372802734
2024-11-20,41.4199104309082,72.42523193359375,244.6199951171875,86.90153503417969,99.35721588134766,577.18017578125,83.02812957763672,27.82139778137207
2024-11-21,41.33393478393555,72.4439926147461,246.66000366210938,86.8551025390625,99.23808288574219,580.2786865234375,82.9638671875,27.91391944885254
2024-11-22,41.34348678588867,72.72528839111328,249.83999633789062,86.91082763671875,99.32970428466797,582.0772094726562,83.00975799560547,28.061954498291016
2024-11-25,41.37215042114258,73.10034942626953,242.47999572753906,87.84864044189453,100.56678009033203,584.0517578125,85.15874481201172,27.867658615112305
2024-11-26,41.20020294189453,72.67840576171875,242.9499969482422,87.66295623779297,100.31021118164062,587.101318359375,84.82811737060547,27.9046688079834
2024-11-27,41.257511138916016,73.07221984863281,243.49000549316406,88.01577758789062,100.67672729492188,585.3223266601562,85.41586303710938,27.664108276367188
2024-11-29,41.32438278198242,74.04739379882812,245.58999633789062,88.38720703125,101.29983520507812,588.9583740234375,86.2974624633789,27.617849349975586
2024-12-02,41.486778259277344,74.2536849975586,243.44000244140625,88.37973022460938,101.45891571044922,590.0140380859375,86.50482940673828,27.784387588500977
2024-12-03,41.572750091552734,74.67562866210938,243.92999267578125,88.12825012207031,101.10029602050781,590.2877197265625,85.75837707519531,27.775136947631836
2024-12-04,41.677825927734375,74.73188781738281,244.6699981689453,88.46356201171875,101.5876693725586,593.9531860351562,86.67992401123047,27.765884399414062
2024-12-05,41.95484924316406,75.09757995605469,242.86000061035156,88.4542465209961,101.56005096435547,592.9756469726562,86.85499572753906,27.617849349975586
2024-12-06,41.88798522949219,75.08819580078125,242.9499969482422,88.733642578125,101.78993225097656,594.0997924804688,86.98400115966797,27.69186782836914
2024-12-09,42.74771499633789,75.04131317138672,245.36000061035156,88.42631530761719,101.532470703125,591.0404052734375,86.1822738647461,27.738126754760742
2024-12-10,42.05992889404297,74.36620330810547,248.58999633789062,88.26795959472656,101.37614440917969,589.2028198242188,85.77681732177734,27.802892684936523
2024-12-11,42.231876373291016,74.83502960205078,250.9600067138672,88.00716400146484,101.10029602050781,593.7576293945312,84.96585845947266,27.895414352416992
2024-12-12,42.02172088623047,74.17866516113281,247.27999877929688,87.67186737060547,100.53019714355469,590.6982421875,83.93373107910156,27.98793601989746
2024-12-13,42.05992889404297,73.97237396240234,244.2899932861328,87.26206970214844,99.96928405761719,590.5810546875,83.07670593261719,27.997188568115234
2024-12-16,41.83066940307617,73.72858428955078,244.8800048828125,87.2900161743164,100.09801483154297,593.1027221679688,83.32550811767578,27.950927734375
2024-12-17,41.730613708496094,73.61168670654297,243.94000244140625,87.2900161743164,100.10723114013672,590.6591186523438,83.52823638916016,27.978683471679688
2024-12-18,40.75923538208008,71.80584716796875,239.25999450683594,86.61532592773438,98.86610412597656,573.0554809570312,82.4837875366211,28.30251121520996
2024-12-19,40.89522933959961,71.5777359008789,239.60000610351562,86.22284698486328,98.33087921142578,572.8795166015625,81.23487091064453,28.35802459716797
2024-12-20,41.060359954833984,71.37814331054688,242.10000610351562,86.54058074951172,98.71845245361328,579.7603759765625,81.69742584228516,28.219242095947266
2024-12-23,41.29349136352539,71.84385681152344,240.9600067138672,86.15741729736328,98.43240356445312,583.2320556640625,80.94808197021484,28.322710037231445
2024-12-24,41.419776916503906,72.10047912597656,241.44000244140625,86.20415496826172,98.73690795898438,589.7147216796875,81.2904052734375,28.400068283081055
2024-12-26,41.274070739746094,72.44263458251953,243.07000732421875,86.26957702636719,98.82917785644531,589.7540283203125,81.24414825439453,28.34204864501953
2024-12-27,41.08950424194336,72.33809661865234,241.39999389648438,86.04529571533203,98.4139404296875,583.5459594726562,80.57803344726562,28.293699264526367
2024-12-30,40.75923538208008,71.86286926269531,240.6300048828125,86.5499267578125,98.83840942382812,576.88671875,81.2256088256836,28.322710037231445
2024-12-31,40.62323760986328,71.86286926269531,242.1300048828125,86.39105224609375,98.5892562866211,574.7879638671875,80.79081726074219,28.448415756225586
2025-01-02,40.56495666503906,71.61575317382812,245.4199981689453,86.43778228759766,98.59849548339844,573.375732421875,81.01283264160156,28.690160751342773
2025-01-03,40.94379806518555,71.92940521240234,243.49000549316406,86.29762268066406,98.3677978515625,580.544921875,80.75379943847656,28.603132247924805
2025-01-06,41.08950424194336,72.61371612548828,243.19000244140625,86.21349334716797,98.11865234375,583.88916015625,80.39301300048828,28.41940689086914
2025-01-07,40.79808807373047,72.55668640136719,244.55999755859375,85.8210220336914,97.66649627685547,577.2888793945312,79.48638916015625,28.525774002075195
2025-01-08,40.60380935668945,72.44263458251953,245.86000061035156,85.9705581665039,97.82334899902344,578.1322631835938,79.5881576538086,28.63214111328125
2025-01-10,39.91413116455078,71.34012603759766,248.2100067138672,85.34445190429688,97.26046752929688,569.3056030273438,79.06083679199219,28.77718734741211
2025-01-13,39.64214324951172,71.14053344726562,245.74000549316406,85.1949234008789,96.98362731933594,570.1883544921875,79.03309631347656,28.864215850830078
2025-01-14,40.08898162841797,71.39715576171875,247.02999877929688,85.22298431396484,97.09436798095703,570.972900390625,78.90357971191406,28.680490493774414
2025-01-15,40.613529205322266,72.30957794189453,248.8800048828125,86.12005615234375,98.257080078125,581.35888671875,80.26350402832031,28.63214111328125
2025-01-16,40.56495666503906,72.68025207519531,250.60000610351562,86.32562255859375,98.45084381103516,580.2408447265625,80.52252960205078,28.63214111328125
2025-01-17,40.8855094909668,72.97488403320312,249.27000427246094,86.39105224609375,98.53388214111328,586.0664672851562,80.66130065917969,28.738508224487305
2025-01-21,41.322635650634766,74.44807434082031,253.1300048828125,86.68072509765625,99.10602569580078,591.4309692382812,81.38289642333984,28.371057510375977
2025-01-22,41.351776123046875,74.2770004272461,254.42999267578125,86.45645904541016,98.79227447509766,594.7557983398438,80.95734405517578,28.41940689086914
2025-01-23,41.44891357421875,74.8852767944336,254.07000732421875,86.23219299316406,98.65384674072266,598.0018920898438,80.32825469970703,28.40973663330078
2025-01-24,41.72090530395508,75.30347442626953,255.64999389648438,86.40972900390625,98.84764862060547,596.2561645507812,80.68905639648438,28.235681533813477
2025-01-27,40.96322250366211,75.30347442626953,252.99000549316406,86.97042083740234,99.5304946899414,587.8218994140625,81.64191436767578,28.245349884033203
2025-01-28,41.26435089111328,75.20842742919922,255.17999267578125,86.97976684570312,99.3920669555664,592.8727416992188,81.58641815185547,28.361387252807617
2025-01-29,41.274070739746094,75.19892120361328,254.1999969482422,86.87696075439453,99.26288604736328,590.21484375,81.41988372802734,28.41940689086914
2025-01-30,41.97346115112305,76.02579498291016,258.04998779296875,87.06385803222656,99.4843521118164,593.3826293945312,81.7251968383789,28.41940689086914
2025-01-31,41.49748229980469,75.31297302246094,258.55999755859375,86.9236831665039,99.161376953125,590.2246704101562,81.18862915039062,28.535444259643555
2025-02-03,41.19635772705078,74.4290542602539,259.94000244140625,86.98556518554688,99.31790924072266,586.2527465820312,81.84967803955078,28.661149978637695
2025-02-04,41.93460464477539,75.2939682006836,262.5,87.20116424560547,99.51238250732422,590.1854858398438,82.100341796875,28.400068283081055
2025-02-05,41.827754974365234,76.02579498291016,264.1300048828125,87.70738983154297,100.20696258544922,592.578369140625,83.45582580566406,28.35171890258789
2025-02-06,42.00260543823242,76.38697052001953,263.42999267578125,87.604248046875,100.0217514038086,594.6380004882812,83.41868591308594,28.332378387451172
2025-02-07,41.963748931884766,75.66463470458984,263.8999938964844,87.31367492675781,99.58647155761719,589.1950073242188,82.88021087646484,28.458086013793945
2025-02-10,42.468868255615234,76.1778793334961,268.3699951171875,87.29492950439453,99.61427307128906,593.1962890625,82.62952423095703,28.545114517211914
2025-02-11,42.303733825683594,76.53904724121094,267.3900146484375,87.0699234008789,99.3919906616211,593.6473999023438,82.100341796875,28.448415756225586
2025-02-12,42.536865234375,76.82417297363281,267.6700134277344,86.46996307373047,98.85482025146484,591.7350463867188,80.98621368408203,28.467756271362305
2025-02-13,42.8088493347168,77.75559997558594,270.30999755859375,87.11680603027344,99.62351989746094,597.9822387695312,82.33245086669922,28.235681533813477
2025-02-14,43.139122009277344,77.86965942382812,266.2900085449219,87.48240661621094,100.01250457763672,597.952880859375,82.768798828125,28.158323287963867
2025-02-18,43.411109924316406,78.43041229248047,270.70001220703125,87.01368713378906,99.60499572753906,599.7084350585938,81.79393768310547,28.21634292602539
2025-02-19,43.34311294555664,77.6225357055664,270.8500061035156,87.154296875,99.66057586669922,601.1206665039062,81.89607238769531,28.245349884033203
2025-02-20,43.74137878417969,77.98371124267578,270.989990234375,87.33242797851562,99.90137481689453,598.6198120117188,82.20245361328125,28.022947311401367
2025-02-21,43.6151008605957,77.49898529052734,270.739990234375,87.84801483154297,100.2532730102539,588.3809814453125,83.19587707519531,28.119644165039062
2025-02-24,42.944847106933594,77.45146179199219,272.2099914550781,88.0355224609375,100.51261138916016,585.7034912109375,83.4372787475586,28.13898468017578
2025-02-25,42.97399139404297,78.15479278564453,268.6199951171875,88.72921752929688,101.28128814697266,582.7907104492188,84.87630462646484,28.032615661621094
2025-02-26,43.401397705078125,78.25933837890625,269.0299987792969,88.97296142578125,101.4942855834961,583.0848999023438,85.37767791748047,28.090635299682617
2025-02-27,42.55629348754883,77.37543487548828,264.92999267578125,88.8698501586914,101.06826782226562,573.7777099609375,84.77417755126953,28.293699264526367
2025-02-28,41.97346115112305,77.5370101928711,263.2699890136719,89.35731506347656,101.5128173828125,582.73193359375,85.81401062011719,28.41940689086914
2025-03-03,41.604339599609375,78.39241027832031,266.739990234375,89.68165588378906,101.83354949951172,572.5225219726562,86.21450805664062,28.14865493774414
2025-03-04,41.95403289794922,78.3733901977539,269.05999755859375,89.39960479736328,101.49887084960938,565.74560546875,85.15278625488281,27.897239685058594
2025-03-05,43.207122802734375,80.24576568603516,269.6199951171875,88.90132904052734,101.17350006103516,571.8261108398438,84.4728775024414,27.55879783630371
2025-03-06,42.93513107299805,79.41887664794922,268.25,88.8543472290039,100.85740661621094,561.6755981445312,84.19346618652344,27.539459228515625
2025-03-07,43.148834228515625,80.24576568603516,268.3900146484375,88.74148559570312,100.69937896728516,564.82373046875,83.92338562011719,27.452430725097656
2025-03-10,42.119171142578125,78.35438537597656,266.0400085449219,89.36203002929688,101.04336547851562,549.7793579101562,84.79885864257812,27.471771240234375
2025-03-11,42.468868255615234,78.0882568359375,269.1600036621094,89.0423355102539,100.38330841064453,545.208984375,84.19346618652344,27.317054748535156
2025-03-12,42.70199966430664,78.64901733398438,270.3299865722656,88.77909851074219,100.0858154296875,548.1022338867188,83.69054412841797,27.384742736816406
2025-03-13,42.52714920043945,78.12628173828125,275.1300048828125,89.13636016845703,100.40188598632812,540.7957153320312,84.42633819580078,27.481441497802734
2025-03-14,43.30426025390625,79.56143951416016,275.239990234375,88.82610321044922,100.35540008544922,551.96630859375,83.97926330566406,27.452430725097656
2025-03-17,44.04250717163086,80.4548568725586,276.7300109863281,88.90132904052734,100.55992889404297,556.2227172851562,84.39836883544922,27.346065521240234
2025-03-18,43.819091796875,80.44535827636719,279.9599914550781,89.00475311279297,100.80162811279297,550.2108154296875,84.48221588134766,27.326725006103516
2025-03-19,43.92594528198242,80.68296813964844,281.1099853515625,89.27740478515625,101.39664459228516,556.2030639648438,84.91993713378906,27.394412994384766
2025-03-20,43.51795959472656,80.00814819335938,280.75,89.40902709960938,101.24785614013672,554.5947875976562,84.97579193115234,27.471771240234375
2025-03-21,43.30426025390625,79.51392364501953,278.489990234375,89.33378601074219,101.10844421386719,554.7776489257812,84.4728775024414,27.55879783630371
2025-03-24,43.49853515625,79.5044174194336,277.25,88.81672668457031,100.67149353027344,564.712890625,83.60674285888672,27.607147216796875
2025-03-25,43.37225341796875,79.94161987304688,278.4700012207031,88.96712493896484,100.77375030517578,566.0703125,83.5974349975586,27.57813835144043
2025-03-26,43.109981536865234,78.9056396484375,278.239990234375,88.76030731201172,100.36470794677734,559.3125,83.04792022705078,27.70384407043457
2025-03-27,43.32368469238281,79.07671356201172,281.9700012207031,88.68510437011719,100.24384307861328,557.8270263671875,82.8057861328125,27.616817474365234
2025-03-28,42.51743698120117,78.3733901977539,284.05999755859375,89.39960479736328,100.84813690185547,546.5933227539062,83.95133209228516,27.56846809387207
2025-03-31,42.44944381713867,77.67957305908203,288.1400146484375,89.66287231445312,101.04336547851562,550.2626342773438,84.78022766113281,27.59747886657715
2025-04-01,42.58543014526367,77.79362487792969,287.57000732421875,89.97786712646484,101.40451049804688,551.8167114257812,85.51490020751953,27.62648582458496
2025-04-02,42.64371871948242,77.97420501708984,288.1600036621094,89.89298248291016,101.63780212402344,555.308837890625,85.45883178710938,27.51045036315918
2025-04-03,41.740333557128906,76.3394546508789,286.4200134277344,90.81729125976562,101.62848663330078,527.9428100585938,85.85137939453125,27.026962280273438
2025-04-04,39.418724060058594,71.3021011352539,279.7200012207031,91.07193756103516,101.51649475097656,497.0354309082031,86.78608703613281,27.326725006103516
2025-04-07,37.951934814453125,69.5818099975586,273.7099914550781,89.9873046875,99.53805541992188,496.150146484375,84.16893005371094,27.442760467529297
2025-04-08,37.41767883300781,69.34420013427734,275.20001220703125,89.53457641601562,98.27821350097656,488.3790283203125,82.5799789428711,27.317054748535156
2025-04-09,40.011268615722656,74.69517517089844,285.3800048828125,89.25161743164062,99.92070007324219,539.6682739257812,83.06602478027344,27.35573387145996
2025-04-10,39.32158660888672,73.22200012207031,292.3500061035156,88.69515991210938,98.22220611572266,516.0205688476562,80.77601623535156,26.785219192504883
2025-04-11,40.555240631103516,75.05635833740234,297.92999267578125,88.1952896118164,98.20353698730469,525.227783203125,81.21532440185547,26.543476104736328
2025-04-14,40.92436981201172,75.86422729492188,296.2300109863281,88.90266418457031,98.81015014648438,530.3233032226562,81.7948226928711,26.45644760131836
2025-04-15,40.8855094909668,76.54854583740234,297.7799987792969,89.16675567626953,99.34208679199219,528.837890625,82.08458709716797,26.60149383544922
2025-04-16,40.4095344543457,76.25390625,307.4700012207031,89.5534439086914,99.76202392578125,517.0828857421875,82.54257202148438,26.37908935546875
2025-04-17,40.72037887573242,77.08079528808594,306.1199951171875,89.29878997802734,99.6220474243164,517.8206787109375,81.81351470947266,26.398427963256836
2025-04-21,40.710662841796875,76.66259765625,315.5899963378906,88.81777954101562,98.548828125,505.4951171875,80.3834228515625,26.147014617919922
2025-04-22,41.322635650634766,78.24983978271484,311.1099853515625,88.8838119506836,98.7914810180664,518.64697265625,80.83209228515625,26.29206085205078
2025-04-23,41.798614501953125,78.56349182128906,303.6499938964844,88.97810363769531,99.2300796508789,526.6836547851562,81.61723327636719,26.53380584716797
2025-04-24,42.2843017578125,79.60897064208984,308.07000732421875,89.4591293334961,100.24730682373047,537.769775390625,82.47713470458984,26.417766571044922
2025-04-25,42.20659255981445,79.95113372802734,304.7300109863281,89.79867553710938,100.77925109863281,541.6553344726562,83.08468627929688,26.485454559326172
2025-04-28,42.2843017578125,80.4833755493164,309.07000732421875,90.15705108642578,101.01254272460938,541.86181640625,83.60812377929688,26.321069717407227
2025-04-29,42.400875091552734,80.64495086669922,306.05999755859375,90.46831512451172,101.24584197998047,545.2753295898438,84.30915069580078,26.408098220825195
2025-04-30,42.50772476196289,80.5499038696289,303.7699890136719,90.60978698730469,100.7699203491211,545.4916381835938,83.62681579589844,26.50479507446289
2025-05-01,42.498008728027344,80.29328918457031,297.4599914550781,90.2152099609375,100.41571044921875,549.3574829101562,83.20277404785156,26.65951156616211
2025-05-02,43.71223831176758,81.83300018310547,297.9800109863281,89.60960388183594,100.17211151123047,557.5122680664062,82.30218505859375,26.620832443237305
2025-05-05,44.04250717163086,81.97557067871094,306.8800048828125,89.44874572753906,100.03157806396484,554.3152465820312,81.84249114990234,26.57248306274414
2025-05-06,43.86766052246094,81.87101745605469,315.4800109863281,89.67586517333984,100.22834014892578,549.6821899414062,82.11454010009766,26.408098220825195
2025-05-07,43.36254119873047,81.59538269042969,310.75,89.91239929199219,100.43447875976562,551.9938354492188,82.46167755126953,26.60149383544922
2025-05-08,43.333396911621094,81.31026458740234,304.6300048828125,89.21218872070312,99.92849731445312,555.8400268554688,81.54230499267578,26.823896408081055
2025-05-09,43.62481689453125,81.70944213867188,306.8399963378906,89.2784194946289,99.89102935791016,555.1318359375,81.66426086425781,26.746540069580078
2025-05-12,44.56705856323242,82.12763977050781,298.19000244140625,88.71068572998047,99.87228393554688,573.4774780273438,80.90437316894531,27.123659133911133
2025-05-13,44.64476776123047,82.232177734375,299.4599914550781,88.64443969726562,99.95661926269531,577.2646484375,80.57601165771484,26.891584396362305
2025-05-14,44.98474884033203,81.83300018310547,293.1600036621094,88.31326293945312,99.45065307617188,578.00244140625,80.04127502441406,26.949604034423828
2025-05-15,44.96532440185547,82.72640991210938,297.8399963378906,88.89045715332031,100.16275787353516,580.8256225585938,80.74488067626953,26.881916046142578
2025-05-16,44.936180114746094,82.91649627685547,294.239990234375,88.91886138916016,100.35014343261719,584.5045776367188,80.96066284179688,26.959272384643555
2025-05-19,45.03331756591797,83.70536804199219,298.0299987792969,88.87154388427734,100.35951232910156,585.1439208984375,80.72611236572266,26.775548934936523
2025-05-20,44.98474884033203,84.10455322265625,303.5799865722656,88.75798797607422,100.11589813232422,583.1765747070312,80.14447784423828,26.698190689086914
2025-05-21,44.86818313598633,83.61032104492188,305.82000732421875,88.14292907714844,99.00090026855469,573.349609375,78.7748031616211,26.5821533203125
2025-05-22,44.722476959228516,83.56279754638672,303.1099853515625,88.4740982055664,99.50687408447266,573.5758056640625,79.18758392333984,26.65951156616211
2025-05-23,44.90704345703125,83.6768569946289,309.75,88.72959899902344,99.58182525634766,569.6607666015625,79.31893920898438,26.46611785888672
2025-05-27,44.80018615722656,84.89342498779297,304.5,89.0986328125,100.48133087158203,581.50439453125,80.4259262084961,26.611164093017578
2025-05-28,44.596195220947266,83.91446685791016,303.80999755859375,88.85262298583984,100.23770141601562,578.1400756835938,80.07882690429688,26.698190689086914
2025-05-29,44.76133728027344,84.2851333618164,305.6099853515625,89.22164916992188,100.68744659423828,580.4222412109375,80.81993103027344,26.553142547607422
2025-05-30,44.21735763549805,84.40869140625,303.6000061035156,89.4865951538086,100.9779281616211,579.7730712890625,80.94188690185547,26.543476104736328
2025-06-02,44.53791427612305,85.31161499023438,311.6700134277344,89.18282318115234,100.6920394897461,583.0388793945312,80.18860626220703,26.35974884033203
2025-06-03,44.64476776123047,84.66532135009766,308.9100036621094,89.09736633300781,100.73905181884766,586.36376953125,80.04736328125,26.53380584716797
2025-06-04,45.198455810546875,85.04549407958984,310.8999938964844,89.75243377685547,101.47258758544922,586.206298828125,81.34678649902344,26.417766571044922
2025-06-05,45.43158721923828,84.98846435546875,309.3299865722656,89.4865951538086,101.1622314453125,583.373291015625,81.40328979492188,26.398427963256836
2025-06-06,45.57728958129883,85.2926025390625,305.17999267578125,88.77456665039062,100.55094909667969,589.3638916015625,80.36750793457031,26.53380584716797
2025-06-09,45.96584701538086,85.2831039428711,306.6199951171875,88.93596649169922,100.8519058227539,589.8952026367188,80.4522476196289,26.46611785888672
2025-06-10,46.22812271118164,85.39715576171875,306.7099914550781,89.0878677368164,101.0964126586914,593.2396850585938,80.8665542602539,26.49512481689453
2025-06-11,46.42239761352539,85.25458526611328,308.3699951171875,89.45812225341797,101.41616821289062,591.5476684570312,81.11138153076172,26.398427963256836
2025-06-12,46.50010681152344,85.91039276123047,312.20001220703125,89.84736633300781,101.98043060302734,593.8987426757812,82.08126068115234,26.205034255981445
2025-06-13,45.76185989379883,84.8078842163086,316.2900085449219,89.51509094238281,101.36913299560547,587.2589111328125,81.29029083251953,26.272722244262695
2025-06-16,46.32286834716797,85.12599182128906,311.7799987792969,89.25875854492188,101.19046020507812,592.84619140625,80.47107696533203,26.30173110961914
2025-06-17,45.714778900146484,84.08174133300781,311.94000244140625,89.6954574584961,101.53841400146484,587.7802734375,81.45034790039062,26.475786209106445
2025-06-18,45.7049674987793,84.22677612304688,310.260009765625,89.75243377685547,101.6136703491211,587.6917114257812,81.59161376953125,26.52413558959961
2025-06-20,45.44015884399414,83.47259521484375,310.1300048828125,89.80937957763672,101.69827270507812,586.3115234375,81.44093322753906,26.49512481689453
2025-06-23,45.81285858154297,84.10108184814453,311.0799865722656,90.12268829345703,101.95220947265625,592.1027221679688,81.7046127319336,26.38875961303711
2025-06-24,46.99961853027344,85.12599182128906,306.19000244140625,90.43596649169922,102.43180847167969,598.643798828125,82.2978286743164,26.253381729125977
2025-06-25,47.03884506225586,84.66188049316406,307.1199951171875,90.47394561767578,102.30956268310547,598.979248046875,82.40140533447266,26.185693740844727
2025-06-26,47.35270309448242,85.60944366455078,306.7799987792969,90.79669189453125,102.68574523925781,603.6656494140625,82.81571960449219,26.07932472229004
2025-06-27,47.166351318359375,86.38296508789062,301.2200012207031,90.55937957763672,102.51646423339844,606.664794921875,82.2884292602539,26.127676010131836
2025-06-30,47.313472747802734,86.43131256103516,304.8299865722656,90.92012023925781,103.0807113647461,609.5653686523438,83.09820556640625,25.992298126220703
2025-07-01,47.4017448425293,86.2862777709961,307.54998779296875,90.75157928466797,103.20532989501953,609.3681030273438,83.30423736572266,25.982629776000977
2025-07-02,47.60770797729492,86.53766632080078,309.25,90.56109619140625,103.18643951416016,612.1305541992188,82.77497100830078,25.963289260864258
2025-07-03,47.823482513427734,86.5570068359375,307.1400146484375,90.2468032836914,102.94102478027344,616.9549560546875,82.19844055175781,26.0889949798584
2025-07-07,47.14673614501953,85.61911010742188,307.3699951171875,89.96110534667969,102.3274917602539,612.357421875,81.41397094726562,26.176023483276367
2025-07-08,47.440975189208984,86.24759674072266,304.1600036621094,89.8277587890625,102.0348892211914,612.0220336914062,81.31000518798828,26.195363998413086
2025-07-09,47.362510681152344,86.89542388916016,305.5199890136719,90.29441833496094,102.62010955810547,615.692138671875,82.16063690185547,26.195363998413086
2025-07-10,47.490013122558594,86.83740234375,306.20001220703125,90.2468032836914,102.63899230957031,617.4285278320312,82.21733856201172,26.243711471557617
2025-07-11,47.33308792114258,86.00586700439453,309.1400146484375,89.8277587890625,102.01599884033203,615.258056640625,81.08319854736328,26.321069717407227
2025-07-14,47.4017448425293,86.00586700439453,308.010009765625,89.7896728515625,101.98770141601562,616.4320678710938,80.91305541992188,26.38875961303711
2025-07-15,47.745018005371094,85.10665130615234,306.7300109863281,89.43729400634766,101.61957550048828,613.7979125976562,80.34597778320312,26.53380584716797
2025-07-16,47.970603942871094,85.4547348022461,308.260009765625,89.68489837646484,101.78004455566406,615.8499755859375,80.45938873291016,26.43710708618164
2025-07-17,48.24522399902344,85.6771240234375,307.5899963378906,89.65632629394531,102.02544403076172,619.6187133789062,80.44048309326172,26.553142547607422
2025-07-18,48.13733673095703,85.4354019165039,308.3900146484375,89.9039535522461,102.21421813964844,619.1649780273438,80.56336212158203,26.51446533203125
2025-07-21,48.451194763183594,85.88984680175781,313.1300048828125,90.21823120117188,102.61065673828125,620.3389892578125,81.28164672851562,26.340410232543945
2025-07-22,48.48061752319336,86.3636245727539,316.1000061035156,90.47537231445312,102.85607147216797,620.4277954101562,81.77312469482422,26.205034255981445
2025-07-23,48.971012115478516,88.51014709472656,312.17999267578125,90.15156555175781,102.69562530517578,625.7060546875,81.31945037841797,26.166353225708008
2025-07-24,48.70619583129883,87.8526611328125,310.2699890136719,90.01822662353516,102.54459381103516,625.9132080078125,81.17768096923828,26.234041213989258
2025-07-25,48.55907440185547,87.74629211425781,307.3999938964844,90.2277603149414,102.87495422363281,628.5572509765625,81.68806457519531,26.29206085205078
2025-07-28,48.23542022705078,86.3346176147461,305.4100036621094,90.02775573730469,102.66728973388672,628.3994140625,81.15879821777344,26.59182357788086
2025-07-29,48.255035400390625,86.16057586669922,306.25,90.61823272705078,103.34690856933594,626.741943359375,82.52923583984375,26.65951156616211
2025-07-30,47.90195083618164,85.54176330566406,300.9599914550781,90.30393981933594,102.95989990234375,625.9526977539062,82.10391998291016,26.920595169067383
2025-07-31,47.62732696533203,84.62319946289062,302.9599914550781,90.38014221191406,102.98823547363281,623.6045532226562,82.15119171142578,26.978612899780273
2025-08-01,47.27423858642578,84.40081787109375,309.1099853515625,91.42066192626953,103.90184783935547,613.3834228515625,83.319091796875,26.65951156616211
2025-08-04,47.7646369934082,85.52242279052734,310.9100036621094,91.54487609863281,104.0819320678711,622.706787109375,83.54679870605469,26.64984130859375
2025-08-05,47.90195083618164,85.51275634765625,311.1600036621094,91.47798919677734,104.15775299072266,619.5496826171875,83.80293273925781,26.64984130859375
2025-08-06,48.12752914428711,86.07355499267578,310.5,91.41110229492188,104.12931823730469,624.2952270507812,83.319091796875,26.49512481689453
2025-08-07,48.52965545654297,86.84707641601562,313.1199951171875,91.34420776367188,104.02506256103516,623.7722778320312,83.1767807006836,26.475786209106445
2025-08-08,48.490421295166016,87.37887573242188,313.04998779296875,91.13400268554688,103.693359375,628.6361694335938,82.81624603271484,26.52413558959961
2025-08-11,48.353111267089844,87.01144409179688,308.54998779296875,91.16268157958984,103.85447692871094,627.39306640625,82.91112518310547,26.630502700805664
2025-08-12,48.94158935546875,88.07503509521484,308.2699890136719,91.1435775756836,103.9492416381836,634.0723266601562,82.4936752319336,26.49512481689453
2025-08-13,49.53006362915039,88.6068344116211,309.2099914550781,91.46842956542969,104.49893951416016,636.2428588867188,83.1767807006836,26.42743682861328
2025-08-14,48.921974182128906,88.61650848388672,307.25,91.1722412109375,104.1387939453125,636.3020629882812,82.5600814819336,26.52413558959961
2025-08-15,48.98081970214844,89.13863372802734,307.42999267578125,90.99071502685547,104.00608825683594,634.812255859375,81.97186279296875,26.43710708618164
2025-08-18,49.2652473449707,89.04193878173828,306.95001220703125,90.90470123291016,103.8165512084961,634.6741333007812,81.73469543457031,26.50479507446289
2025-08-19,48.86312484741211,89.0516128540039,305.2699890136719,91.13400268554688,103.9776611328125,631.23095703125,82.20906829833984,26.57248306274414
2025-08-20,48.79446792602539,89.37068939208984,308.3599853515625,91.26778411865234,104.02506256103516,629.5537109375,82.38932800292969,26.553142547607422
2025-08-21,48.686580657958984,88.80988311767578,307.2900085449219,91.000244140625,103.62700653076172,627.028076171875,81.98135375976562,26.688520431518555
2025-08-22,49.65756607055664,90.14421844482422,310.5799865722656,91.50662994384766,104.44205474853516,636.6572265625,82.58855438232422,26.42743682861328
2025-08-25,49.37313461303711,88.95491790771484,309.8299865722656,91.32512664794922,104.167236328125,633.855224609375,82.35135650634766,26.64017105102539
2025-08-26,49.245635986328125,88.85823822021484,312.0799865722656,91.56398010253906,104.2430419921875,636.5091552734375,82.3039321899414,26.57248306274414
2025-08-27,48.95139694213867,88.64551544189453,312.7099914550781,91.73596954345703,104.28094482421875,637.9595947265625,82.20906829833984,26.5821533203125
2025-08-28,49.13774871826172,88.97425842285156,315.0299987792969,91.94618225097656,104.44205474853516,640.21875,82.74984741210938,26.485454559326172
2025-08-29,48.90235900878906,88.45213317871094,318.07000732421875,91.8697509765625,104.06297302246094,636.4006958007812,82.16161346435547,26.46611785888672
2025-09-02,48.86312484741211,87.58192443847656,325.5899963378906,91.5955810546875,103.71488189697266,631.6847534179688,81.55018615722656,26.64017105102539
2025-09-03,49.049476623535156,87.71728515625,328.1400146484375,91.91192626953125,104.33308410644531,635.108154296875,82.4454116821289,26.59182357788086
2025-09-04,48.892547607421875,88.3554458618164,326.69000244140625,92.3241195678711,105.04637145996094,640.4161376953125,83.07396697998047,26.630502700805664
2025-09-05,49.48102569580078,88.75187683105469,331.04998779296875,92.774658203125,105.73115539550781,638.561279296875,84.3405990600586,26.49512481689453
2025-09-08,49.93218994140625,89.64142608642578,334.82000732421875,93.06226348876953,106.10206604003906,640.1300048828125,85.46438598632812,26.408098220825195
2025-09-09,50.206809997558594,89.34168243408203,334.05999755859375,92.84178161621094,105.911865234375,641.6098022460938,84.97867584228516,26.51446533203125
2025-09-10,50.55009078979492,89.32234191894531,335.260009765625,93.09101867675781,106.22572326660156,643.4646606445312,85.46438598632812,26.53380584716797
2025-09-11,51.28568649291992,90.26991271972656,334.760009765625,93.23480224609375,106.72027587890625,648.81201171875,86.03579711914062,26.44677734375
2025-09-12,51.25625991821289,89.91215515136719,335.4200134277344,92.96639251708984,106.53006744384766,648.5949096679688,85.66438293457031,26.485454559326172
2025-09-15,51.628963470458984,90.51163482666016,338.9100036621094,93.11978149414062,106.86293029785156,652.0479736328125,85.86437225341797,26.398427963256836
2025-09-16,52.011470794677734,90.26023864746094,339.5899963378906,93.17729187011719,106.76782989501953,651.150146484375,86.0453109741211,26.234041213989258
2025-09-17,52.23705291748047,89.92182159423828,336.9700012207031,92.9759750366211,106.57762908935547,650.3412475585938,85.82627868652344,26.321069717407227
2025-09-18,52.10955047607422,90.26991271972656,335.6199951171875,92.66922760009766,106.3588638305664,653.3799438476562,84.94058990478516,26.44677734375
2025-09-19,51.991851806640625,89.92182159423828,339.17999267578125,92.6308822631836,106.27326202392578,656.6160278320312,84.77867889404297,26.52413558959961
2025-09-22,52.246864318847656,90.21189880371094,345.04998779296875,92.47750091552734,106.0354995727539,659.7224731445312,84.47393035888672,26.42743682861328
2025-09-23,52.276283264160156,90.03784942626953,346.4599914550781,92.736328125,106.24473571777344,656.1312866210938,85.06439208984375,26.408098220825195
2025-09-24,52.0997428894043,89.5157241821289,343.32000732421875,92.48709869384766,105.8167495727539,654.043701171875,84.7406005859375,26.60149383544922
2025-09-25,51.79569625854492,88.87757110595703,344.75,92.28578186035156,105.62654113769531,651.0263061523438,84.7406005859375,26.785219192504883
2025-09-26,51.69761657714844,89.56407165527344,346.739990234375,92.23785400390625,105.76920318603516,654.756103515625,84.66439819335938,26.688520431518555
2025-09-29,52.16839599609375,89.91215515136719,352.4599914550781,92.50626373291016,106.12110900878906,656.5962524414062,85.35961151123047,26.630502700805664
2025-09-30,52.374366760253906,90.27957916259766,355.4700012207031,92.4679183959961,106.01647186279297,659.0695190429688,85.11200714111328,26.60149383544922
2025-10-01,52.78629684448242,91.02409362792969,356.0299987792969,92.77945709228516,106.44220733642578,661.3153686523438,85.3318099975586,26.59182357788086
2025-10-02,53.031494140625,91.16912841796875,354.7900085449219,92.8756103515625,106.61404418945312,662.0769653320312,85.5802993774414,26.630502700805664
2025-10-03,53.18842315673828,91.93297576904297,357.6400146484375,92.69291687011719,106.48040008544922,662.0671997070312,85.41781616210938,26.5821533203125
2025-10-06,53.433624267578125,92.14569854736328,364.3800048828125,92.4236831665039,106.13677215576172,664.4415893554688,84.73930358886719,26.707860946655273
2025-10-07,53.021690368652344,91.34317016601562,366.260009765625,92.65445709228516,106.33721923828125,661.9781494140625,85.22669219970703,26.862577438354492
2025-10-08,53.44343185424805,91.61389923095703,372.29998779296875,92.6736831665039,106.20356750488281,665.925537109375,85.29358673095703,26.920595169067383
2025-10-09,52.89418411254883,90.85972595214844,365.42999267578125,92.60637664794922,105.99358367919922,663.9963989257812,85.22669219970703,27.104320526123047
2025-10-10,50.942405700683594,89.18697357177734,369.1199951171875,93.18330383300781,106.28948211669922,646.0499877929688,86.60285949707031,26.968942642211914
2025-10-13,52.42340850830078,89.9024887084961,378.0899963378906,93.23136901855469,106.65221405029297,655.9630126953125,86.5550765991211,27.065641403198242
2025-10-14,51.9526252746582,90.30858612060547,380.7900085449219,93.47176361083984,107.00540161132812,655.1616821289062,86.83220672607422,26.988283157348633
2025-10-15,52.80591583251953,90.74369049072266,387.3900146484375,93.36600494384766,107.00540161132812,658.0702514648438,86.64108276367188,26.910924911499023
2025-10-16,53.149192810058594,91.21746826171875,396.45001220703125,93.7987060546875,107.31085205078125,653.5886840820312,87.29093933105469,26.80455780029297
2025-10-17,53.13938522338867,91.38185119628906,388.989990234375,93.64484405517578,107.10084533691406,657.2986450195312,87.15714263916016,26.833566665649414
2025-10-20,53.865169525146484,92.13602447509766,403.1499938964844,93.76984405517578,107.42539978027344,664.1348266601562,87.49163055419922,26.901254653930664
2025-10-21,53.26688766479492,91.45919036865234,377.239990234375,93.94292449951172,107.44448852539062,664.1249389648438,87.92169189453125,27.00762367248535
2025-10-22,53.21784591674805,91.3238296508789,377.2799987792969,93.96216583251953,107.54949188232422,660.6721801757812,87.97901153564453,26.978612899780273
2025-10-23,53.688629150390625,91.749267578125,378.7900085449219,93.65446472167969,107.41584777832031,664.5899658203125,87.376953125,26.988283157348633
2025-10-24,54.04171371459961,91.89430236816406,377.5199890136719,93.74099731445312,107.59722137451172,670.0213623046875,87.4151840209961,26.988283157348633
2025-10-27,54.63999557495117,92.53245544433594,367.010009765625,93.74099731445312,107.77859497070312,677.926025390625,87.71142578125,26.959272384643555
2025-10-28,54.62038040161133,92.49378204345703,364.3800048828125,93.82752990722656,107.78812408447266,679.7266845703125,87.94078826904297,26.9399356842041
2025-10-29,54.934234619140625,91.9716567993164,363.0,93.22177124023438,107.17721557617188,680.0531616210938,87.05200958251953,27.094650268554688
2025-10-30,54.36537551879883,91.56555938720703,370.1300048828125,93.08714294433594,106.60448455810547,672.5738525390625,86.54551696777344,27.201017379760742
2025-10-31,54.23787307739258,91.36251068115234,368.1199951171875,93.12561798095703,106.17493438720703,674.780029296875,86.28748321533203,27.27837562561035
2025-11-03,54.581153869628906,91.40118408203125,368.7799987792969,93.08124542236328,105.88945770263672,676.04638671875,86.0716781616211,27.297714233398438
2025-11-04,53.58074188232422,90.46328735351562,362.32000732421875,93.19699096679688,106.03314971923828,668.0328369140625,86.26351928710938,27.384742736816406
2025-11-05,54.06132888793945,91.0434341430664,366.510009765625,92.75328826904297,105.71700286865234,670.347900390625,85.32357788085938,27.394412994384766
2025-11-06,53.65920639038086,90.84037780761719,366.07000732421875,93.2259292602539,106.27263641357422,663.1554565429688,86.09088134765625,27.249366760253906
2025-11-07,53.50227737426758,91.17880249023438,368.30999755859375,93.26451873779297,106.06189727783203,663.808349609375,85.90862274169922,27.230026245117188
2025-11-10,54.4438362121582,92.13602447509766,378.3800048828125,93.13911437988281,106.11936950683594,674.1666259765625,85.88945770263672,27.249366760253906
2025-11-11,54.502685546875,92.81285858154297,379.8699951171875,93.42848205566406,106.54090118408203,675.7099609375,86.2826919555664,27.2106876373291
2025-11-12,54.51249313354492,93.3639907836914,385.989990234375,93.44778442382812,106.43551635742188,676.0859375,86.43616485595703,27.220355987548828
2025-11-13,53.87498092651367,92.36808013916016,382.8699951171875,93.17769622802734,105.90859985351562,664.866943359375,85.72640228271484,27.14299964904785
2025-11-14,53.90440368652344,92.10702514648438,375.9599914550781,93.02336883544922,105.6212158203125,664.7581787109375,85.23725128173828,27.181678771972656
2025-11-17,53.26688766479492,90.9080581665039,371.6499938964844,93.12947845458984,105.68826293945312,658.56494140625,85.44824981689453,27.249366760253906
2025-11-18,53.0020751953125,89.72844696044922,374.3500061035156,93.28378295898438,105.73616027832031,653.03466796875,85.41947937011719,27.27837562561035
2025-11-19,52.81571960449219,89.45771026611328,374.9599914550781,93.2162857055664,105.74573516845703,655.5574340820312,85.246826171875,27.452430725097656
2025-11-20,52.08993911743164,88.22007751464844,374.8500061035156,93.4381332397461,105.88945770263672,645.5652465820312,85.5825424194336,27.471771240234375
2025-11-21,52.08012390136719,89.58341217041016,374.2699890136719,93.74679565429688,106.26307678222656,651.995849609375,85.84149932861328,27.452430725097656
2025-11-24,52.629371643066406,89.66075897216797,380.20001220703125,93.8914794921875,106.68460845947266,661.59228515625,86.33065795898438,27.452430725097656
2025-11-25,52.81571960449219,90.73401641845703,380.0799865722656,94.13263702392578,106.9815902709961,667.815185546875,86.5512466430664,27.375072479248047
2025-11-26,53.19823455810547,91.72993469238281,383.1199951171875,94.20980072021484,107.34563446044922,672.4254150390625,86.93488311767578,27.297714233398438
2025-11-28,53.27669143676758,92.03934478759766,387.8800048828125,94.04582214355469,107.16361999511719,676.0958251953125,86.52246856689453,27.27837562561035
2025-12-01,53.237464904785156,91.58489227294922,389.75,93.54080963134766,106.58954620361328,673.0091552734375,85.44537353515625,27.268707275390625
2025-12-02,53.257080078125,91.89430236816406,387.239990234375,93.61819458007812,106.6568603515625,674.2556762695312,85.48387908935547,27.259037017822266
2025-12-03,53.29631042480469,92.3874282836914,386.8800048828125,93.81169891357422,106.89724731445312,676.5905151367188,85.72451782226562,27.123659133911133
2025-12-04,53.28650665283203,92.63880920410156,387.1300048828125,93.5214614868164,106.70494079589844,677.085205078125,85.26249694824219,27.181678771972656
2025-12-05,53.688629150390625,92.63880920410156,386.44000244140625,93.3279800415039,106.59917449951172,678.3712158203125,84.86785125732422,27.152667999267578
2025-12-08,53.5709342956543,92.34874725341797,385.4200134277344,93.1344985961914,106.37800598144531,676.3333129882812,84.58871459960938,27.191349029541016
2025-12-09,53.482662200927734,92.2230453491211,387.3999938964844,92.9990463256836,106.24339294433594,675.74951171875,84.67534637451172,27.230026245117188
2025-12-10,54.0809440612793,93.24797058105469,389.04998779296875,93.29895782470703,106.73377990722656,680.231201171875,85.00260162353516,27.084980010986328
2025-12-11,53.8259391784668,93.79910278320312,393.239990234375,93.30863952636719,106.5799331665039,681.8140869140625,84.88710021972656,26.988283157348633
2025-12-12,53.19823455810547,93.30598449707031,395.44000244140625,93.0571060180664,105.9356918334961,674.4832153320312,84.06893157958984,27.026962280273438
2025-12-15,53.04130935668945,93.8764419555664,395.79998779296875,93.1344985961914,106.06068420410156,673.4641723632812,84.12669372558594,27.00762367248535
2025-12-16,52.70604705810547,93.44133758544922,395.8900146484375,93.39569854736328,106.30107116699219,671.6240844726562,84.58871459960938,26.978612899780273
2025-12-17,52.32801055908203,92.68333435058594,399.2900085449219,93.37633514404297,106.1856918334961,664.2338256835938,84.51171875,27.036630630493164
2025-12-18,52.92491149902344,93.3428955078125,398.57000732421875,93.61819458007812,106.58954620361328,669.2495727539062,84.9159927368164,27.055971145629883
2025-12-19,53.442222595214844,93.9729232788086,399.0199890136719,93.40760040283203,106.31538391113281,675.3153686523438,84.59904479980469,27.14299964904785
2025-12-22,53.73072052001953,94.20918273925781,408.2300109863281,93.31053924560547,106.29607391357422,679.5224609375,84.41543579101562,27.030000686645508
2025-12-23,54.029170989990234,94.79000091552734,413.6400146484375,93.27171325683594,106.40226745605469,682.6282348632812,84.55072021484375,26.940000534057617
2025-12-24,54.13859939575195,94.90813446044922,411.92999267578125,93.51435852050781,106.81736755371094,685.0294799804688,85.0628662109375,26.950000762939453
2025-12-26,54.51663589477539,95.06563568115234,416.739990234375,93.60171508789062,106.80773162841797,684.9600219726562,84.78263854980469,26.969999313354492
2025-12-29,54.37736129760742,94.7801513671875,398.6000061035156,93.73758697509766,106.9525375366211,682.51904296875,85.10151672363281,26.979999542236328
2025-12-30,54.596221923828125,94.93766021728516,398.8900146484375,93.64054107666016,106.82704162597656,681.685546875,84.89859008789062,27.049999237060547
2025-12-31,54.427101135253906,94.53404235839844,396.30999755859375,93.32994842529297,106.37330627441406,676.635009765625,84.2221908569336,27.030000686645508
2026-01-02,55.94919204711914,95.52831268310547,398.2799987792969,93.2522964477539,106.34436798095703,677.8753051757812,84.09654998779297,27.110000610351562
2026-01-05,56.565982818603516,96.62102508544922,408.760009765625,93.53376770019531,106.64360809326172,682.3900756835938,84.51207733154297,27.06999969482422
2026-01-06,56.98381042480469,96.76869201660156,413.17999267578125,93.4658203125,106.64360809326172,686.4483642578125,84.33814239501953,27.15999984741211
2026-01-07,56.556034088134766,96.40444946289062,409.2300109863281,93.64054107666016,106.72084045410156,684.2356567382812,84.83094024658203,27.200000762939453
2026-01-08,56.575931549072266,96.41429901123047,411.489990234375,93.35907745361328,106.42158508300781,684.1661987304688,84.4057846069336,27.270000457763672
2026-01-09,56.84453582763672,97.27073669433594,414.4700012207031,93.4658203125,106.80773162841797,688.6908569335938,84.96623229980469,27.329999923706055
2026-01-12,57.64039611816406,97.86139678955078,422.2300109863281,93.34935760498047,106.68224334716797,689.7723388671875,84.7149887084961,27.280000686645508
2026-01-13,57.21261978149414,97.3002700805664,421.6300048828125,93.4658203125,106.91390991210938,688.3931884765625,84.85993957519531,27.350000381469727
2026-01-14,57.45138168334961,97.75311279296875,425.94000244140625,93.65994262695312,107.18421173095703,685.009521484375,85.35274505615234,27.329999923706055
2026-01-15,57.78962326049805,97.71372985839844,423.3299865722656,93.4658203125,107.04906463623047,686.875,85.33341217041016,27.43000030517578
2026-01-16,57.57075881958008,97.97952270507812,421.2900085449219,93.10671997070312,106.74014282226562,686.299560546875,84.84062194824219,27.43000030517578
2026-01-20,57.01365661621094,96.4930419921875,437.2300109863281,92.73789978027344,106.09335327148438,672.3286743164062,83.72937774658203,27.209999084472656
2026-01-21,57.958744049072266,97.48731231689453,443.6000061035156,92.98055267333984,106.7304916381836,680.0880737304688,84.36712646484375,27.270000457763672
2026-01-22,58.39646911621094,97.8712387084961,451.7900085449219,92.97083282470703,106.93321990966797,683.6403198242188,84.73431396484375,27.149999618530273
2026-01-23,58.764556884765625,98.41267395019531,458.0,93.12611389160156,107.00078582763672,683.8883056640625,84.96623229980469,26.90999984741211
2026-01-26,58.864036560058594,98.9048843383789,464.70001220703125,93.26200866699219,107.0876693725586,687.3612060546875,85.37207794189453,26.780000686645508
2026-01-27,60.02798843383789,100.49964141845703,476.1000061035156,93.15525817871094,106.97183990478516,690.099853515625,84.84062194824219,26.469999313354492
2026-01-28,60.43586730957031,99.43647003173828,494.55999755859375,93.07760620117188,106.81736755371094,690.0303955078125,84.64735412597656,26.6299991607666
2026-01-29,60.127471923828125,100.10588073730469,495.8999938964844,93.1746597290039,106.84634399414062,688.6610717773438,84.66668701171875,26.59000015258789
2026-01-30,58.79439926147461,99.17066955566406,444.95001220703125,93.1164321899414,106.74014282226562,686.6071166992188,84.19319152832031,26.850000381469727
2026-02-02,58.97346878051758,99.82039642333984,427.1300048828125,92.93335723876953,106.64131164550781,690.0204467773438,83.95263671875,26.989999771118164
2026-02-03,59.291812896728516,99.86961364746094,454.2900085449219,93.02098846435547,106.68975830078125,684.18603515625,84.15633392333984,26.920000076293945
2026-02-04,58.49595260620117,100.19447326660156,453.9700012207031,93.00151824951172,106.55410766601562,680.8718872070312,83.94293212890625,27.010000228881836
2026-02-05,58.22734832763672,98.7670669555664,441.8800048828125,93.54681396484375,107.0676498413086,672.3683471679688,84.85472106933594,27.09000015258789
2026-02-06,59.75938415527344,101.01154327392578,455.4599914550781,93.54681396484375,107.12577819824219,685.267578125,84.91291809082031,27.010000228881836
2026-02-09,60.19710922241211,102.37004089355469,467.0299987792969,93.56629180908203,107.12577819824219,688.57177734375,84.89352416992188,26.790000915527344
2026-02-10,60.286643981933594,102.61614990234375,462.3999938964844,93.97525787353516,107.3777084350586,686.7559204101562,85.87321472167969,26.799999237060547
2026-02-11,61.24168014526367,103.30525207519531,467.6300048828125,93.71234893798828,107.26142883300781,686.5972290039062,85.41731262207031,26.829999923706055
2026-02-12,60.5452995300293,102.52755737304688,451.3900146484375,94.28684997558594,107.7652816772461,675.9900512695312,86.55221557617188,26.81999969482422
2026-02-13,60.803955078125,102.61614990234375,462.6199951171875,94.65686798095703,108.12378692626953,676.4663696289062,87.02750396728516,26.81999969482422
2026-02-17,60.55524826049805,102.59646606445312,448.20001220703125,94.64713287353516,108.2303695678711,677.5578002929688,87.17301177978516,26.90999984741211
2026-02-18,60.873592376708984,102.71459197998047,458.2799987792969,94.45238494873047,108.12378692626953,680.9711303710938,86.84320831298828,27.079999923706055
2026-02-19,60.724369049072266,102.42911529541016,459.55999755859375,94.5400161743164,108.21099090576172,679.1751098632812,86.93049621582031,27.1200008392334
2026-02-20,62.01764678955078,103.265869140625,468.6199951171875,94.5400161743164,108.12378692626953,684.0868530273438,86.72682189941406,27.09000015258789
2026-02-23,61.331214904785156,102.84256744384766,481.2799987792969,94.8808364868164,108.24005889892578,677.1013793945312,87.04690551757812,27.09000015258789
2026-02-24,62.296199798583984,103.02960968017578,474.6099853515625,94.86135864257812,108.21099090576172,682.0228881835938,87.20210266113281,27.110000610351562
2026-02-25,62.98263168334961,104.0140380859375,473.4200134277344,94.783447265625,108.18192291259766,687.7779541015625,87.2118148803711,27.079999923706055
2026-02-26,62.38573455810547,103.92543029785156,477.4800109863281,95.03663635253906,108.24974822998047,683.957763671875,87.56098937988281,27.100000381469727
2026-02-27,62.25640869140625,103.73838806152344,483.75,95.41638946533203,108.21099090576172,680.6734008789062,88.09449005126953,27.079999923706055
2026-03-02,61.18199157714844,101.6907958984375,490.0,94.84315490722656,107.84443664550781,681.0604858398438,87.20984649658203,27.329999923706055
2026-03-03,58.117916107177734,98.53079986572266,468.1400146484375,94.7357177734375,107.79584503173828,675.057373046875,87.03466033935547,27.459999084472656
2026-03-04,58.744659423828125,99.80070495605469,471.79998779296875,94.54041290283203,107.89306640625,679.8201904296875,86.76215362548828,27.40999984741211
2026-03-05,57.33200454711914,97.61529541015625,466.1300048828125,94.24744415283203,107.46526336669922,676.0297241210938,86.41180419921875,27.479999542236328
2026-03-06,57.02360534667969,96.74899291992188,473.510009765625,94.18885040283203,107.10552215576172,667.1689453125,86.09063720703125,27.469999313354492
2026-03-09,58.147762298583984,97.44793701171875,472.5299987792969,94.48182678222656,107.7472152709961,673.0133056640625,86.84001922607422,27.459999084472656
2026-03-10,58.37657165527344,97.67435455322266,477.8599853515625,94.17909240722656,107.00828552246094,671.9317016601562,85.91546630859375,27.450000762939453
2026-03-11,58.52579879760742,97.4676284790039,476.239990234375,93.74940490722656,106.13325500488281,671.0883178710938,84.8060073852539,27.549999237060547
2026-03-12,56.655517578125,95.9417724609375,466.8800048828125,93.44666290283203,105.55960845947266,660.8978881835938,84.64054870605469,27.68000030517578
2026-03-13,56.50629425048828,94.79984283447266,460.8399963378906,93.34900665283203,105.17069244384766,657.1571655273438,84.22208404541016,27.889999389648438
2026-03-16,58.078125,96.5718002319336,460.42999267578125,93.76893615722656,105.67626953125,663.8449096679688,84.8741226196289,27.729999542236328
2026-03-17,58.44620895385742,96.83760070800781,459.2699890136719,93.93495178222656,106.26936340332031,665.5912475585938,85.1076889038086,27.68000030517578
2026-03-18,57.262367248535156,95.18376922607422,444.739990234375,93.5052719116211,105.69571685791016,656.3038330078125,84.63081359863281,27.850000381469727
2026-03-19,57.322052001953125,95.01641082763672,426.4100036621094,93.49549865722656,106.16240692138672,654.6864013671875,85.14662170410156,27.579999923706055
2026-03-20,55.352291107177734,92.1320571899414,413.3800048828125,92.65565490722656,104.85955810546875,645.301025390625,83.53108215332031,27.68000030517578
2026-03-23,57.01365661621094,94.34700012207031,404.0400085449219,92.94862365722656,105.54988098144531,652.07666015625,84.07608032226562,27.559999465942383
2026-03-24,56.22774124145508,93.78588104248047,404.1300048828125,92.6361312866211,105.33598327636719,649.8877563476562,83.70626068115234,27.649999618530273
2026-03-25,57.123085021972656,95.15423583984375,416.2900085449219,93.12440490722656,105.71516418457031,653.5093994140625,84.5140380859375,27.700000762939453
2026-03-26,55.18317413330078,93.18539428710938,400.6400146484375,92.37244415283203,104.88874053955078,641.8385620117188,83.80358123779297,27.809999465942383
2026-03-27,54.91456985473633,92.33879089355469,414.70001220703125,92.3822250366211,104.63595581054688,630.8939819335938,83.34617614746094,27.84000015258789
2026-03-30,54.466896057128906,92.60457611083984,414.5799865722656,93.03650665283203,105.30680847167969,628.78466796875,84.45563507080078,27.979999542236328
2026-03-31,56.49634552001953,95.61690521240234,430.2900085449219,93.20252990722656,105.96795654296875,647.0620727539062,84.36805725097656,27.780000686645508
2026-04-01,56.9340705871582,97.07386016845703,437.82000732421875,93.12120819091797,106.0811996459961,651.9373779296875,84.28500366210938,27.729999542236328
2026-04-02,56.29737854003906,96.47335815429688,429.4100036621094,93.33677673339844,106.53028106689453,652.5244140625,84.8028564453125,27.860000610351562
2026-04-06,56.814693450927734,96.95572662353516,427.6499938964844,93.09181213378906,106.36431121826172,655.6088256835938,84.66606140136719,27.829999923706055
2026-04-07,57.01365661621094,96.81790161132812,431.80999755859375,93.32695770263672,106.48148345947266,655.8972778320312,84.65629577636719,27.75
2026-04-08,60.127471923828125,100.59809112548828,434.5299987792969,93.5327377319336,106.89149475097656,672.6027221679688,84.92989349365234,27.530000686645508
2026-04-09,59.968299865722656,100.36182403564453,437.9100036621094,93.50333404541016,106.89149475097656,676.4829711914062,84.71491241455078,27.479999542236328
2026-04-10,60.24685287475586,100.58824157714844,437.1300048828125,93.3465576171875,106.60838317871094,676.0353393554688,84.50973510742188,27.440000534057617
2026-04-13,60.754215240478516,101.20842742919922,435.3599853515625,93.55233764648438,107.0184097290039,682.641845703125,84.76376342773438,27.3799991607666
2026-04-14,61.91816711425781,102.02549743652344,445.0899963378906,93.85607147216797,107.36988830566406,690.959716796875,85.2132339477539,27.31999969482422
2026-04-15,61.87837219238281,101.70063781738281,440.4599914550781,93.65031433105469,107.33082580566406,696.412109375,84.84194946289062,27.290000915527344
2026-04-16,62.127079010009766,101.40531158447266,440.0799865722656,93.4837417602539,106.83292388916016,698.1234130859375,84.30453491210938,27.3700008392334
2026-04-17,63.3109245300293,102.69490814208984,445.92999267578125,93.99323272705078,107.4284439086914,706.5607299804688,85.07645416259766,27.360000610351562
2026-04-20,62.85330581665039,102.29129791259766,442.0899963378906,93.9050521850586,107.41868591308594,705.1477661132812,85.0569076538086,27.31999969482422
2026-04-21,61.9281120300293,100.04680633544922,429.57000732421875,93.4935302734375,107.00865936279297,700.53125,84.58789825439453,27.469999313354492
2026-04-22,63.052268981933594,100.38151550292969,435.260009765625,93.59151458740234,107.21366882324219,707.6253051757812,84.7540054321289,27.479999542236328
2026-04-23,62.02759552001953,99.66288757324219,431.0400085449219,93.44454956054688,106.92078399658203,704.8792114257812,84.56835174560547,27.530000686645508
2026-04-24,63.41040802001953,100.18462371826172,433.25,93.63069915771484,106.99888610839844,710.341552734375,84.72469329833984,27.479999542236328
2026-04-27,63.3109245300293,99.80070495605469,429.8900146484375,93.41514587402344,106.69625091552734,711.5653076171875,84.30453491210938,27.450000762939453
2026-04-28,62.66428756713867,99.38724517822266,421.9100036621094,93.32695770263672,106.74506378173828,708.1028442382812,84.39248657226562,27.530000686645508
2026-04-29,62.36583709716797,98.373291015625,417.4100036621094,92.88605499267578,106.14954376220703,707.993408203125,83.73780822753906,27.610000610351562
2026-04-30,63.65911865234375,100.72605895996094,423.6600036621094,93.06241607666016,106.26669311523438,715.0377197265625,83.65965270996094,27.360000610351562
2026-05-01,63.79838943481445,100.50949096679688,423.17999267578125,93.13319396972656,106.43821716308594,717.0177001953125,83.95877075195312,27.40999984741211
2026-05-04,63.7685432434082,99.13129425048828,414.7099914550781,92.78913116455078,106.09517669677734,714.3909912109375,83.32130432128906,27.479999542236328
2026-05-05,65.06182861328125,100.45042419433594,418.2699890136719,92.9267578125,106.48721313476562,720.1220092773438,83.78223419189453,27.5
2026-05-06,67.1410140991211,103.1772689819336,430.9599914550781,93.38878631591797,107.01647186279297,730.1312866210938,84.4197006225586,27.350000381469727
2026-05-07,66.24566650390625,101.28718566894531,431.67999267578125,93.10370635986328,106.57542419433594,727.8926391601562,83.99800109863281,27.40999984741211
2026-05-08,67.58869171142578,102.34051513671875,433.7699890136719,93.34947967529297,107.0262680053711,733.9021606445312,84.4197006225586,27.34000015258789
2026-05-11,67.53894805908203,102.12393951416016,434.6499938964844,93.03489685058594,106.76164245605469,735.5736694335938,83.90972900390625,27.350000381469727
2026-05-12,65.47965240478516,101.53328704833984,432.92999267578125,92.72032165527344,106.39900970458984,734.4593505859375,83.35072326660156,27.450000762939453
2026-05-13,66.86246490478516,102.21253967285156,430.5,92.72032165527344,106.45781707763672,738.5685424804688,83.16438293457031,27.510000228881836
2026-05-14,67.03158569335938,101.84830474853516,427.2099914550781,92.66134643554688,106.38920593261719,744.3989868164062,83.28206634521484,27.6200008392334
2026-05-15,64.73352813720703,100.13540649414062,417.2900085449219,91.924072265625,105.71294403076172,735.4443969726562,82.04637908935547,27.770000457763672
2026-05-18,64.63404846191406,101.0607681274414,418.42999267578125,91.8847427368164,105.51692962646484,734.927001953125,81.94830322265625,27.700000762939453
2026-05-19,63.9277229309082,100.33229064941406,411.5,91.53084564208984,104.98767852783203,730.0317993164062,81.41871643066406,27.790000915527344
2026-05-20,65.12151336669922,102.00581359863281,417.3999938964844,92.15015411376953,105.80113983154297,737.5138549804688,82.29155731201172,27.729999542236328
2026-05-21,65.68856811523438,102.56693267822266,416.989990234375,92.20914459228516,106.01676177978516,738.9764404296875,82.59557342529297,27.729999542236328
2026-05-22,65.53933715820312,102.3602066040039,413.82000732421875,92.28778839111328,106.2127914428711,741.8817749023438,83.04670715332031,27.770000457763672
2026-05-26,68.04631042480469,103.4922866821289,414.0,92.6810073852539,106.6146240234375,746.8068237304688,83.45861053466797,27.75
2026-05-27,68.03636169433594,103.13789367675781,408.489990234375,92.72032165527344,106.76164245605469,746.677490234375,83.65474700927734,27.75
2026-05-28,68.2552261352539,103.05914306640625,412.7699890136719,92.93659973144531,107.08506774902344,750.7965698242188,84.08625030517578,27.700000762939453
2026-05-29,68.24527740478516,103.16743469238281,417.1199951171875,93.04472351074219,107.18307495117188,752.6671142578125,84.10587310791016,27.65999984741211
2026-06-01,69.7176284790039,102.81304168701172,411.260009765625,92.88394927978516,107.1663589477539,754.7167358398438,84.15116882324219,27.760000228881836
2026-06-02,70.43390655517578,103.38399505615234,411.95001220703125,92.95299530029297,107.15650177001953,755.7415771484375,84.3283920288086,27.760000228881836
2026-06-03,69.5584487915039,102.4980239868164,407.8699951171875,92.71627044677734,106.86137390136719,750.4384155273438,83.9936294555664,27.860000610351562
2026-06-04,68.74269104003906,103.3150863647461,411.2699890136719,92.83464050292969,107.087646484375,753.2740478515625,84.18069458007812,27.84000015258789
2026-06-05,64.25601196289062,100.66699981689453,396.239990234375,92.34146881103516,106.41865539550781,733.83251953125,83.74749755859375,28.020000457763672
2026-06-08,65.4100112915039,101.27733612060547,397.2699890136719,92.2428207397461,106.31044006347656,735.4940795898438,83.31427764892578,28.030000686645508
2026-06-09,65.47965240478516,101.29702758789062,390.7799987792969,92.49927520751953,106.65477752685547,733.3350219726562,83.80656433105469,28.010000228881836
2026-06-10,64.32565307617188,99.98774719238281,374.5799865722656,92.41051483154297,106.40882110595703,721.7736206054688,83.57026672363281,28.049999237060547
2026-06-11,67.15096282958984,103.09852600097656,386.32000732421875,93.0516357421875,107.31392669677734,734.04150390625,84.65330505371094,27.950000762939453
2026-06-12,67.52899932861328,103.38399505615234,386.5400085449219,92.8938217163086,107.24505615234375,738.0113525390625,84.44652557373047,27.950000762939453
2026-06-15,69.75,104.08000183105469,396.54998779296875,92.9924545288086,107.22537994384766,751.0254516601562,84.39730834960938,27.969999313354492
2026-06-16,68.63999938964844,104.30999755859375,397.6300048828125,93.22917175292969,107.35327911376953,746.5481567382812,84.86006164550781,27.93000030517578
2026-06-17,68.55999755859375,103.77999877929688,388.6000061035156,92.73600006103516,107.00894927978516,737.225341796875,84.9979019165039,28.18000030517578
2026-06-18,70.79000091552734,104.41000366210938,387.1199951171875,93.07135772705078,107.30408477783203,744.8902587890625,85.41141510009766,28.299999237060547
2026-06-22,71.20999908447266,104.58000183105469,384.5899963378906,92.71627044677734,107.0187759399414,742.546142578125,84.76158905029297,28.360000610351562
2026-06-23,67.16999816894531,102.45999908447266,377.32000732421875,92.83464050292969,107.14668273925781,731.7628784179688,84.8698959350586,28.450000762939453
2026-06-24,67.25,102.26000213623047,365.9200134277344,93.43631744384766,107.63858795166016,731.4237060546875,86.03168487548828,28.530000686645508
2026-06-25,67.95999908447266,103.1500015258789,369.4599914550781,93.49549102783203,107.72712707519531,732.4810791015625,86.00215911865234,28.479999542236328
2026-06-26,67.19000244140625,102.54000091552734,373.6300048828125,93.73220825195312,107.72712707519531,727.1842651367188,86.01200103759766,28.459999084472656
2026-06-29,67.43000030517578,103.44999694824219,368.5799865722656,93.76178741455078,107.92388153076172,739.1644897460938,86.10061645507812,28.3700008392334
2026-06-30,68.41000366210938,103.87999725341797,368.3800048828125,93.27848815917969,107.30408477783203,744.9202270507812,85.08650207519531,28.40999984741211
2026-07-01,66.4800033569336,103.0199966430664,370.6000061035156,93.05187225341797,107.07898712158203,743.9127197265625,84.51136779785156,28.489999771118164
2026-07-02,65.69999694824219,104.37000274658203,378.1300048828125,93.14093780517578,107.25669860839844,742.9351806640625,84.5014877319336,28.34000015258789
2026-07-06,67.56999969482422,105.45999908447266,382.1300048828125,93.20030975341797,107.28630828857422,749.4190673828125,84.44219970703125,28.31999969482422
2026-07-07,65.72000122070312,104.16000366210938,377.489990234375,92.72530364990234,106.5063705444336,745.85791015625,83.55281066894531,28.399999618530273
2026-07-08,66.2300033569336,103.36000061035156,374.45001220703125,92.53728485107422,106.29904174804688,743.5536499023438,83.36505126953125,28.360000610351562
2026-07-09,66.77999877929688,103.91999816894531,378.17999267578125,92.73519897460938,106.33853149414062,749.8480224609375,83.4935073852539,28.360000610351562
2026-07-10,66.9000015258789,104.33000183105469,377.010009765625,92.6560287475586,106.09171295166016,753.0799560546875,83.4737548828125,28.389999389648438
2026-07-13,64.5,103.23999786376953,367.1300048828125,92.319580078125,105.59808349609375,747.3142700195312,82.97965240478516,28.5
2026-07-14,65.66999816894531,103.95999908447266,372.1499938964844,92.57686614990234,105.84490203857422,749.9677124023438,83.0883560180664,28.389999389648438
2026-07-15,65.56999969482422,104.6500015258789,372.3500061035156,92.8044662475586,106.21018981933594,752.9403076171875,83.2464599609375,28.25
2026-07-16,64.19000244140625,103.80999755859375,364.9599914550781,92.74510192871094,106.13121032714844,748.8604125976562,83.2168197631836,28.34000015258789
2026-07-17,63.290000915527344,103.33000183105469,368.4100036621094,92.86383819580078,106.1904525756836,741.4487915039062,83.52316284179688,28.329999923706055
2026-07-20,63.560001373291016,102.56999969482422,367.6000061035156,92.56697845458984,105.7856674194336,740.2518310546875,82.90059661865234,28.389999389648438
2026-07-21,65.33999633789062,104.05999755859375,374.80999755859375,92.33936309814453,105.48948669433594,746.426513671875,82.67330932617188,28.479999542236328
2026-07-22,64.98999786376953,104.25,379.1199951171875,92.13154602050781,105.31177520751953,745.55859375,82.45589447021484,28.450000762939453
2026-07-23,64.5999984741211,102.9000015258789,371.5199890136719,91.88414001464844,104.9070053100586,736.3515014648438,82.18907928466797,28.559999465942383
2026-07-24,63.33000183105469,103.41000366210938,371.8999938964844,92.06227111816406,104.87738037109375,737.099609375,82.26814270019531,28.579999923706055
2026-07-27,63.619998931884766,103.91000366210938,374.6300048828125,92.3096694946289,105.15381622314453,737.25927734375,82.76223754882812,28.600000381469727
2026-07-28,62.36000061035156,103.88999938964844,369.3699951171875,92.58676147460938,105.46974182128906,739.0248413085938,83.2464599609375,28.579999923706055
2026-07-29,61.06999969482422,103.37000274658203,371.0799865722656,92.20082092285156,104.86751556396484,727.6531372070312,81.87285614013672,28.420000076293945
2026-07-30,63.59000015258789,106.23999786376953,377.1600036621094,92.24040222167969,105.05509948730469,739.852783203125,81.82345581054688,28.139999389648438
2026-07-31,64.08999633789062,105.58000183105469,371.5400085449219,91.98310852050781,104.89712524414062,745.1796264648438,81.27993774414062,28.170000076293945
2026-08-03,64.31999969482422,106.0199966430664,371.7099914550781,92.16978454589844,105.21244049072266,755.793212890625,81.5478286743164,28.170000076293945
2026-08-04,66.0,107.31999969482422,374.1600036621094,92.5967788696289,105.85694122314453,769.4193725585938,82.17289733886719,28.15999984741211
2026-08-05,65.72000122070312,107.43000030517578,389.6400146484375,92.6563491821289,105.83710479736328,767.8831787109375,82.35150146484375,28.09000015258789
2026-08-06,65.0199966430664,107.36000061035156,389.6700134277344,92.29887390136719,105.4603271484375,766.65625,81.875244140625,28.190000534057617
2026-08-07,65.63999938964844,108.55000305175781,398.4700012207031,92.517333984375,105.64871978759766,771.3446044921875,82.11337280273438,28.06999969482422
2026-08-10,65.16999816894531,108.01000213623047,402.5400085449219,92.11021423339844,105.06370544433594,771.1151733398438,81.41883850097656,28.139999389648438
2026-08-11,65.43000030517578,108.08999633789062,400.9599914550781,92.21944427490234,105.09345245361328,768.6513061523438,81.5478286743164,28.139999389648438
2026-08-12,66.45999908447266,108.5,404.9200134277344,92.30880737304688,105.22235870361328,770.5764770507812,81.46845245361328,28.200000762939453
2026-08-13,66.68000030517578,108.69000244140625,398.9599914550781,92.64643096923828,105.64871978759766,775.9531860351562,81.94469451904297,28.18000030517578
2026-08-14,66.61000061035156,108.63999938964844,401.4800109863281,92.38824462890625,105.22235870361328,774.4169921875,81.39900207519531,28.110000610351562
2026-08-17,67.31999969482422,108.44999694824219,405.489990234375,92.18964385986328,104.805908203125,770.7560424804688,80.71438598632812,28.100000381469727
2026-08-18,65.33999633789062,107.2699966430664,398.54998779296875,92.27902221679688,104.94471740722656,765.5490112304688,81.02196502685547,28.139999389648438
2026-08-19,66.11000061035156,107.66000366210938,413.8399963378906,92.72586822509766,105.66854858398438,767.1549682617188,82.371337890625,27.8799991607666
2026-08-20,66.62000274658203,107.3499984741211,415.260009765625,92.34852600097656,105.1628646850586,760.7109985351562,81.6966552734375,27.90999984741211
2026-08-21,67.12000274658203,108.23999786376953,423.3599853515625,92.16978454589844,105.02404022216797,763.8232421875,81.40892028808594,27.899999618530273
2026-08-24,66.11000061035156,108.02999877929688,426.69000244140625,92.35845947265625,105.28185272216797,761.5787963867188,81.91493225097656,27.959999084472656
2026-08-25,67.25,108.80999755859375,428.07000732421875,92.8549575805664,105.95609283447266,764.0127563476562,82.81782531738281,27.940000534057617
2026-08-26,67.16999816894531,108.2699966430664,421.32000732421875,92.66629028320312,105.87677001953125,764.182373046875,82.64915466308594,28.020000457763672
2026-08-27,67.61000061035156,108.0199966430664,422.6000061035156,92.57691955566406,105.82719421386719,769.18994140625,82.48047637939453,28.020000457763672
2026-08-28,67.13999938964844,107.72000122070312,408.8900146484375,92.19957733154297,105.45040893554688,767.4442749023438,82.23242950439453,28.18000030517578
2026-08-31,67.0199966430664,107.44999694824219,408.4200134277344,92.09034729003906,105.31159210205078,765.1499633789062,81.875244140625,28.1200008392334
2026-09-01,66.7699966430664,106.48999786376953,396.75,91.78340911865234,104.76793670654297,759.89306640625,81.54159545898438,28.209999084472656
2026-09-02,67.1500015258789,107.05999755859375,402.7799987792969,91.8631362915039,104.89737701416016,763.2646484375,81.62126922607422,28.170000076293945
2026-09-03,67.47000122070312,108.20999908447266,410.2200012207031,91.9627914428711,105.0467300415039,771.2548217773438,81.74079132080078,28.010000228881836
2026-09-04,68.69999694824219,108.3499984741211,406.7699890136719,91.93289184570312,105.02682495117188,768.2822265625,81.8802261352539,28.079999923706055
2026-09-08,68.83000183105469,107.76000213623047,399.7200012207031,91.84320831298828,105.02682495117188,764.0626831054688,81.8702621459961,27.989999771118164
2026-09-09,68.4800033569336,106.55999755859375,403.3500061035156,91.58409881591797,104.8575439453125,760.5115356445312,81.40216064453125,27.979999542236328
2026-09-10,67.0,105.66000366210938,396.3599853515625,90.86656951904297,103.91162872314453,755.9528198242188,80.45596313476562,28.030000686645508
2026-09-11,67.83999633789062,106.69999694824219,398.7699890136719,90.69715881347656,103.8718032836914,762.3967895507812,80.54560852050781,28.06999969482422
2026-09-14,65.98999786376953,105.8499984741211,392.8399963378906,90.617431640625,103.85189056396484,758.9952392578125,80.60536193847656,28.170000076293945
2026-09-15,65.76000213623047,105.4000015258789,394.1499938964844,90.5078125,103.83197784423828,755.513916015625,80.38624572753906,28.219999313354492
2026-09-16,65.72000122070312,105.0199966430664,391.739990234375,90.41812133789062,104.0012435913086,752.1821899414062,80.55555725097656,28.399999618530273
2026-09-17,66.91000366210938,106.04000091552734,398.3599853515625,90.93633270263672,104.70819854736328,760.7109985351562,81.45195007324219,28.3799991607666
2026-09-18,67.02999877929688,104.97000122070312,401.1700134277344,90.48788452148438,104.25016784667969,761.6900024414062,80.92407989501953,28.389999389648438
2026-09-21,68.83000183105469,106.12999725341797,398.3800048828125,90.83667755126953,104.63848876953125,773.5,81.47187805175781,28.479999542236328
2026-09-22,69.0999984741211,106.5,400.07000732421875,90.84664154052734,104.63848876953125,773.3800048828125,81.42207336425781,28.479999542236328
2026-09-23,67.70999908447266,104.80000305175781,392.8800048828125,89.87997436523438,103.44364929199219,767.8099975585938,80.13724517822266,28.649999618530273
2026-09-24,67.25,104.5,391.69000244140625,89.38169860839844,102.70683288574219,767.1799926757812,79.1014175415039,28.690000534057617
2026-09-25,67.9800033569336,105.55999755859375,393.4100036621094,89.69062805175781,102.76657104492188,771.3499755859375,79.00182342529297,28.6200008392334
2026-09-28,67.19999694824219,105.04000091552734,377.9100036621094,89.22224426269531,102.02975463867188,765.6099853515625,78.30463409423828,28.700000762939453
2026-09-29,67.4000015258789,104.54000091552734,382.8900146484375,89.14251708984375,101.97001647949219,764.2000122070312,77.91619873046875,28.75
